,Index,Bond length 1,Bond length 2,Length 3,Bond name,Bond Angle
0,0 3 16,1.619761942546702,1.6303846897690504,3.097164815776668,Si O Si,144.7014524013468
1,0 7 127,1.6301185938865639,1.6385892430974696,2.935773475774809,Si O Si,127.83039569368279
2,0 11 10,1.6045247361191397,1.607525740317708,3.190139701167338,Si O Si,166.6077763657695
3,0 21 53,1.6192453809412082,1.6175447983479396,2.942951827074104,Si O Si,130.79534255806746
4,1 2 9,1.6185801498762606,1.614900456304629,3.0300136204383517,Si O Si,139.13195749777532
5,1 5 18,1.6182631397549736,1.61146045834392,3.1021140378598737,Si O Si,147.68025199838755
6,1 8 20,1.610730570644173,1.6215054064141194,3.2117639257080803,Si O Si,167.09587112698995
7,1 12 13,1.6238222820274901,1.6226335418633921,3.1707911156783446,Si O Si,155.21113064363462
9,9 14 28,1.5990301853566025,1.6006945178804421,3.174887782305711,Si O Si,165.7129824102993
10,9 23 163,1.6028584408454287,1.626178660091305,2.985612502903455,Si O Si,135.21917347722723
11,9 26 77,1.6093133453545276,1.5884342784084373,3.134660248211111,Si O Si,157.19958522970475
12,10 4 28,1.6301102416524935,1.6362821730183703,3.0173846446512465,Si O Si,134.96614982123205
13,10 6 13,1.6129678329727293,1.6107598161333747,2.9846300387299647,Si O Si,135.5882717390326
15,10 55 70,1.6217826344602406,1.6225675641574226,3.135288770617619,Si O Si,150.20361823190328
18,13 17 27,1.592771817559818,1.610149291118983,2.9793806632152213,Si O Si,136.93364568140433
19,13 19 29,1.603655361018171,1.6104706883079898,3.02300198570982,Si O Si,140.283515923399
21,16 15 27,1.5926976151170367,1.6064125928938624,3.1067342292914346,Si O Si,152.39503261688378
22,16 30 35,1.594908519273265,1.5918879602047165,3.150639623133487,Si O Si,162.7218410038825
23,16 33 41,1.6131267912638088,1.6096755151461342,3.1489721229423417,Si O Si,155.42459876093207
25,18 25 29,1.5869945590956127,1.6090200188060872,2.8529414016194647,Si O Si,126.41645055873202
26,18 32 38,1.6304063831449789,1.6285639169045323,3.0050951590771033,Si O Si,134.46995825094834
27,18 54 75,1.5909867741879495,1.5980277133562864,2.8749708069435655,Si O Si,128.71791372769812
29,20 22 121,1.610168951922773,1.624037815328786,3.1521050967636635,Si O Si,154.1246144925724
30,20 24 35,1.6389704436939523,1.6198082812881927,3.009873016274283,Si O Si,134.92150894371792
31,20 59 63,1.6231459304732327,1.6200704010928093,3.182802290354535,Si O Si,157.84737041702863
34,27 118 110,1.5961855720603266,1.6443111916911088,3.1786729386868364,Si O Si,157.57764687677457
35,27 132 185,1.6005432192561875,1.5985694399385348,3.069888305204377,Si O Si,147.31880128486804
38,28 34 38,1.6141571041658982,1.611714617672247,3.140674470536128,Si O Si,153.60525372146412
39,28 46 156,1.6174242407995576,1.6148931692863258,3.1854342392177557,Si O Si,160.45905397480018
42,29 44 38,1.637794439811736,1.6318384194019435,2.9591950764744173,Si O Si,129.66108869509804
43,29 134 125,1.59085659594996,1.6424806983141234,2.9666138440545935,Si O Si,133.12264798811617
46,35 36 37,1.5974202107404134,1.610982970047586,3.0228482525750957,Si O Si,140.8367180249241
47,35 45 154,1.6208326948145493,1.621503650673602,3.1140155608178888,Si O Si,147.65330300765754
49,37 39 38,1.6214615758172315,1.6149094537090452,3.114610834226539,Si O Si,148.46715568778637
50,37 42 41,1.628898016567049,1.638939015346512,3.221292531742038,Si O Si,160.63620319498162
51,37 43 40,1.622865662747705,1.6174195647022236,3.0055619285197355,Si O Si,136.11542085383456
56,40 31 196,1.6250151735132343,1.6242056334078296,2.9722315468058333,Si O Si,132.34109051285563
58,40 47 96,1.6116091720264232,1.6186316086376362,3.1370231406780897,Si O Si,152.40373892809046
59,40 50 156,1.6117697532497024,1.6207418109876963,3.0058305646736385,Si O Si,136.83039316980043
62,41 49 52,1.6244242324044804,1.6232560086833008,3.1674446519973007,Si O Si,154.4751766321603
63,41 51 85,1.6306991172438028,1.626364306482665,3.249153638032074,Si O Si,172.0122366178949
64,52 48 151,1.6079719060170938,1.6043521712098254,3.049476671003367,Si O Si,143.35618772012515
66,52 84 53,1.6215377743354997,1.621747103848639,3.1909044047613646,Si O Si,159.37727596922642
67,52 97 100,1.6322815847886047,1.6269157095687314,3.2029113911206104,Si O Si,158.6725112578489
69,53 58 81,1.610340919271337,1.608750000707658,3.0205795187578848,Si O Si,139.54695135482663
71,53 130 127,1.6374928854970665,1.6466811558661798,3.048736018946055,Si O Si,136.34601250599522
73,63 61 64,1.6150439403787569,1.6182036187745499,2.993323820136464,Si O Si,135.57700329313442
74,63 62 65,1.6414124678334578,1.6337116506271399,3.15616181468035,Si O Si,149.01988157746206
75,63 72 87,1.6410199785041377,1.6425804914619917,3.2588182851810443,Si O Si,165.91243803803064
76,64 56 81,1.5959838812613063,1.5912264097629487,3.120867269851941,Si O Si,156.57839755952398
77,64 60 68,1.6086032529531948,1.6022835883728845,2.9220072368584313,Si O Si,131.01922859993022
79,64 78 163,1.591603262249675,1.6143989744304506,3.1214777739678006,Si O Si,153.62776675864103
81,65 66 185,1.6196470777952612,1.6127337483017365,3.027391635506602,Si O Si,138.97059712122217
82,65 67 70,1.6219279403026112,1.6238207003396983,3.1869900417130483,Si O Si,158.16247885899762
83,65 71 83,1.6255821825703343,1.6218547343407006,3.049890044523737,Si O Si,139.824694799003
85,68 69 70,1.6069761541539018,1.6109008238691955,2.9547829673754573,Si O Si,133.3401747082249
86,68 76 77,1.597579641776407,1.5972881326045496,2.975066767120902,Si O Si,137.24588461576758
87,68 82 215,1.5773659723444795,1.5855747747869082,3.156180386435746,Si O Si,172.50647982728364
91,70 74 80,1.610541110121917,1.6078829509846462,3.0997022948494317,Si O Si,148.7783775306919
93,75 57 83,1.5854671109615652,1.5989787857456932,3.180440025385219,Si O Si,174.2515780935421
94,75 73 77,1.6029382747922778,1.6133013787458534,2.844396622702938,Si O Si,124.35174606882624
95,75 99 86,1.6022452472098065,1.5923040618247564,2.896098683888384,Si O Si,130.07225704885656
99,77 101 96,1.6053650403692683,1.5946995298337647,2.9379437749816497,Si O Si,133.29627070869168
101,80 105 86,1.6307035342481844,1.6107353912081765,3.088573675474123,Si O Si,144.66677171421787
102,80 186 83,1.6135138021406057,1.6226854093264402,2.9278298468877137,Si O Si,129.5689594959542
103,80 199 213,1.6054828478489107,1.6092172383486165,2.9020724610657296,Si O Si,129.0439863205207
106,81 79 87,1.6111632027255,1.6199695398616896,2.997100090544835,Si O Si,136.11793884976677
107,81 177 176,1.6038636754827862,1.5953099776150732,3.0559469173842104,Si O Si,145.5811695286173
110,83 173 170,1.5949542887397965,1.6097549996995908,3.0746012813109043,Si O Si,147.23497765815688
113,85 92 213,1.6164229692593004,1.621776855799016,3.0538912491521106,Si O Si,141.15179783279962
114,85 106 90,1.6140321351709566,1.5966998948457407,3.023493433974839,Si O Si,140.67186513692508
115,85 201 206,1.6304220406487597,1.631802263244932,2.9793382753604867,Si O Si,131.92647446426557
117,86 104 90,1.6051571745531577,1.614743042422612,2.911435562983989,Si O Si,129.4314112586866
119,86 108 190,1.629266718517483,1.633493257250732,3.018010982932067,Si O Si,135.33278900191826
122,87 94 196,1.6668726068791107,1.646313038575786,3.0136361474652524,Si O Si,130.89613505854618
123,87 102 88,1.6061690311640946,1.6028746442569706,3.1375243202146668,Si O Si,155.76172312521507
124,88 95 100,1.63626247762701,1.6360909604223606,2.99921282432364,Si O Si,132.84813934377738
126,88 103 96,1.6235058801975821,1.6161520299654664,3.0006213137157163,Si O Si,135.70459760823536
127,88 107 90,1.5925456446899584,1.5870533458954321,2.8841612449932024,Si O Si,130.2106225218616
128,90 93 190,1.6179700202059797,1.630565566447974,2.9565142999001144,Si O Si,131.03983481280375
133,96 89 212,1.6403311224672308,1.618705854117524,2.873660241932898,Si O Si,123.70735901791902
138,100 98 215,1.6364735918302602,1.645380262019113,3.097466016012628,Si O Si,141.4050529623316
139,100 188 212,1.6391739730860089,1.6192888119822137,3.010868837460709,Si O Si,135.03973096241845
140,110 109 112,1.5729654717571397,1.8235989671672497,3.304265335284666,Si O Si,153.15010668491738
141,110 111 117,1.6485663611522168,1.6118385124800387,3.1771101024809574,Si O Si,154.04041662045142
142,110 113 121,1.6604748343231899,1.6138551393017166,2.9639736479130314,Si O Si,129.69914325270994
145,112 116 115,1.6783927731167623,1.5894971776026385,3.2011269106517615,Si O Si,156.78829090420334
146,112 120 125,1.6469833329144858,1.5591542645192331,3.192637544501073,Si O Si,169.47649852613176
147,112 158 174,1.88438849047927,1.58058670775135,3.159394755885009,Si O Si,131.31345675540317
148,115 114 117,1.6286265629443768,1.616073134336774,3.074416011545077,Si O Si,142.7103642412421
150,115 131 163,1.6126816664612427,1.5989431055614893,2.967207246377198,Si O Si,135.00449390334154
151,115 160 169,1.641548500316426,1.6185917506324659,2.9653277517879397,Si O Si,130.89086217890122
154,117 119 127,1.6580538592777003,1.6277105654167185,3.243849438960194,Si O Si,161.67620127919514
155,117 129 138,1.6251279476199696,1.5966223841229183,3.119813865806164,Si O Si,151.09615397254666
158,121 136 154,1.6180594665819237,1.5987002413954199,3.030738879460222,Si O Si,140.83819267021084
159,121 159 169,1.5751784643662838,1.5746779288243526,3.0908289599540315,Si O Si,157.78073139560604
160,123 122 133,1.6295087324269142,1.6222038526260434,2.9592843866344287,Si O Si,131.02977859269654
161,123 126 127,1.638098523224906,1.6541505563532344,3.2331945623696567,Si O Si,158.26276036396678
162,123 162 167,1.616673103291936,1.6213134502159778,2.9388947694418635,Si O Si,130.35975788962864
163,123 183 215,1.6398734169090907,1.6381140129189824,3.134082839090247,Si O Si,145.9197225700387
165,125 124 133,1.6310191360306452,1.5974775903028062,3.0041934447039256,Si O Si,137.03083194619018
167,125 148 147,1.6228140113473355,1.5936369474794874,3.120415079592176,Si O Si,151.92623219674184
174,133 128 167,1.6399082261021134,1.6335964707236696,3.001957233404577,Si O Si,132.99611263089878
175,133 137 140,1.6246297163253085,1.6255956859490672,3.0813871198695257,Si O Si,142.90250840911185
177,138 135 157,1.5951653872644147,1.5804218658815339,3.103271399851181,Si O Si,155.49781941854997
178,138 141 142,1.6161152122709295,1.6186836766061168,3.045873117314856,Si O Si,140.6425955559606
179,138 145 151,1.6202120732285057,1.6138199961793933,3.1497304288944394,Si O Si,153.77821331733574
181,140 143 142,1.5994053067232825,1.6195655129374482,3.0803690433162587,Si O Si,146.25005731181415
182,140 149 213,1.600042539968093,1.601248414739196,2.9750230897616543,Si O Si,136.65806134021628
183,140 152 205,1.6114491270548807,1.6115049189418928,2.958375786933411,Si O Si,133.2443172187005
184,142 139 154,1.6256921144391536,1.6237444000820744,3.190283685470097,Si O Si,158.10159556873538
187,142 146 147,1.6111042854094142,1.620742709419741,3.0539762786952105,Si O Si,141.80480585389984
188,147 144 156,1.6255992696974058,1.6138981051172017,3.0027413722100436,Si O Si,135.9177791017259
191,147 150 209,1.620498178634236,1.6126537796876437,3.1060768883914447,Si O Si,147.76565332303394
194,151 153 205,1.622780423463105,1.6073513770830181,3.035429629818683,Si O Si,140.00975411187616
195,151 155 156,1.587879016148726,1.601047360276213,3.154287729452241,Si O Si,163.09467714115394
199,154 189 190,1.6438860810237432,1.6301117317383966,3.1084529166008585,Si O Si,143.40367544301213
205,157 182 176,1.6055050217553213,1.6099386453068096,2.7577533886430716,Si O Si,118.1093643997218
206,157 203 206,1.6028550660480954,1.60373362757698,3.072135282134251,Si O Si,146.69869600993843
207,157 207 205,1.6108194328876244,1.600087634106681,2.8972756223311693,Si O Si,128.92995195784255
211,163 175 174,1.5958810740981937,1.6311530286805296,3.0899884460771108,Si O Si,146.48229511856925
212,166 164 167,1.6048954774666142,1.60874757635863,2.8854629378253986,Si O Si,127.76129966188657
213,166 165 176,1.6006103949756063,1.6065955703618728,2.9080563845861964,Si O Si,130.1133696686299
214,166 171 170,1.592169947282828,1.600688115659,3.030854866520791,Si O Si,143.3397982242216
215,166 179 185,1.5983481081777553,1.610803300124217,3.0592590292782105,Si O Si,144.8382281377752
219,167 178 187,1.6133467342130428,1.6278038092299973,3.0611984898508724,Si O Si,141.63536572045896
222,169 172 170,1.5950005250085408,1.5858844311023874,2.9609431278429033,Si O Si,137.13683772463037
223,169 181 200,1.6086134758827202,1.6010393756015455,3.159841776390308,Si O Si,159.78535886962254
224,170 168 174,1.5862308567332781,1.6301100395426698,2.9809579913996576,Si O Si,135.88345856498327
231,174 180 187,1.6634091825282915,1.6074791007497047,3.115948078007315,Si O Si,144.58299116176164
235,176 184 200,1.6006376665764175,1.593689685316099,3.1769140169852124,Si O Si,168.02935887549958
238,185 161 206,1.6048686697184245,1.6024413322051867,2.995888164401304,Si O Si,138.16042603100257
242,187 192 215,1.6246586903932845,1.6169878420103256,3.199396686600301,Si O Si,161.4787021753004
243,187 214 202,1.5998144698391097,1.584312530248264,3.0334439400390654,Si O Si,144.60534305306177
247,190 195 198,1.6019554656741606,1.6027410772618147,3.0542523051602033,Si O Si,144.74864860620593
249,196 91 212,1.6028691290099746,1.6132264494305995,3.0215996394234894,Si O Si,139.94339469693915
251,196 197 209,1.6464199646346562,1.6550289507025595,3.011272488990454,Si O Si,131.59597416717497
252,198 193 202,1.5990215567914214,1.5928511255715236,3.1616761190386757,Si O Si,164.22507138653717
253,198 194 209,1.612841448701268,1.609877350068207,3.038057344599373,Si O Si,141.02010865629688
255,198 211 200,1.6088284923121958,1.6164526333643578,2.8692425728389286,Si O Si,125.64841458456688
258,200 210 206,1.6458041819516442,1.6409288934131754,3.0663539496348866,Si O Si,137.79847047416538
260,202 191 205,1.629552363251521,1.6029412931511642,2.9858099635621342,Si O Si,134.94054935791803
262,202 204 213,1.604934029043208,1.6045623794039172,3.187097275936225,Si O Si,166.45379373610496
275,209 208 212,1.6260380307348088,1.5976644965105442,2.9123819852353585,Si O Si,129.22257150701992
288,7 0 3,1.6301185938865639,1.619761942546702,2.760150536063427,O Si O,116.27267142774748
289,11 0 3,1.6045247361191397,1.619761942546702,2.6852110996119603,O Si O,112.77566302263412
290,21 0 3,1.6192453809412082,1.619761942546702,2.56235131380582,O Si O,104.57526998535748
292,11 0 7,1.6045247361191397,1.6301185938865639,2.5622007702266782,O Si O,104.7639352687009
293,21 0 7,1.6192453809412082,1.6301185938865639,2.630244967892041,O Si O,108.08683472808384
296,21 0 11,1.6192453809412082,1.6045247361191397,2.6458794977937417,O Si O,110.31719714276318
300,5 1 2,1.6182631397549736,1.6185801498762606,2.627296084152902,O Si O,108.52171262273463
301,8 1 2,1.610730570644173,1.6185801498762606,2.5939996714130165,O Si O,106.88624521472883
302,12 1 2,1.6238222820274901,1.6185801498762606,2.6812484339031624,O Si O,111.56974668486956
304,8 1 5,1.610730570644173,1.6182631397549736,2.692911211734062,O Si O,113.01902998723477
305,12 1 5,1.6238222820274901,1.6182631397549736,2.5827012686551636,O Si O,105.61643164476214
308,12 1 8,1.6238222820274901,1.610730570644173,2.6700971430512555,O Si O,111.27614424681293
312,14 9 2,1.5990301853566025,1.614900456304629,2.5561455749165716,O Si O,105.37240248187624
313,23 9 2,1.6028584408454287,1.614900456304629,2.6810355897606195,O Si O,112.85714006440786
314,26 9 2,1.6093133453545276,1.614900456304629,2.658419687514723,O Si O,111.07902549550248
316,23 9 14,1.6028584408454287,1.5990301853566025,2.646878019152618,O Si O,111.5145524116333
317,26 9 14,1.6093133453545276,1.5990301853566025,2.6274045689479277,O Si O,109.95497750707891
320,26 9 23,1.6093133453545276,1.6028584408454287,2.567582835252166,O Si O,106.1320205171961
324,6 10 4,1.6129678329727293,1.6301102416524935,2.5889819292777605,O Si O,105.93685009187651
325,11 10 4,1.607525740317708,1.6301102416524935,2.7030483973516697,O Si O,113.20555081682862
326,55 10 4,1.6217826344602406,1.6301102416524935,2.6972758157758157,O Si O,112.08388456055354
328,11 10 6,1.607525740317708,1.6129678329727293,2.5634909338545575,O Si O,105.49820613787364
329,55 10 6,1.6217826344602406,1.6129678329727293,2.688374993420182,O Si O,112.42185336944014
332,55 10 11,1.6217826344602406,1.607525740317708,2.6056322246017563,O Si O,107.58167210233928
336,12 13 6,1.6226335418633921,1.6107598161333747,2.6414181916071193,O Si O,109.55441970642916
337,17 13 6,1.592771817559818,1.6107598161333747,2.609585106635175,O Si O,109.093648259107
338,19 13 6,1.603655361018171,1.6107598161333747,2.5943258156510343,O Si O,107.62517109023295
340,17 13 12,1.592771817559818,1.6226335418633921,2.6211659174142015,O Si O,109.20877136249446
341,19 13 12,1.603655361018171,1.6226335418633921,2.703520113484036,O Si O,113.85059659804337
344,19 13 17,1.603655361018171,1.592771817559818,2.5760765569420787,O Si O,107.39863347878963
348,15 16 3,1.5926976151170367,1.6303846897690504,2.6764341792609603,O Si O,112.27358950486783
349,30 16 3,1.594908519273265,1.6303846897690504,2.6482795685848655,O Si O,110.38476015925163
350,33 16 3,1.6131267912638088,1.6303846897690504,2.679973492666924,O Si O,111.43113721726324
352,30 16 15,1.594908519273265,1.5926976151170367,2.504181317019031,O Si O,103.55226852809957
353,33 16 15,1.6131267912638088,1.5926976151170367,2.6196935319447863,O Si O,109.60272894822182
356,33 16 30,1.6131267912638088,1.594908519273265,2.6164545739400835,O Si O,109.29097812074433
360,25 18 5,1.5869945590956127,1.61146045834392,2.6494002842052953,O Si O,111.85440758096206
361,32 18 5,1.6304063831449789,1.61146045834392,2.674973910228292,O Si O,111.20277830580476
362,54 18 5,1.5909867741879495,1.61146045834392,2.6140556474995247,O Si O,109.42423546237801
364,32 18 25,1.6304063831449789,1.5869945590956127,2.571540256471833,O Si O,106.11116891335901
365,54 18 25,1.5909867741879495,1.5869945590956127,2.530358776286625,O Si O,105.54040555125083
368,54 18 32,1.5909867741879495,1.6304063831449789,2.679552620530693,O Si O,112.56230844372372
372,22 20 8,1.610168951922773,1.6215054064141194,2.5894901895920257,O Si O,106.50532833235184
373,24 20 8,1.6389704436939523,1.6215054064141194,2.7523869865016013,O Si O,115.16460570091499
374,59 20 8,1.6231459304732327,1.6215054064141194,2.6438671260357522,O Si O,109.14280024517653
376,24 20 22,1.6389704436939523,1.610168951922773,2.5768036940872783,O Si O,104.94372735838031
377,59 20 22,1.6231459304732327,1.610168951922773,2.7065915372816742,O Si O,113.66862145311156
380,59 20 24,1.6231459304732327,1.6389704436939523,2.6313611315209053,O Si O,107.53733736642957
384,17 27 15,1.610149291118983,1.6064125928938624,2.538700610482775,O Si O,104.23258656417356
385,118 27 15,1.5961855720603266,1.6064125928938624,2.721432625096626,O Si O,116.37029991367237
386,132 27 15,1.6005432192561875,1.6064125928938624,2.5660410549329935,O Si O,106.28843719745177
388,118 27 17,1.5961855720603266,1.610149291118983,2.654605521490587,O Si O,111.77165364010158
389,132 27 17,1.6005432192561875,1.610149291118983,2.571584976591895,O Si O,106.44030604653801
392,132 27 118,1.6005432192561875,1.5961855720603266,2.635040869863117,O Si O,111.03366355765527
396,14 28 4,1.6006945178804421,1.6362821730183703,2.6532226456051076,O Si O,110.09684935287338
397,34 28 4,1.6141571041658982,1.6362821730183703,2.6043550277475807,O Si O,106.49378486167109
398,46 28 4,1.6174242407995576,1.6362821730183703,2.726887226051112,O Si O,113.87594850286256
400,34 28 14,1.6141571041658982,1.6006945178804421,2.617985768893484,O Si O,109.04380831993244
401,46 28 14,1.6174242407995576,1.6006945178804421,2.578054945688908,O Si O,106.47058019537904
404,46 28 34,1.6174242407995576,1.6141571041658982,2.6603460702206996,O Si O,110.81956635832911
408,25 29 19,1.6090200188060872,1.6104706883079898,2.5944523993665296,O Si O,107.3863919763101
409,44 29 19,1.637794439811736,1.6104706883079898,2.6334282101644777,O Si O,108.32942743570551
410,134 29 19,1.59085659594996,1.6104706883079898,2.647471945491949,O Si O,111.5804754195192
412,44 29 25,1.637794439811736,1.6090200188060872,2.622464231404252,O Si O,107.74108489660334
413,134 29 25,1.59085659594996,1.6090200188060872,2.5159497226405176,O Si O,103.67413020822522
416,134 29 44,1.59085659594996,1.637794439811736,2.761047011274162,O Si O,117.54980322500775
420,30 35 24,1.5918879602047165,1.6198082812881927,2.5182821029672957,O Si O,103.27109102372033
421,36 35 24,1.5974202107404134,1.6198082812881927,2.6826253608758748,O Si O,112.98681486632296
422,45 35 24,1.6208326948145493,1.6198082812881927,2.7567038920265414,O Si O,116.56841248498584
424,36 35 30,1.5974202107404134,1.5918879602047165,2.5835644236491886,O Si O,108.20551275928088
425,45 35 30,1.6208326948145493,1.5918879602047165,2.6759156003593,O Si O,112.79512613292262
428,45 35 36,1.6208326948145493,1.5974202107404134,2.5191686143162846,O Si O,103.0283464293232
432,39 37 36,1.6214615758172315,1.610982970047586,2.6810524318896705,O Si O,112.07789311476141
433,42 37 36,1.628898016567049,1.610982970047586,2.6990566126722295,O Si O,112.83021959579293
434,43 37 36,1.622865662747705,1.610982970047586,2.44296191885664,O Si O,98.12608800413601
436,42 37 39,1.628898016567049,1.6214615758172315,2.6354843275849555,O Si O,108.35370615735422
437,43 37 39,1.622865662747705,1.6214615758172315,2.654587131319234,O Si O,109.81484172397353
440,43 37 42,1.622865662747705,1.628898016567049,2.7489772446527145,O Si O,115.42530412576069
444,34 38 32,1.611714617672247,1.6285639169045323,2.60356277637669,O Si O,106.93007046361696
445,39 38 32,1.6149094537090452,1.6285639169045323,2.737221947796174,O Si O,115.11150297672715
446,44 38 32,1.6318384194019435,1.6285639169045323,2.5836117904332454,O Si O,104.82465852277184
448,39 38 34,1.6149094537090452,1.611714617672247,2.563359871785553,O Si O,105.20478313401493
449,44 38 34,1.6318384194019435,1.611714617672247,2.742375171003305,O Si O,115.44646304722099
452,44 38 39,1.6318384194019435,1.6149094537090452,2.6534885515415945,O Si O,109.624933654987
456,43 40 31,1.6174195647022236,1.6250151735132343,2.731769193480517,O Si O,114.81110046130873
457,47 40 31,1.6116091720264232,1.6250151735132343,2.5569697028320464,O Si O,104.3723661679319
458,50 40 31,1.6117697532497024,1.6250151735132343,2.686603656371341,O Si O,112.20141209192364
460,47 40 43,1.6116091720264232,1.6174195647022236,2.7194584308399112,O Si O,114.74427200935618
461,50 40 43,1.6117697532497024,1.6174195647022236,2.501663851318059,O Si O,101.55615071216441
464,50 40 47,1.6117697532497024,1.6116091720264232,2.6292043604857223,O Si O,109.30676687883685
468,42 41 33,1.638939015346512,1.6096755151461342,2.6311994103857512,O Si O,108.17776827556953
469,49 41 33,1.6244242324044804,1.6096755151461342,2.6420221035356053,O Si O,109.55577343027315
470,51 41 33,1.6306991172438028,1.6096755151461342,2.6069964838405926,O Si O,107.12906268482728
472,49 41 42,1.6244242324044804,1.638939015346512,2.649627060820487,O Si O,108.56931511826461
473,51 41 42,1.6306991172438028,1.638939015346512,2.7302424132127774,O Si O,113.23746048176191
476,51 41 49,1.6306991172438028,1.6244242324044804,2.6681694670824387,O Si O,110.10600999656418
480,49 52 48,1.6232560086833008,1.6079719060170938,2.62004641338044,O Si O,108.35751743951775
481,84 52 48,1.6215377743354997,1.6079719060170938,2.6002336429714097,O Si O,107.24838001746313
482,97 52 48,1.6322815847886047,1.6079719060170938,2.5915793590652894,O Si O,106.22104589717146
484,84 52 49,1.6215377743354997,1.6232560086833008,2.650717436012774,O Si O,109.55409838060768
485,97 52 49,1.6322815847886047,1.6232560086833008,2.6969687995789093,O Si O,111.87427803573141
488,97 52 84,1.6322815847886047,1.6215377743354997,2.7182567237965127,O Si O,113.31564004125694
492,58 53 21,1.610340919271337,1.6175447983479396,2.627085347424894,O Si O,108.951728351018
493,84 53 21,1.621747103848639,1.6175447983479396,2.6600018686455753,O Si O,110.40364502531058
494,130 53 21,1.6374928854970665,1.6175447983479396,2.5827873690795142,O Si O,105.02104176935616
496,84 53 58,1.621747103848639,1.610340919271337,2.5730440273818975,O Si O,105.51676714984859
497,130 53 58,1.6374928854970665,1.610340919271337,2.6688589489760717,O Si O,110.51494337206013
500,130 53 84,1.6374928854970665,1.621747103848639,2.769092469977635,O Si O,116.3383609570906
504,61 63 59,1.6150439403787569,1.6200704010928093,2.6394585144815568,O Si O,109.34843412151406
505,62 63 59,1.6414124678334578,1.6200704010928093,2.648087941487583,O Si O,108.56762090550318
506,72 63 59,1.6410199785041377,1.6200704010928093,2.702817719823288,O Si O,111.95136846395097
508,62 63 61,1.6414124678334578,1.6150439403787569,2.604284780811442,O Si O,106.2057690256018
509,72 63 61,1.6410199785041377,1.6150439403787569,2.5934254444317855,O Si O,105.5898461937341
512,72 63 62,1.6410199785041377,1.6414124678334578,2.766596549384076,O Si O,114.88450854971592
516,60 64 56,1.6086032529531948,1.5959838812613063,2.5100963252203603,O Si O,103.12347148214054
517,61 64 56,1.6182036187745499,1.5959838812613063,2.68860571351408,O Si O,113.53886995189684
518,78 64 56,1.591603262249675,1.5959838812613063,2.6433828644108974,O Si O,112.04837394214523
520,61 64 60,1.6182036187745499,1.6086032529531948,2.6478555563339112,O Si O,110.28558661574252
521,78 64 60,1.591603262249675,1.6086032529531948,2.650535211678052,O Si O,111.83539247705946
524,78 64 61,1.591603262249675,1.6182036187745499,2.565903683999352,O Si O,106.1417848474563
528,66 65 62,1.6196470777952612,1.6337116506271399,2.682865736685416,O Si O,111.10428108843827
529,67 65 62,1.6219279403026112,1.6337116506271399,2.7127374810250333,O Si O,112.86606793598926
530,71 65 62,1.6255821825703343,1.6337116506271399,2.679197055091374,O Si O,110.57431546077977
532,67 65 66,1.6219279403026112,1.6196470777952612,2.5888794146550937,O Si O,106.00247491614606
533,71 65 66,1.6255821825703343,1.6196470777952612,2.602906788383796,O Si O,106.65665746434856
536,71 65 67,1.6255821825703343,1.6219279403026112,2.6497096754424905,O Si O,109.3568852591301
540,69 68 60,1.6069761541539018,1.6022835883728845,2.5638497338424657,O Si O,106.04862920114756
541,76 68 60,1.597579641776407,1.6022835883728845,2.5848155757282485,O Si O,107.76092564698207
542,82 68 60,1.5773659723444795,1.6022835883728845,2.633479798923051,O Si O,111.83221829226754
544,76 68 69,1.597579641776407,1.6069761541539018,2.694685515620569,O Si O,114.46856069920227
545,82 68 69,1.5773659723444795,1.6069761541539018,2.600641057208424,O Si O,109.50740843234846
548,82 68 76,1.5773659723444795,1.597579641776407,2.5570621528375925,O Si O,107.29371959871541
552,67 70 55,1.6238207003396983,1.6225675641574226,2.679686255515,O Si O,111.26546609706051
553,69 70 55,1.6109008238691955,1.6225675641574226,2.6771708865704347,O Si O,111.77825657206039
554,74 70 55,1.610541110121917,1.6225675641574226,2.6187241985692773,O Si O,108.18561815891354
556,69 70 67,1.6109008238691955,1.6238207003396983,2.6008331231717863,O Si O,107.03387580012645
557,74 70 67,1.610541110121917,1.6238207003396983,2.7329471960024097,O Si O,115.33739510299154
560,74 70 69,1.610541110121917,1.6109008238691955,2.5211227825798224,O Si O,102.99977362034824
564,57 75 54,1.5854671109615652,1.5980277133562864,2.644756524542683,O Si O,112.35552940274265
565,73 75 54,1.6029382747922778,1.5980277133562864,2.5840253658376064,O Si O,107.65889080743887
566,99 75 54,1.6022452472098065,1.5980277133562864,2.5465156122388235,O Si O,105.44622277980982
568,73 75 57,1.6029382747922778,1.5854671109615652,2.6158036556099056,O Si O,110.25076679660978
569,99 75 57,1.6022452472098065,1.5854671109615652,2.646293348903679,O Si O,112.22813184523882
572,99 75 73,1.6022452472098065,1.6029382747922778,2.6038934813151795,O Si O,108.66231464606898
576,73 77 26,1.6133013787458534,1.5884342784084373,2.614240406120551,O Si O,109.47089611644013
577,76 77 26,1.5972881326045496,1.5884342784084373,2.688905481861015,O Si O,115.14007007405979
578,101 77 26,1.6053650403692683,1.5884342784084373,2.571710648468427,O Si O,107.26180222287502
580,76 77 73,1.5972881326045496,1.6133013787458534,2.555560705324473,O Si O,105.49449518851755
581,101 77 73,1.6053650403692683,1.6133013787458534,2.6273326090464657,O Si O,109.42797326687223
584,101 77 76,1.6053650403692683,1.5972881326045496,2.623009537837989,O Si O,109.97165602194643
588,105 80 74,1.6307035342481844,1.6078829509846462,2.7793420951261987,O Si O,118.22756570721108
589,186 80 74,1.6135138021406057,1.6078829509846462,2.5606074611615375,O Si O,105.28675113161397
590,199 80 74,1.6054828478489107,1.6078829509846462,2.557116696050402,O Si O,105.4570422198765
592,186 80 105,1.6135138021406057,1.6307035342481844,2.6197572930142012,O Si O,107.70670427350599
593,199 80 105,1.6054828478489107,1.6307035342481844,2.554541118683579,O Si O,104.25022272840091
596,199 80 186,1.6054828478489107,1.6135138021406057,2.7367155222153032,O Si O,116.46153717594032
600,58 81 56,1.608750000707658,1.5912264097629487,2.668947823951626,O Si O,113.03344401931787
601,79 81 56,1.6111632027255,1.5912264097629487,2.5255155868490777,O Si O,104.11447853610211
602,177 81 56,1.6038636754827862,1.5912264097629487,2.6111516873979235,O Si O,109.61804345278354
604,79 81 58,1.6111632027255,1.608750000707658,2.629705258502908,O Si O,109.51171455380359
605,177 81 58,1.6038636754827862,1.608750000707658,2.5598695068080506,O Si O,105.6545828070804
608,177 81 79,1.6038636754827862,1.6111632027255,2.7134078149406373,O Si O,115.12474083437321
612,71 83 57,1.6218547343407006,1.5989787857456932,2.5387705146557695,O Si O,104.03930686996424
613,173 83 57,1.5949542887397965,1.5989787857456932,2.6263817415463464,O Si O,110.63200329354703
614,186 83 57,1.6226854093264402,1.5989787857456932,2.6192388594874196,O Si O,108.7795257820264
616,173 83 71,1.5949542887397965,1.6218547343407006,2.747671398689678,O Si O,117.33180159644402
617,186 83 71,1.6226854093264402,1.6218547343407006,2.6837605088281857,O Si O,111.61661165060106
620,186 83 173,1.6226854093264402,1.5949542887397965,2.541498732675419,O Si O,104.34235953787987
624,92 85 51,1.6164229692593004,1.626364306482665,2.5992072243155118,O Si O,106.55345220151162
625,106 85 51,1.6140321351709566,1.626364306482665,2.6598680295629302,O Si O,110.33866286334815
626,201 85 51,1.6304220406487597,1.626364306482665,2.8380679549760557,O Si O,121.25091006770141
628,106 85 92,1.6140321351709566,1.6164229692593004,2.7080885802086105,O Si O,113.92192740581572
629,201 85 92,1.6304220406487597,1.6164229692593004,2.605498044211725,O Si O,106.73258887658415
632,201 85 106,1.6304220406487597,1.6140321351709566,2.4520013347274547,O Si O,98.18090027750762
636,104 86 99,1.6051571745531577,1.5923040618247564,2.5744535419692296,O Si O,107.24987150114634
637,105 86 99,1.6107353912081765,1.5923040618247564,2.5302996999081353,O Si O,104.36362976359881
638,108 86 99,1.629266718517483,1.5923040618247564,2.6736755431202037,O Si O,112.1778536176208
640,105 86 104,1.6107353912081765,1.6051571745531577,2.6564445046304033,O Si O,111.38730911524243
641,108 86 104,1.629266718517483,1.6051571745531577,2.6018025969243235,O Si O,107.10425767616861
644,108 86 105,1.629266718517483,1.6107353912081765,2.723453594604872,O Si O,114.3998383977704
648,79 87 72,1.6199695398616896,1.6425804914619917,2.6865348930321136,O Si O,110.86068172235
649,94 87 72,1.6668726068791107,1.6425804914619917,2.81663980040234,O Si O,116.65876652889719
650,102 87 72,1.6061690311640946,1.6425804914619917,2.594663472826793,O Si O,106.0002466230569
652,94 87 79,1.6668726068791107,1.6199695398616896,2.6432940863222383,O Si O,107.05842363823382
653,102 87 79,1.6061690311640946,1.6199695398616896,2.5640755744961434,O Si O,105.2684635108705
656,102 87 94,1.6061690311640946,1.6668726068791107,2.68864638331915,O Si O,110.4471200645644
660,102 88 95,1.6028746442569706,1.63626247762701,2.6905068098650404,O Si O,112.32181427415482
661,103 88 95,1.6235058801975821,1.63626247762701,2.649601237552596,O Si O,108.74389961527744
662,107 88 95,1.5925456446899584,1.63626247762701,2.6739261653357858,O Si O,111.8105047778118
664,103 88 102,1.6235058801975821,1.6028746442569706,2.715153953173926,O Si O,114.60638274724843
665,107 88 102,1.5925456446899584,1.6028746442569706,2.4927439969163405,O Si O,102.5387911038704
668,107 88 103,1.5925456446899584,1.6235058801975821,2.57845410571693,O Si O,106.59021793131218
672,104 90 93,1.614743042422612,1.6179700202059797,2.6309549533455603,O Si O,108.9482777275733
673,106 90 93,1.5966998948457407,1.6179700202059797,2.7266091004349082,O Si O,116.02631449960238
674,107 90 93,1.5870533458954321,1.6179700202059797,2.622252821277376,O Si O,109.80022386208243
676,106 90 104,1.5966998948457407,1.614743042422612,2.5805271703642982,O Si O,106.93789800242351
677,107 90 104,1.5870533458954321,1.614743042422612,2.600221977095447,O Si O,108.60280123686832
680,107 90 106,1.5870533458954321,1.5966998948457407,2.547305231888167,O Si O,106.27796687690966
684,89 96 47,1.6403311224672308,1.6186316086376362,2.810785161515969,O Si O,119.19053700511041
685,101 96 47,1.5946995298337647,1.6186316086376362,2.5454834292881707,O Si O,104.77385110248204
686,103 96 47,1.6161520299654664,1.6186316086376362,2.625887577723121,O Si O,108.53765804455647
688,101 96 89,1.5946995298337647,1.6403311224672308,2.551596292947666,O Si O,104.12684676992943
689,103 96 89,1.6161520299654664,1.6403311224672308,2.625998186655898,O Si O,107.48726504066335
692,103 96 101,1.6161520299654664,1.5946995298337647,2.674270387543078,O Si O,112.79081481588165
696,97 100 95,1.6269157095687314,1.6360909604223606,2.5764220823425767,O Si O,104.29319490564792
697,98 100 95,1.6364735918302602,1.6360909604223606,2.8197339074866528,O Si O,118.99978289454643
698,188 100 95,1.6391739730860089,1.6360909604223606,2.5412716722828184,O Si O,101.77300651113917
700,98 100 97,1.6364735918302602,1.6269157095687314,2.680616218052393,O Si O,110.4542318281793
701,188 100 97,1.6391739730860089,1.6269157095687314,2.7864829822205213,O Si O,117.11265900135267
704,188 100 98,1.6391739730860089,1.6364735918302602,2.5910256477318714,O Si O,104.55743094459956
708,111 110 109,1.6485663611522168,1.5729654717571397,2.656844101807776,O Si O,111.0974704238066
709,113 110 109,1.6604748343231899,1.5729654717571397,2.6411076772700817,O Si O,109.50387183214929
710,118 110 109,1.6443111916911088,1.5729654717571397,2.7340856066729406,O Si O,116.36532914780906
712,113 110 111,1.6604748343231899,1.6485663611522168,2.737895189495496,O Si O,111.6643058070199
713,118 110 111,1.6443111916911088,1.6485663611522168,2.6398414316865506,O Si O,106.58201953569329
716,118 110 113,1.6443111916911088,1.6604748343231899,2.5549214749221987,O Si O,101.26458158036486
720,116 112 109,1.6783927731167623,1.8235989671672497,2.521748036652135,O Si O,92.0286852918431
721,120 112 109,1.6469833329144858,1.8235989671672497,2.4725018770093916,O Si O,90.71728725557305
722,158 112 109,1.88438849047927,1.8235989671672497,3.704002008552188,O Si O,174.68584215219124
724,120 112 116,1.6469833329144858,1.6783927731167623,2.7605372046293715,O Si O,112.22339689002976
725,158 112 116,1.88438849047927,1.6783927731167623,2.5528761896425576,O Si O,91.35206165685454
728,158 112 120,1.88438849047927,1.6469833329144858,2.5413090010776926,O Si O,91.79821972695066
732,116 115 114,1.5894971776026385,1.6286265629443768,2.6241647789619846,O Si O,109.25441271361386
733,131 115 114,1.6126816664612427,1.6286265629443768,2.6136553412547157,O Si O,107.48223250543957
734,160 115 114,1.641548500316426,1.6286265629443768,2.7320649826867203,O Si O,113.32468339797626
736,131 115 116,1.6126816664612427,1.5894971776026385,2.6095040173429513,O Si O,109.15580752352379
737,160 115 116,1.641548500316426,1.5894971776026385,2.7054587523379086,O Si O,113.7092393456956
740,160 115 131,1.641548500316426,1.6126816664612427,2.556281400425438,O Si O,103.53509690506522
744,114 117 111,1.616073134336774,1.6118385124800387,2.6412655864248995,O Si O,109.82157836366733
745,119 117 111,1.6580538592777003,1.6118385124800387,2.7030875778743533,O Si O,111.50641006095158
746,129 117 111,1.6251279476199696,1.6118385124800387,2.6465159391497726,O Si O,109.68813067210486
748,119 117 114,1.6580538592777003,1.616073134336774,2.731751487834335,O Si O,113.08916898682436
749,129 117 114,1.6251279476199696,1.616073134336774,2.5422036066032594,O Si O,103.31899842966229
752,129 117 119,1.6251279476199696,1.6580538592777003,2.6742810568246824,O Si O,109.07959121177478
756,113 121 22,1.6138551393017166,1.624037815328786,2.702667377128006,O Si O,113.16873193803312
757,136 121 22,1.6180594665819237,1.624037815328786,2.648211710239583,O Si O,109.53541098905546
758,159 121 22,1.5751784643662838,1.624037815328786,2.6467685753136303,O Si O,111.63930251182853
760,136 121 113,1.6180594665819237,1.6138551393017166,2.7018825311453702,O Si O,113.44027856981499
761,159 121 113,1.5751784643662838,1.6138551393017166,2.571929054294245,O Si O,107.50294343755878
764,159 121 136,1.5751784643662838,1.6180594665819237,2.4623626419395914,O Si O,100.90021489986562
768,126 123 122,1.638098523224906,1.6295087324269142,2.7410765854733308,O Si O,114.04035502114388
769,162 123 122,1.616673103291936,1.6295087324269142,2.6261944620808815,O Si O,107.99803932224278
770,183 123 122,1.6398734169090907,1.6295087324269142,2.542818203854504,O Si O,102.1127238474461
772,162 123 126,1.616673103291936,1.638098523224906,2.5637455535987734,O Si O,103.93806204701325
773,183 123 126,1.6398734169090907,1.638098523224906,2.8526691107151465,O Si O,120.97639435613243
776,183 123 162,1.6398734169090907,1.616673103291936,2.6208860826792377,O Si O,107.1807786804121
780,124 125 120,1.6310191360306452,1.5591542645192331,2.5661428249842695,O Si O,107.08124080218289
781,134 125 120,1.6424806983141234,1.5591542645192331,2.7368501349110037,O Si O,117.45810544664158
782,148 125 120,1.6228140113473355,1.5591542645192331,2.5841815717033447,O Si O,108.59324188298842
784,134 125 124,1.6424806983141234,1.6310191360306452,2.5419820426905018,O Si O,101.88796184575786
785,148 125 124,1.6228140113473355,1.6310191360306452,2.769935879682613,O Si O,116.70296110950407
788,148 125 134,1.6228140113473355,1.6424806983141234,2.5982901952425377,O Si O,105.44677871378418
792,119 127 7,1.6277105654167185,1.6385892430974696,2.6824894334460443,O Si O,110.4223020217038
793,126 127 7,1.6541505563532344,1.6385892430974696,2.6774633553460414,O Si O,108.80710240719263
794,130 127 7,1.6466811558661798,1.6385892430974696,2.5437738709177373,O Si O,101.48233205142066
796,126 127 119,1.6541505563532344,1.6277105654167185,2.7209716998254705,O Si O,112.00907710282243
797,130 127 119,1.6466811558661798,1.6277105654167185,2.7423538349207277,O Si O,113.75611631696526
800,130 127 126,1.6466811558661798,1.6541505563532344,2.7004708654361793,O Si O,109.79353510901223
804,124 133 122,1.5974775903028062,1.6222038526260434,2.5712948713851955,O Si O,105.99407887565017
805,128 133 122,1.6399082261021134,1.6222038526260434,2.579485948753523,O Si O,104.50833009302455
806,137 133 122,1.6246297163253085,1.6222038526260434,2.760477712965419,O Si O,116.46816672610375
808,128 133 124,1.6399082261021134,1.5974775903028062,2.7751994306075036,O Si O,118.00908254116835
809,137 133 124,1.6246297163253085,1.5974775903028062,2.5666329980096143,O Si O,105.60444918713749
812,137 133 128,1.6246297163253085,1.6399082261021134,2.621000162557999,O Si O,106.80919815792409
816,135 138 129,1.5951653872644147,1.5966223841229183,2.5846606103286165,O Si O,108.14977615957555
817,141 138 129,1.6161152122709295,1.5966223841229183,2.665783792113502,O Si O,112.14565622791623
818,145 138 129,1.6202120732285057,1.5966223841229183,2.6612921774927107,O Si O,111.64297379568664
820,141 138 135,1.6161152122709295,1.5951653872644147,2.5693905487176543,O Si O,106.28015061997827
821,145 138 135,1.6202120732285057,1.5951653872644147,2.5821776413117266,O Si O,106.84623507476797
824,145 138 141,1.6202120732285057,1.6161152122709295,2.6739790278862934,O Si O,111.42850494651536
828,143 140 137,1.5994053067232825,1.6255956859490672,2.7158546147872746,O Si O,114.7280218427798
829,149 140 137,1.600042539968093,1.6255956859490672,2.664168217698194,O Si O,111.36439179151544
830,152 140 137,1.6114491270548807,1.6255956859490672,2.5822450709782045,O Si O,105.82442043897883
832,149 140 143,1.600042539968093,1.5994053067232825,2.599489454781746,O Si O,108.67801877596658
833,152 140 143,1.6114491270548807,1.5994053067232825,2.5954958208160126,O Si O,107.8695798823453
836,152 140 149,1.6114491270548807,1.600042539968093,2.5998463533653586,O Si O,108.1024361854724
840,141 142 139,1.6186836766061168,1.6256921144391536,2.685402909467011,O Si O,111.72828449790575
841,143 142 139,1.6195655129374482,1.6256921144391536,2.6238254415788984,O Si O,107.90120081087294
842,146 142 139,1.6111042854094142,1.6256921144391536,2.7342886342054813,O Si O,115.28990591187433
844,143 142 141,1.6195655129374482,1.6186836766061168,2.7039094849024834,O Si O,113.22983507550094
845,146 142 141,1.6111042854094142,1.6186836766061168,2.531802486813417,O Si O,103.23624485156853
848,146 142 143,1.6111042854094142,1.6195655129374482,2.569811659358883,O Si O,105.39381882109295
852,146 147 144,1.620742709419741,1.6255992696974058,2.7511261938816647,O Si O,115.87161172802047
853,148 147 144,1.5936369474794874,1.6255992696974058,2.4932696184149674,O Si O,101.51320969536077
854,150 147 144,1.620498178634236,1.6255992696974058,2.698838847021677,O Si O,112.48767229530637
856,148 147 146,1.5936369474794874,1.620742709419741,2.628808153826302,O Si O,109.73294915860954
857,150 147 146,1.620498178634236,1.620742709419741,2.4684591405015053,O Si O,99.20709353491245
860,150 147 148,1.620498178634236,1.5936369474794874,2.7664678811453336,O Si O,118.7924992352841
864,145 151 48,1.6138199961793933,1.6043521712098254,2.65876985971328,O Si O,111.41503809041616
865,153 151 48,1.622780423463105,1.6043521712098254,2.5977908198867166,O Si O,107.2160860338733
866,155 151 48,1.587879016148726,1.6043521712098254,2.5773776608822985,O Si O,107.68242528403385
868,153 151 145,1.622780423463105,1.6138199961793933,2.681802977647242,O Si O,111.90729570678464
869,155 151 145,1.587879016148726,1.6138199961793933,2.594747002551208,O Si O,108.2728485048446
872,155 151 153,1.587879016148726,1.622780423463105,2.634446658048035,O Si O,110.27131758557428
876,136 154 45,1.5987002413954199,1.621503650673602,2.5296713725676385,O Si O,103.54319922821678
877,139 154 45,1.6237444000820744,1.621503650673602,2.655854865082857,O Si O,109.84642500026773
878,189 154 45,1.6438860810237432,1.621503650673602,2.6998628852808193,O Si O,111.54340073395905
880,139 154 136,1.6237444000820744,1.5987002413954199,2.645620241307032,O Si O,110.36721559678304
881,189 154 136,1.6438860810237432,1.5987002413954199,2.646024151356092,O Si O,109.36934407109345
884,189 154 139,1.6438860810237432,1.6237444000820744,2.706805041609854,O Si O,111.8617210984101
888,50 156 46,1.6207418109876963,1.6148931692863258,2.6990108306132576,O Si O,113.0551235398122
889,144 156 46,1.6138981051172017,1.6148931692863258,2.7305582919507945,O Si O,115.4919946084171
890,155 156 46,1.601047360276213,1.6148931692863258,2.5670305413030454,O Si O,105.92026489449819
892,144 156 50,1.6138981051172017,1.6207418109876963,2.5057447122625987,O Si O,101.54814399863035
893,155 156 50,1.601047360276213,1.6207418109876963,2.670058111146635,O Si O,111.93966772968399
896,155 156 144,1.601047360276213,1.6138981051172017,2.61701727119717,O Si O,108.9797246268087
900,182 157 135,1.6055050217553213,1.5804218658815339,2.6357118505372297,O Si O,111.64198547680685
901,203 157 135,1.6028550660480954,1.5804218658815339,2.5323437244873763,O Si O,105.40563514270363
902,207 157 135,1.6108194328876244,1.5804218658815339,2.6744533290000407,O Si O,113.8683715567215
904,203 157 182,1.6028550660480954,1.6055050217553213,2.6651280482197044,O Si O,112.3377621974931
905,207 157 182,1.6108194328876244,1.6055050217553213,2.5077046222980957,O Si O,102.46248993687607
908,207 157 203,1.6108194328876244,1.6028550660480954,2.6539314691196063,O Si O,111.34412515605146
912,78 163 23,1.6143989744304506,1.626178660091305,2.6218530026368816,O Si O,108.00971554506397
913,131 163 23,1.5989431055614893,1.626178660091305,2.57554419497447,O Si O,105.98791296631315
914,175 163 23,1.5958810740981937,1.626178660091305,2.692992529615116,O Si O,113.39481176003424
916,131 163 78,1.5989431055614893,1.6143989744304506,2.634089222168879,O Si O,110.11563959364894
917,175 163 78,1.5958810740981937,1.6143989744304506,2.5791061465379386,O Si O,106.90865026677768
920,175 163 131,1.5958810740981937,1.5989431055614893,2.654261850016329,O Si O,112.3620990797896
924,165 166 164,1.6006103949756063,1.6048954774666142,2.568593313535848,O Si O,106.51005204073361
925,171 166 164,1.592169947282828,1.6048954774666142,2.708952246422225,O Si O,115.84315457877004
926,179 166 164,1.5983481081777553,1.6048954774666142,2.640544723724933,O Si O,111.04202419779458
928,171 166 165,1.592169947282828,1.6006103949756063,2.488646186756631,O Si O,102.42209119922093
929,179 166 165,1.5983481081777553,1.6006103949756063,2.7179762181214184,O Si O,116.3459438331344
932,179 166 171,1.5983481081777553,1.592169947282828,2.5266635288440216,O Si O,104.73211340226943
936,162 167 128,1.6213134502159778,1.6335964707236696,2.590713526069786,O Si O,105.4876726068658
937,164 167 128,1.60874757635863,1.6335964707236696,2.663629900168727,O Si O,110.47087306032073
938,178 167 128,1.6133467342130428,1.6335964707236696,2.7727556180525124,O Si O,117.28842926948637
940,164 167 162,1.60874757635863,1.6213134502159778,2.664161692735326,O Si O,111.13630649151047
941,178 167 162,1.6133467342130428,1.6213134502159778,2.6122372216559735,O Si O,107.71948704139447
944,178 167 164,1.6133467342130428,1.60874757635863,2.5523637671948105,O Si O,104.77262457974415
948,160 169 159,1.6185917506324659,1.5746779288243526,2.4844086043993676,O Si O,102.14944785479746
949,172 169 159,1.5950005250085408,1.5746779288243526,2.528343225690959,O Si O,105.81372121275881
950,181 169 159,1.6086134758827202,1.5746779288243526,2.648692278319008,O Si O,112.61771256586916
952,172 169 160,1.5950005250085408,1.6185917506324659,2.6818724257451287,O Si O,113.13397482762724
953,181 169 160,1.6086134758827202,1.6185917506324659,2.7801636828467284,O Si O,118.96537358703841
956,181 169 172,1.6086134758827202,1.5950005250085408,2.5192954432724637,O Si O,103.69834099659876
960,171 170 168,1.600688115659,1.5862308567332781,2.521825722557812,O Si O,104.61440335722187
961,172 170 168,1.5858844311023874,1.5862308567332781,2.555485978390151,O Si O,107.33830361846287
962,173 170 168,1.6097549996995908,1.5862308567332781,2.766455787619064,O Si O,119.9015274633851
964,172 170 171,1.5858844311023874,1.600688115659,2.6376402992300947,O Si O,111.73286482737926
965,173 170 171,1.6097549996995908,1.600688115659,2.6076240848521346,O Si O,108.62879951147437
968,173 170 172,1.6097549996995908,1.5858844311023874,2.5304467570251425,O Si O,104.713809747642
972,168 174 158,1.6301100395426698,1.58058670775135,2.6004414912567966,O Si O,108.16842609409248
973,175 174 158,1.6311530286805296,1.58058670775135,2.6523813256634305,O Si O,111.33767914396509
974,180 174 158,1.6634091825282915,1.58058670775135,2.854043232083192,O Si O,123.21449444755605
976,175 174 168,1.6311530286805296,1.6301100395426698,2.663226818955697,O Si O,109.49657899256879
977,180 174 168,1.6634091825282915,1.6301100395426698,2.4950925429322535,O Si O,98.49696280841778
980,180 174 175,1.6634091825282915,1.6311530286805296,2.6139993441704097,O Si O,105.00992337915795
984,177 176 165,1.5953099776150732,1.6065955703618728,2.6957326582061834,O Si O,114.68535652386575
985,182 176 165,1.6099386453068096,1.6065955703618728,2.507670073470204,O Si O,102.45129609607585
986,184 176 165,1.6006376665764175,1.6065955703618728,2.6736058054007477,O Si O,112.94418458102346
988,182 176 177,1.6099386453068096,1.5953099776150732,2.6867926644093822,O Si O,113.91033051094742
989,184 176 177,1.6006376665764175,1.5953099776150732,2.5416744758444043,O Si O,105.36337227552325
992,184 176 182,1.6006376665764175,1.6099386453068096,2.588928057513495,O Si O,107.48613450382727
996,132 185 66,1.5985694399385348,1.6127337483017365,2.6986453233874528,O Si O,114.35523249669356
997,161 185 66,1.6048686697184245,1.6127337483017365,2.585768862810715,O Si O,106.95647422548363
998,179 185 66,1.610803300124217,1.6127337483017365,2.6598884592418055,O Si O,111.20656325742131
1000,161 185 132,1.6048686697184245,1.5985694399385348,2.627282707330138,O Si O,110.19840323707915
1001,179 185 132,1.610803300124217,1.5985694399385348,2.549859807319715,O Si O,105.21624747814438
1004,179 185 161,1.610803300124217,1.6048686697184245,2.615358250584918,O Si O,108.84228956010315
1008,180 187 178,1.6074791007497047,1.6278038092299973,2.7705947269397964,O Si O,117.82116319451788
1009,192 187 178,1.6246586903932845,1.6278038092299973,2.6012295109686985,O Si O,106.2166936853187
1010,214 187 178,1.5998144698391097,1.6278038092299973,2.507697661491973,O Si O,101.96081278459887
1012,192 187 180,1.6246586903932845,1.6074791007497047,2.721498567616939,O Si O,114.70533865765177
1013,214 187 180,1.5998144698391097,1.6074791007497047,2.570533539860434,O Si O,106.54021204786197
1016,214 187 192,1.5998144698391097,1.6246586903932845,2.6182621151472363,O Si O,108.58053977365866
1020,108 190 93,1.633493257250732,1.630565566447974,2.561412846002005,O Si O,103.39184165079885
1021,189 190 93,1.6301117317383966,1.630565566447974,2.751840602036944,O Si O,115.11869689460154
1022,195 190 93,1.6019554656741606,1.630565566447974,2.583675801919542,O Si O,106.11862698755232
1024,189 190 108,1.6301117317383966,1.633493257250732,2.732167536826546,O Si O,113.68332563476203
1025,195 190 108,1.6019554656741606,1.633493257250732,2.6561265422576295,O Si O,110.35528889417883
1028,195 190 189,1.6019554656741606,1.6301117317383966,2.6129439417648603,O Si O,107.88511712756392
1032,91 196 31,1.6028691290099746,1.6242056334078296,2.6919402957373517,O Si O,113.05809739371615
1033,94 196 31,1.646313038575786,1.6242056334078296,2.6997963405225507,O Si O,111.27559846980179
1034,197 196 31,1.6464199646346562,1.6242056334078296,2.5611808377744145,O Si O,103.08588814509437
1036,94 196 91,1.646313038575786,1.6028691290099746,2.475939644562725,O Si O,99.2763803383817
1037,197 196 91,1.6464199646346562,1.6028691290099746,2.502736530609547,O Si O,100.742593887366
1040,197 196 94,1.6464199646346562,1.646313038575786,2.9701035805615117,O Si O,128.84914153275707
1044,194 198 193,1.612841448701268,1.5990215567914214,2.7580911837084603,O Si O,118.34571360897708
1045,195 198 193,1.6027410772618147,1.5990215567914214,2.585138894490577,O Si O,107.68746512195621
1046,211 198 193,1.6088284923121958,1.5990215567914214,2.543373004816001,O Si O,104.90659739031307
1048,195 198 194,1.6027410772618147,1.612841448701268,2.5608364450234533,O Si O,105.57179921632219
1049,211 198 194,1.6088284923121958,1.612841448701268,2.6482524316477045,O Si O,110.573431489519
1052,211 198 195,1.6088284923121958,1.6027410772618147,2.6241121129717397,O Si O,109.58713067972883
1056,184 200 181,1.593689685316099,1.6010393756015455,2.586779714539811,O Si O,108.13350628418621
1057,210 200 181,1.6458041819516442,1.6010393756015455,2.767663379970551,O Si O,116.94430688781539
1058,211 200 181,1.6164526333643578,1.6010393756015455,2.5225474839810023,O Si O,103.25746495264423
1060,210 200 184,1.6458041819516442,1.593689685316099,2.614774650975235,O Si O,107.6269937350205
1061,211 200 184,1.6164526333643578,1.593689685316099,2.649942028418445,O Si O,111.27453680183629
1064,211 200 210,1.6164526333643578,1.6458041819516442,2.665617421643907,O Si O,109.58947057486887
1068,193 202 191,1.5928511255715236,1.629552363251521,2.7034920995673413,O Si O,114.05769875027848
1069,204 202 191,1.604934029043208,1.629552363251521,2.6172539159870434,O Si O,108.0276992838366
1070,214 202 191,1.584312530248264,1.629552363251521,2.625205145558187,O Si O,109.53088133136706
1072,204 202 193,1.604934029043208,1.5928511255715236,2.5833187136809426,O Si O,107.7714708537061
1073,214 202 193,1.584312530248264,1.5928511255715236,2.511313833078915,O Si O,104.45042187116358
1076,214 202 204,1.584312530248264,1.604934029043208,2.660850145061212,O Si O,113.08848030203936
1080,153 205 152,1.6073513770830181,1.6115049189418928,2.6429168337283993,O Si O,110.3846856565391
1081,191 205 152,1.6029412931511642,1.6115049189418928,2.635029789423402,O Si O,110.11848950675746
1082,207 205 152,1.600087634106681,1.6115049189418928,2.5489346991485564,O Si O,105.05848800660591
1084,191 205 153,1.6029412931511642,1.6073513770830181,2.6806801040585544,O Si O,113.23716634203569
1085,207 205 153,1.600087634106681,1.6073513770830181,2.6152596460323747,O Si O,109.24834078849311
1088,207 205 191,1.600087634106681,1.6029412931511642,2.5986324161488277,O Si O,108.4471682050892
1092,201 206 161,1.631802263244932,1.6024413322051867,2.5568160002297855,O Si O,104.46933734658187
1093,203 206 161,1.60373362757698,1.6024413322051867,2.6234114570700187,O Si O,109.81741932013863
1094,210 206 161,1.6409288934131754,1.6024413322051867,2.642022655143545,O Si O,109.08828609167432
1096,203 206 201,1.60373362757698,1.631802263244932,2.58970727073408,O Si O,106.33247836445894
1097,210 206 201,1.6409288934131754,1.631802263244932,2.847320411665144,O Si O,120.92017291433429
1100,210 206 203,1.6409288934131754,1.60373362757698,2.5905652561354904,O Si O,105.95105529805741
1104,194 209 150,1.609877350068207,1.6126537796876437,2.6562350466879514,O Si O,111.02902794124213
1105,197 209 150,1.6550289507025595,1.6126537796876437,2.770542639109787,O Si O,115.95365183358018
1106,208 209 150,1.6260380307348088,1.6126537796876437,2.586263950092593,O Si O,105.9833702206862
1108,197 209 194,1.6550289507025595,1.609877350068207,2.664015044628359,O Si O,109.35593888420941
1109,208 209 194,1.6260380307348088,1.609877350068207,2.5650356254766233,O Si O,104.87167638104118
1112,208 209 197,1.6260380307348088,1.6550289507025595,2.6712286736784736,O Si O,109.00048575913351
1116,91 212 89,1.6132264494305995,1.618705854117524,2.4177775599326154,O Si O,96.85031973512766
1117,188 212 89,1.6192888119822137,1.618705854117524,2.7349712524892635,O Si O,115.26884782295562
1118,208 212 89,1.5976644965105442,1.618705854117524,2.710390433213332,O Si O,114.8481464204075
1120,188 212 91,1.6192888119822137,1.6132264494305995,2.683148590505997,O Si O,112.20756907199674
1121,208 212 91,1.5976644965105442,1.6132264494305995,2.5733167790224347,O Si O,106.53348858352615
1124,208 212 188,1.5976644965105442,1.6192888119822137,2.637483185121151,O Si O,110.1417365700816
1128,149 213 92,1.601248414739196,1.621776855799016,2.6234530427464673,O Si O,108.970069079601
1129,199 213 92,1.6092172383486165,1.621776855799016,2.682936124369785,O Si O,112.27393877988071
1130,204 213 92,1.6045623794039172,1.621776855799016,2.6409188021510923,O Si O,109.8785934030164
1132,199 213 149,1.6092172383486165,1.601248414739196,2.555729326893775,O Si O,105.51106830000519
1133,204 213 149,1.6045623794039172,1.601248414739196,2.6545045579947053,O Si O,111.79357024044637
1136,204 213 199,1.6045623794039172,1.6092172383486165,2.606161507466319,O Si O,108.37438527288661
1140,98 215 82,1.645380262019113,1.5855747747869082,2.5920413024478917,O Si O,106.67684412208243
1141,183 215 82,1.6381140129189824,1.5855747747869082,2.5819859804055607,O Si O,106.42881789248327
1142,192 215 82,1.6169878420103256,1.5855747747869082,2.537090911699971,O Si O,104.78013886065722
1144,183 215 98,1.6381140129189824,1.645380262019113,2.7617439427793964,O Si O,114.51253973602864
1145,192 215 98,1.6169878420103256,1.645380262019113,2.6641330811251813,O Si O,109.49375083654206
1148,192 215 183,1.6169878420103256,1.6381140129189824,2.732347190819235,O Si O,114.15301946864146
