,Index,Bond length 1,Bond length 2,Bond length 3,Dihedral angle,Bond name
0,7 0 3 16,1.6301185938865639,1.619761942546702,1.6303846897690504,138.19560335146713,O Si O Si
1,11 0 3 16,1.6045247361191397,1.619761942546702,1.6303846897690504,-100.77432766938776,O Si O Si
2,21 0 3 16,1.6192453809412082,1.619761942546702,1.6303846897690504,19.11156902838636,O Si O Si
3,0 3 16 15,1.619761942546702,1.6303846897690504,1.5926976151170367,89.52818557473105,Si O Si O
4,0 3 16 30,1.619761942546702,1.6303846897690504,1.594908519273265,-155.48898773180338,Si O Si O
5,0 3 16 33,1.619761942546702,1.6303846897690504,1.6131267912638088,-33.856091845356076,Si O Si O
6,3 0 7 127,1.619761942546702,1.6301185938865639,1.6385892430974696,-154.92529867412284,O Si O Si
7,11 0 7 127,1.6045247361191397,1.6301185938865639,1.6385892430974696,79.86613052475674,O Si O Si
8,21 0 7 127,1.6192453809412082,1.6301185938865639,1.6385892430974696,-37.76696765531771,O Si O Si
9,0 7 127 119,1.6301185938865639,1.6385892430974696,1.6277105654167185,158.2846010318973,Si O Si O
10,0 7 127 126,1.6301185938865639,1.6385892430974696,1.6541505563532344,-78.39990953755309,Si O Si O
11,0 7 127 130,1.6301185938865639,1.6385892430974696,1.6466811558661798,37.335550756179025,Si O Si O
12,3 0 11 10,1.619761942546702,1.6045247361191397,1.607525740317708,-93.45246250155425,O Si O Si
13,7 0 11 10,1.6301185938865639,1.6045247361191397,1.607525740317708,33.928879231227974,O Si O Si
14,21 0 11 10,1.6192453809412082,1.6045247361191397,1.607525740317708,150.02852376344913,O Si O Si
15,0 11 10 4,1.6045247361191397,1.607525740317708,1.6301102416524935,-26.986180907695573,Si O Si O
16,0 11 10 6,1.6045247361191397,1.607525740317708,1.6129678329727293,88.41150797246006,Si O Si O
17,0 11 10 55,1.6045247361191397,1.607525740317708,1.6217826344602406,-151.3848346898038,Si O Si O
18,3 0 21 53,1.619761942546702,1.6192453809412082,1.6175447983479396,135.70271020294936,O Si O Si
19,7 0 21 53,1.6301185938865639,1.6192453809412082,1.6175447983479396,11.226903692590962,O Si O Si
20,11 0 21 53,1.6045247361191397,1.6192453809412082,1.6175447983479396,-102.77659273947305,O Si O Si
21,0 21 53 58,1.6192453809412082,1.6175447983479396,1.610340919271337,124.27165916123425,Si O Si O
22,0 21 53 84,1.6192453809412082,1.6175447983479396,1.621747103848639,-120.29148647942696,Si O Si O
23,0 21 53 130,1.6192453809412082,1.6175447983479396,1.6374928854970665,5.860759649000772,Si O Si O
24,5 1 2 9,1.6182631397549736,1.6185801498762606,1.614900456304629,38.27953174235397,O Si O Si
25,8 1 2 9,1.610730570644173,1.6185801498762606,1.614900456304629,160.46611480827772,O Si O Si
26,12 1 2 9,1.6238222820274901,1.6185801498762606,1.614900456304629,-77.67881427987626,O Si O Si
27,1 2 9 14,1.6185801498762606,1.614900456304629,1.5990301853566025,60.37799094150881,Si O Si O
28,1 2 9 23,1.6185801498762606,1.614900456304629,1.6028584408454287,-177.70785927534337,Si O Si O
29,1 2 9 26,1.6185801498762606,1.614900456304629,1.6093133453545276,-58.65396822693959,Si O Si O
30,2 1 5 18,1.6185801498762606,1.6182631397549736,1.61146045834392,-82.8364245698407,O Si O Si
31,8 1 5 18,1.610730570644173,1.6182631397549736,1.61146045834392,158.79250810003543,O Si O Si
32,12 1 5 18,1.6238222820274901,1.6182631397549736,1.61146045834392,36.91373029305434,O Si O Si
33,1 5 18 25,1.6182631397549736,1.61146045834392,1.5869945590956127,-79.22858338742937,Si O Si O
34,1 5 18 32,1.6182631397549736,1.61146045834392,1.6304063831449789,39.21461403145711,Si O Si O
35,1 5 18 54,1.6182631397549736,1.61146045834392,1.5909867741879495,164.18699321373524,Si O Si O
36,2 1 8 20,1.6185801498762606,1.610730570644173,1.6215054064141194,-83.641745682179,O Si O Si
37,5 1 8 20,1.6182631397549736,1.610730570644173,1.6215054064141194,35.67723982176877,O Si O Si
38,12 1 8 20,1.6238222820274901,1.610730570644173,1.6215054064141194,154.31845221323283,O Si O Si
39,1 8 20 22,1.610730570644173,1.6215054064141194,1.610168951922773,-92.9695810898614,Si O Si O
40,1 8 20 24,1.610730570644173,1.6215054064141194,1.6389704436939523,151.15807167324564,Si O Si O
41,1 8 20 59,1.610730570644173,1.6215054064141194,1.6231459304732327,30.127756961021305,Si O Si O
42,2 1 12 13,1.6185801498762606,1.6238222820274901,1.6226335418633921,116.52062976482388,O Si O Si
43,5 1 12 13,1.6182631397549736,1.6238222820274901,1.6226335418633921,-1.200888868646371,O Si O Si
44,8 1 12 13,1.610730570644173,1.6238222820274901,1.6226335418633921,-124.19596115502746,O Si O Si
45,1 12 13 6,1.6238222820274901,1.6226335418633921,1.6107598161333747,-100.01053541841345,Si O Si O
46,1 12 13 17,1.6238222820274901,1.6226335418633921,1.592771817559818,140.56006675672413,Si O Si O
47,1 12 13 19,1.6238222820274901,1.6226335418633921,1.603655361018171,20.54374420263322,Si O Si O
48,2 9 14 28,1.614900456304629,1.5990301853566025,1.6006945178804421,-132.81023233973067,O Si O Si
49,23 9 14 28,1.6028584408454287,1.5990301853566025,1.6006945178804421,104.41106650003127,O Si O Si
50,26 9 14 28,1.6093133453545276,1.5990301853566025,1.6006945178804421,-13.031892857478114,O Si O Si
51,9 14 28 4,1.5990301853566025,1.6006945178804421,1.6362821730183703,175.2977796720596,Si O Si O
52,9 14 28 34,1.5990301853566025,1.6006945178804421,1.6141571041658982,58.8027481271354,Si O Si O
53,9 14 28 46,1.5990301853566025,1.6006945178804421,1.6174242407995576,-60.810950509530905,Si O Si O
54,2 9 23 163,1.614900456304629,1.6028584408454287,1.626178660091305,81.5282334638576,O Si O Si
55,14 9 23 163,1.5990301853566025,1.6028584408454287,1.626178660091305,-160.08650094506288,O Si O Si
56,26 9 23 163,1.6093133453545276,1.6028584408454287,1.626178660091305,-40.35750734318336,O Si O Si
57,9 23 163 78,1.6028584408454287,1.626178660091305,1.6143989744304506,-11.54519771681896,Si O Si O
58,9 23 163 131,1.6028584408454287,1.626178660091305,1.5989431055614893,-129.5362922188607,Si O Si O
59,9 23 163 175,1.6028584408454287,1.626178660091305,1.5958810740981937,106.74105039437215,Si O Si O
60,2 9 26 77,1.614900456304629,1.6093133453545276,1.5884342784084373,-35.127754591313256,O Si O Si
61,14 9 26 77,1.5990301853566025,1.6093133453545276,1.5884342784084373,-151.37193004178764,O Si O Si
62,23 9 26 77,1.6028584408454287,1.6093133453545276,1.5884342784084373,87.88608225249804,O Si O Si
63,9 26 77 73,1.6093133453545276,1.5884342784084373,1.6133013787458534,39.61531865362746,Si O Si O
64,9 26 77 76,1.6093133453545276,1.5884342784084373,1.5972881326045496,-78.99926930291285,Si O Si O
65,9 26 77 101,1.6093133453545276,1.5884342784084373,1.6053650403692683,158.25480338687552,Si O Si O
66,6 10 4 28,1.6129678329727293,1.6301102416524935,1.6362821730183703,-15.472199145904737,O Si O Si
67,11 10 4 28,1.607525740317708,1.6301102416524935,1.6362821730183703,99.66395451759597,O Si O Si
68,55 10 4 28,1.6217826344602406,1.6301102416524935,1.6362821730183703,-138.42394005871583,O Si O Si
69,10 4 28 14,1.6301102416524935,1.6362821730183703,1.6006945178804421,-68.11306639565576,Si O Si O
70,10 4 28 34,1.6301102416524935,1.6362821730183703,1.6141571041658982,49.966274112936844,Si O Si O
71,10 4 28 46,1.6301102416524935,1.6362821730183703,1.6174242407995576,172.40736231344601,Si O Si O
72,4 10 6 13,1.6301102416524935,1.6129678329727293,1.6107598161333747,122.01752895754264,O Si O Si
73,11 10 6 13,1.607525740317708,1.6129678329727293,1.6107598161333747,1.7243731724647235,O Si O Si
74,55 10 6 13,1.6217826344602406,1.6129678329727293,1.6107598161333747,-115.24494239281742,O Si O Si
75,10 6 13 12,1.6129678329727293,1.6107598161333747,1.6226335418633921,-63.7192215692711,Si O Si O
76,10 6 13 17,1.6129678329727293,1.6107598161333747,1.592771817559818,55.78094252532905,Si O Si O
77,10 6 13 19,1.6129678329727293,1.6107598161333747,1.603655361018171,172.0116306672649,Si O Si O
78,4 10 55 70,1.6301102416524935,1.6217826344602406,1.6225675641574226,158.72728226190773,O Si O Si
79,6 10 55 70,1.6129678329727293,1.6217826344602406,1.6225675641574226,39.52058772905977,O Si O Si
80,11 10 55 70,1.607525740317708,1.6217826344602406,1.6225675641574226,-76.19917931878693,O Si O Si
81,10 55 70 67,1.6217826344602406,1.6225675641574226,1.6238207003396983,62.49816009803297,Si O Si O
82,10 55 70 69,1.6217826344602406,1.6225675641574226,1.6109008238691955,-177.89841722939477,Si O Si O
83,10 55 70 74,1.6217826344602406,1.6225675641574226,1.610541110121917,-65.17890021384045,Si O Si O
84,6 13 17 27,1.6107598161333747,1.592771817559818,1.610149291118983,-177.75696398516664,O Si O Si
85,12 13 17 27,1.6226335418633921,1.592771817559818,1.610149291118983,-58.04281193699406,O Si O Si
86,19 13 17 27,1.603655361018171,1.592771817559818,1.610149291118983,65.86774045939357,O Si O Si
87,13 17 27 15,1.592771817559818,1.610149291118983,1.6064125928938624,96.03725708880252,Si O Si O
88,13 17 27 118,1.592771817559818,1.610149291118983,1.5961855720603266,-30.456685033516944,Si O Si O
89,13 17 27 132,1.592771817559818,1.610149291118983,1.6005432192561875,-151.84355492707817,Si O Si O
90,6 13 19 29,1.6107598161333747,1.603655361018171,1.6104706883079898,53.415456955717396,O Si O Si
91,12 13 19 29,1.6226335418633921,1.603655361018171,1.6104706883079898,-68.21488219972156,O Si O Si
92,17 13 19 29,1.592771817559818,1.603655361018171,1.6104706883079898,170.7531959844684,O Si O Si
93,13 19 29 25,1.603655361018171,1.6104706883079898,1.6090200188060872,77.80759822691374,Si O Si O
94,13 19 29 44,1.603655361018171,1.6104706883079898,1.637794439811736,-38.302908346789415,Si O Si O
95,13 19 29 134,1.603655361018171,1.6104706883079898,1.59085659594996,-169.22293866560892,Si O Si O
96,3 16 15 27,1.6303846897690504,1.5926976151170367,1.6064125928938624,6.654737082244674,O Si O Si
97,30 16 15 27,1.594908519273265,1.5926976151170367,1.6064125928938624,-112.41795154011626,O Si O Si
98,33 16 15 27,1.6131267912638088,1.5926976151170367,1.6064125928938624,131.05756308096667,O Si O Si
99,16 15 27 17,1.5926976151170367,1.6064125928938624,1.610149291118983,-10.077002525400879,Si O Si O
100,16 15 27 118,1.5926976151170367,1.6064125928938624,1.5961855720603266,113.48525066484689,Si O Si O
101,16 15 27 132,1.5926976151170367,1.6064125928938624,1.6005432192561875,-122.30560931309476,Si O Si O
102,3 16 30 35,1.6303846897690504,1.594908519273265,1.5918879602047165,117.34778847110647,O Si O Si
103,15 16 30 35,1.5926976151170367,1.594908519273265,1.5918879602047165,-122.28741174716366,O Si O Si
104,33 16 30 35,1.6131267912638088,1.594908519273265,1.5918879602047165,-5.543446095520659,O Si O Si
105,16 30 35 24,1.594908519273265,1.5918879602047165,1.6198082812881927,-149.21133248512461,Si O Si O
106,16 30 35 36,1.594908519273265,1.5918879602047165,1.5974202107404134,-29.214720652380716,Si O Si O
107,16 30 35 45,1.594908519273265,1.5918879602047165,1.6208326948145493,84.09101644965047,Si O Si O
108,3 16 33 41,1.6303846897690504,1.6131267912638088,1.6096755151461342,-122.57925248116503,O Si O Si
109,15 16 33 41,1.5926976151170367,1.6131267912638088,1.6096755151461342,112.52903715097574,O Si O Si
110,30 16 33 41,1.594908519273265,1.6131267912638088,1.6096755151461342,-0.31360179985700853,O Si O Si
111,16 33 41 42,1.6131267912638088,1.6096755151461342,1.638939015346512,14.76794047370542,Si O Si O
112,16 33 41 49,1.6131267912638088,1.6096755151461342,1.6244242324044804,132.95380339790768,Si O Si O
113,16 33 41 51,1.6131267912638088,1.6096755151461342,1.6306991172438028,-107.6261112870776,Si O Si O
114,5 18 25 29,1.61146045834392,1.5869945590956127,1.6090200188060872,87.97501619291576,O Si O Si
115,32 18 25 29,1.6304063831449789,1.5869945590956127,1.6090200188060872,-33.454770179945825,O Si O Si
116,54 18 25 29,1.5909867741879495,1.5869945590956127,1.6090200188060872,-153.1147130339321,O Si O Si
117,18 25 29 19,1.5869945590956127,1.6090200188060872,1.6104706883079898,-76.04182405225981,Si O Si O
118,18 25 29 44,1.5869945590956127,1.6090200188060872,1.637794439811736,40.45621283321221,Si O Si O
119,18 25 29 134,1.5869945590956127,1.6090200188060872,1.59085659594996,165.73933557086127,Si O Si O
120,5 18 32 38,1.61146045834392,1.6304063831449789,1.6285639169045323,-111.17141381462991,O Si O Si
121,25 18 32 38,1.5869945590956127,1.6304063831449789,1.6285639169045323,10.675592430983832,O Si O Si
122,54 18 32 38,1.5909867741879495,1.6304063831449789,1.6285639169045323,125.63624126120548,O Si O Si
123,18 32 38 34,1.6304063831449789,1.6285639169045323,1.611714617672247,123.18236862451964,Si O Si O
124,18 32 38 39,1.6304063831449789,1.6285639169045323,1.6149094537090452,-120.36664789198254,Si O Si O
125,18 32 38 44,1.6304063831449789,1.6285639169045323,1.6318384194019435,0.14658965726819972,Si O Si O
126,5 18 54 75,1.61146045834392,1.5909867741879495,1.5980277133562864,-34.2446098808115,O Si O Si
127,25 18 54 75,1.5869945590956127,1.5909867741879495,1.5980277133562864,-154.75898627583712,O Si O Si
128,32 18 54 75,1.6304063831449789,1.5909867741879495,1.5980277133562864,89.93550276100673,O Si O Si
129,18 54 75 57,1.5909867741879495,1.5980277133562864,1.5854671109615652,106.74601499550106,Si O Si O
130,18 54 75 73,1.5909867741879495,1.5980277133562864,1.6029382747922778,-14.834163379061863,Si O Si O
131,18 54 75 99,1.5909867741879495,1.5980277133562864,1.6022452472098065,-130.70616391679832,Si O Si O
132,8 20 22 121,1.6215054064141194,1.610168951922773,1.624037815328786,-95.14176572243204,O Si O Si
133,24 20 22 121,1.6389704436939523,1.610168951922773,1.624037815328786,27.412958435517783,O Si O Si
134,59 20 22 121,1.6231459304732327,1.610168951922773,1.624037815328786,144.63910370872884,O Si O Si
135,20 22 121 113,1.610168951922773,1.624037815328786,1.6138551393017166,64.1626618539912,Si O Si O
136,20 22 121 136,1.610168951922773,1.624037815328786,1.6180594665819237,-63.49649513755892,Si O Si O
137,20 22 121 159,1.610168951922773,1.624037815328786,1.5751784643662838,-174.38957913172325,Si O Si O
138,8 20 24 35,1.6215054064141194,1.6389704436939523,1.6198082812881927,69.09528751724969,O Si O Si
139,22 20 24 35,1.610168951922773,1.6389704436939523,1.6198082812881927,-47.66603906259052,O Si O Si
140,59 20 24 35,1.6231459304732327,1.6389704436939523,1.6198082812881927,-169.00469656823827,O Si O Si
141,20 24 35 30,1.6389704436939523,1.6198082812881927,1.5918879602047165,-50.373475165006724,Si O Si O
142,20 24 35 36,1.6389704436939523,1.6198082812881927,1.5974202107404134,-167.03619305275922,Si O Si O
143,20 24 35 45,1.6389704436939523,1.6198082812881927,1.6208326948145493,73.89088944691929,Si O Si O
144,8 20 59 63,1.6215054064141194,1.6231459304732327,1.6200704010928093,61.59160222414935,O Si O Si
145,22 20 59 63,1.610168951922773,1.6231459304732327,1.6200704010928093,-179.6902353229938,O Si O Si
146,24 20 59 63,1.6389704436939523,1.6231459304732327,1.6200704010928093,-63.981732546186116,O Si O Si
147,20 59 63 61,1.6231459304732327,1.6200704010928093,1.6150439403787569,-56.40199087234994,Si O Si O
148,20 59 63 62,1.6231459304732327,1.6200704010928093,1.6414124678334578,-171.86879222987517,Si O Si O
149,20 59 63 72,1.6231459304732327,1.6200704010928093,1.6410199785041377,60.253547909900576,Si O Si O
150,15 27 118 110,1.6064125928938624,1.5961855720603266,1.6443111916911088,5.633851237021413,O Si O Si
151,17 27 118 110,1.610149291118983,1.5961855720603266,1.6443111916911088,125.2044690567045,O Si O Si
152,132 27 118 110,1.6005432192561875,1.5961855720603266,1.6443111916911088,-116.104007884435,O Si O Si
153,27 118 110 109,1.5961855720603266,1.6443111916911088,1.5729654717571397,-121.7479910001828,Si O Si O
154,27 118 110 111,1.5961855720603266,1.6443111916911088,1.6485663611522168,113.72685736421052,Si O Si O
155,27 118 110 113,1.5961855720603266,1.6443111916911088,1.6604748343231899,-3.1492164673347034,Si O Si O
156,15 27 132 185,1.6064125928938624,1.6005432192561875,1.5985694399385348,47.28814084363522,O Si O Si
157,17 27 132 185,1.610149291118983,1.6005432192561875,1.5985694399385348,-63.400003578457124,O Si O Si
158,118 27 132 185,1.5961855720603266,1.6005432192561875,1.5985694399385348,174.74334580068287,O Si O Si
159,27 132 185 66,1.6005432192561875,1.5985694399385348,1.6127337483017365,30.790673894551585,Si O Si O
160,27 132 185 161,1.6005432192561875,1.5985694399385348,1.6048686697184245,-89.71685721926636,Si O Si O
161,27 132 185 179,1.6005432192561875,1.5985694399385348,1.610803300124217,153.10894852581785,Si O Si O
162,4 28 34 38,1.6362821730183703,1.6141571041658982,1.611714617672247,-127.51344934861508,O Si O Si
163,14 28 34 38,1.6006945178804421,1.6141571041658982,1.611714617672247,-8.742465717304064,O Si O Si
164,46 28 34 38,1.6174242407995576,1.6141571041658982,1.611714617672247,108.1391995474387,O Si O Si
165,28 34 38 32,1.6141571041658982,1.611714617672247,1.6285639169045323,2.0546923758323032,Si O Si O
166,28 34 38 39,1.6141571041658982,1.611714617672247,1.6149094537090452,-120.79443162415038,Si O Si O
167,28 34 38 44,1.6141571041658982,1.611714617672247,1.6318384194019435,118.2241626167317,Si O Si O
168,4 28 46 156,1.6362821730183703,1.6174242407995576,1.6148931692863258,-160.88270484911789,O Si O Si
169,14 28 46 156,1.6006945178804421,1.6174242407995576,1.6148931692863258,77.60298789046291,O Si O Si
170,34 28 46 156,1.6141571041658982,1.6174242407995576,1.6148931692863258,-40.850590226360545,O Si O Si
171,28 46 156 50,1.6174242407995576,1.6148931692863258,1.6207418109876963,-12.007761923341837,Si O Si O
172,28 46 156 144,1.6174242407995576,1.6148931692863258,1.6138981051172017,-128.3650632886956,Si O Si O
173,28 46 156 155,1.6174242407995576,1.6148931692863258,1.601047360276213,110.92538479948007,Si O Si O
174,19 29 44 38,1.6104706883079898,1.637794439811736,1.6318384194019435,90.04479561701879,O Si O Si
175,25 29 44 38,1.6090200188060872,1.637794439811736,1.6318384194019435,-25.835479598252693,O Si O Si
176,134 29 44 38,1.59085659594996,1.637794439811736,1.6318384194019435,-142.37696833861776,O Si O Si
177,29 44 38 32,1.637794439811736,1.6318384194019435,1.6285639169045323,8.485129966670526,Si O Si O
178,29 44 38 34,1.637794439811736,1.6318384194019435,1.611714617672247,-108.87183299053449,Si O Si O
179,29 44 38 39,1.637794439811736,1.6318384194019435,1.6149094537090452,132.57151801514954,Si O Si O
180,19 29 134 125,1.6104706883079898,1.59085659594996,1.6424806983141234,-75.03265224636341,O Si O Si
181,25 29 134 125,1.6090200188060872,1.59085659594996,1.6424806983141234,40.24117113940177,O Si O Si
182,44 29 134 125,1.637794439811736,1.59085659594996,1.6424806983141234,158.96793826275353,O Si O Si
183,29 134 125 120,1.59085659594996,1.6424806983141234,1.5591542645192331,4.576036549551297,Si O Si O
184,29 134 125 124,1.59085659594996,1.6424806983141234,1.6310191360306452,121.16988508513727,Si O Si O
185,29 134 125 148,1.59085659594996,1.6424806983141234,1.6228140113473355,-116.5137622908277,Si O Si O
186,24 35 36 37,1.6198082812881927,1.5974202107404134,1.610982970047586,178.1486007156058,O Si O Si
187,30 35 36 37,1.5918879602047165,1.5974202107404134,1.610982970047586,64.44436545564112,O Si O Si
188,45 35 36 37,1.6208326948145493,1.5974202107404134,1.610982970047586,-55.207662078869355,O Si O Si
189,35 36 37 39,1.5974202107404134,1.610982970047586,1.6214615758172315,82.46838611603853,Si O Si O
190,35 36 37 42,1.5974202107404134,1.610982970047586,1.628898016567049,-40.176821079028656,Si O Si O
191,35 36 37 43,1.5974202107404134,1.610982970047586,1.622865662747705,-162.2270449566394,Si O Si O
192,24 35 45 154,1.6198082812881927,1.6208326948145493,1.621503650673602,10.679310249209896,O Si O Si
193,30 35 45 154,1.5918879602047165,1.6208326948145493,1.621503650673602,129.92581373181125,O Si O Si
194,36 35 45 154,1.5974202107404134,1.6208326948145493,1.621503650673602,-113.64486853711843,O Si O Si
195,35 45 154 136,1.6208326948145493,1.621503650673602,1.5987002413954199,-56.914765665810904,Si O Si O
196,35 45 154 139,1.6208326948145493,1.621503650673602,1.6237444000820744,-174.7892701061714,Si O Si O
197,35 45 154 189,1.6208326948145493,1.621503650673602,1.6438860810237432,60.592376795513815,Si O Si O
198,36 37 39 38,1.610982970047586,1.6214615758172315,1.6149094537090452,161.6322785344783,O Si O Si
199,42 37 39 38,1.628898016567049,1.6214615758172315,1.6149094537090452,-73.21845545077237,O Si O Si
200,43 37 39 38,1.622865662747705,1.6214615758172315,1.6149094537090452,53.67647205675024,O Si O Si
201,37 39 38 32,1.6214615758172315,1.6149094537090452,1.6285639169045323,-123.7452305215522,Si O Si O
202,37 39 38 34,1.6214615758172315,1.6149094537090452,1.611714617672247,-6.316409809293123,Si O Si O
203,37 39 38 44,1.6214615758172315,1.6149094537090452,1.6318384194019435,118.40761168491888,Si O Si O
204,36 37 42 41,1.610982970047586,1.628898016567049,1.638939015346512,-20.632056697094473,O Si O Si
205,39 37 42 41,1.6214615758172315,1.628898016567049,1.638939015346512,-145.33607038146235,O Si O Si
206,43 37 42 41,1.622865662747705,1.628898016567049,1.638939015346512,91.07980277861284,O Si O Si
207,37 42 41 33,1.628898016567049,1.638939015346512,1.6096755151461342,13.422240336306366,Si O Si O
208,37 42 41 49,1.628898016567049,1.638939015346512,1.6244242324044804,-105.39144179621229,Si O Si O
209,37 42 41 51,1.628898016567049,1.638939015346512,1.6306991172438028,131.99996026179426,Si O Si O
210,36 37 43 40,1.610982970047586,1.622865662747705,1.6174195647022236,-52.340099929492254,O Si O Si
211,39 37 43 40,1.6214615758172315,1.622865662747705,1.6174195647022236,64.72619195241464,O Si O Si
212,42 37 43 40,1.628898016567049,1.622865662747705,1.6174195647022236,-172.4622824226723,O Si O Si
213,37 43 40 31,1.622865662747705,1.6174195647022236,1.6250151735132343,98.33323702509578,Si O Si O
214,37 43 40 47,1.622865662747705,1.6174195647022236,1.6116091720264232,-22.60930393981235,Si O Si O
215,37 43 40 50,1.622865662747705,1.6174195647022236,1.6117697532497024,-140.3727526732668,Si O Si O
216,43 40 31 196,1.6174195647022236,1.6250151735132343,1.6242056334078296,-170.22092914015863,O Si O Si
217,47 40 31 196,1.6116091720264232,1.6250151735132343,1.6242056334078296,-43.74446728599326,O Si O Si
218,50 40 31 196,1.6117697532497024,1.6250151735132343,1.6242056334078296,74.49879370000478,O Si O Si
219,40 31 196 91,1.6250151735132343,1.6242056334078296,1.6028691290099746,22.898904942806382,Si O Si O
220,40 31 196 94,1.6250151735132343,1.6242056334078296,1.646313038575786,133.61641732123763,Si O Si O
221,40 31 196 197,1.6250151735132343,1.6242056334078296,1.6464199646346562,-84.97535412434934,Si O Si O
222,31 40 47 96,1.6250151735132343,1.6116091720264232,1.6186316086376362,59.14373381058824,O Si O Si
223,43 40 47 96,1.6174195647022236,1.6116091720264232,1.6186316086376362,-174.33811222833853,O Si O Si
224,50 40 47 96,1.6117697532497024,1.6116091720264232,1.6186316086376362,-61.06054804369944,O Si O Si
225,40 47 96 89,1.6116091720264232,1.6186316086376362,1.6403311224672308,14.803140050084856,Si O Si O
226,40 47 96 101,1.6116091720264232,1.6186316086376362,1.5946995298337647,130.6817694355527,Si O Si O
227,40 47 96 103,1.6116091720264232,1.6186316086376362,1.6161520299654664,-108.58985408679759,Si O Si O
228,31 40 50 156,1.6250151735132343,1.6117697532497024,1.6207418109876963,114.78599642904724,O Si O Si
229,43 40 50 156,1.6174195647022236,1.6117697532497024,1.6207418109876963,-8.310943044148587,O Si O Si
230,47 40 50 156,1.6116091720264232,1.6117697532497024,1.6207418109876963,-129.93343605269305,O Si O Si
231,40 50 156 46,1.6117697532497024,1.6207418109876963,1.6148931692863258,78.42644805314347,Si O Si O
232,40 50 156 144,1.6117697532497024,1.6207418109876963,1.6138981051172017,-157.21481262334086,Si O Si O
233,40 50 156 155,1.6117697532497024,1.6207418109876963,1.601047360276213,-41.09978818681575,Si O Si O
234,33 41 49 52,1.6096755151461342,1.6244242324044804,1.6232560086833008,-67.60178212348231,O Si O Si
235,42 41 49 52,1.638939015346512,1.6244242324044804,1.6232560086833008,50.3401493216311,O Si O Si
236,51 41 49 52,1.6306991172438028,1.6244242324044804,1.6232560086833008,174.8257264166793,O Si O Si
237,41 49 52 48,1.6244242324044804,1.6232560086833008,1.6079719060170938,-33.8632780154565,Si O Si O
238,41 49 52 84,1.6244242324044804,1.6232560086833008,1.6215377743354997,82.84159906707818,Si O Si O
239,41 49 52 97,1.6244242324044804,1.6232560086833008,1.6322815847886047,-150.6312666110317,Si O Si O
240,33 41 51 85,1.6096755151461342,1.6306991172438028,1.626364306482665,-67.88128160650606,O Si O Si
241,42 41 51 85,1.638939015346512,1.6306991172438028,1.626364306482665,172.93591587682712,O Si O Si
242,49 41 51 85,1.6244242324044804,1.6306991172438028,1.626364306482665,51.184371863788655,O Si O Si
243,41 51 85 92,1.6306991172438028,1.626364306482665,1.6164229692593004,-143.37801087729102,Si O Si O
244,41 51 85 106,1.6306991172438028,1.626364306482665,1.6140321351709566,-19.23036552138967,Si O Si O
245,41 51 85 201,1.6306991172438028,1.626364306482665,1.6304220406487597,94.50163052579389,Si O Si O
246,49 52 48 151,1.6232560086833008,1.6079719060170938,1.6043521712098254,-146.55585579591607,O Si O Si
247,84 52 48 151,1.6215377743354997,1.6079719060170938,1.6043521712098254,95.26207379941505,O Si O Si
248,97 52 48 151,1.6322815847886047,1.6079719060170938,1.6043521712098254,-26.200519833192363,O Si O Si
249,52 48 151 145,1.6079719060170938,1.6043521712098254,1.6138199961793933,-114.96216309834122,Si O Si O
250,52 48 151 153,1.6079719060170938,1.6043521712098254,1.622780423463105,7.79644023072595,Si O Si O
251,52 48 151 155,1.6079719060170938,1.6043521712098254,1.587879016148726,126.44841180505317,Si O Si O
252,48 52 84 53,1.6079719060170938,1.6215377743354997,1.621747103848639,100.72920797681007,O Si O Si
253,49 52 84 53,1.6232560086833008,1.6215377743354997,1.621747103848639,-16.673088162651744,O Si O Si
254,97 52 84 53,1.6322815847886047,1.6215377743354997,1.621747103848639,-142.3781023749476,O Si O Si
255,52 84 53 21,1.6215377743354997,1.621747103848639,1.6175447983479396,-4.886194003151852,Si O Si O
256,52 84 53 58,1.6215377743354997,1.621747103848639,1.610340919271337,112.68770998341893,Si O Si O
257,52 84 53 130,1.6215377743354997,1.621747103848639,1.6374928854970665,-124.40455999118319,Si O Si O
258,48 52 97 100,1.6079719060170938,1.6322815847886047,1.6269157095687314,-100.55294229498936,O Si O Si
259,49 52 97 100,1.6232560086833008,1.6322815847886047,1.6269157095687314,17.497547095908562,O Si O Si
260,84 52 97 100,1.6215377743354997,1.6322815847886047,1.6269157095687314,141.95314272581894,O Si O Si
261,52 97 100 95,1.6322815847886047,1.6269157095687314,1.6360909604223606,-50.1847822444693,Si O Si O
262,52 97 100 98,1.6322815847886047,1.6269157095687314,1.6364735918302602,78.79018897272354,Si O Si O
263,52 97 100 188,1.6322815847886047,1.6269157095687314,1.6391739730860089,-161.71486193483236,Si O Si O
264,21 53 58 81,1.6175447983479396,1.610340919271337,1.608750000707658,-172.39803418461688,O Si O Si
265,84 53 58 81,1.621747103848639,1.610340919271337,1.608750000707658,69.05401569413964,O Si O Si
266,130 53 58 81,1.6374928854970665,1.610340919271337,1.608750000707658,-57.49573522864845,O Si O Si
267,53 58 81 56,1.610340919271337,1.608750000707658,1.5912264097629487,152.99178264185545,Si O Si O
268,53 58 81 79,1.610340919271337,1.608750000707658,1.6111632027255,-91.4272413732485,Si O Si O
269,53 58 81 177,1.610340919271337,1.608750000707658,1.6038636754827862,33.121823677955604,Si O Si O
270,21 53 130 127,1.6175447983479396,1.6374928854970665,1.6466811558661798,-4.1107355951113105,O Si O Si
271,58 53 130 127,1.610340919271337,1.6374928854970665,1.6466811558661798,-121.46169626096267,O Si O Si
272,84 53 130 127,1.621747103848639,1.6374928854970665,1.6466811558661798,118.2755785716705,O Si O Si
273,53 130 127 7,1.6374928854970665,1.6466811558661798,1.6385892430974696,-13.996240001062223,Si O Si O
274,53 130 127 119,1.6374928854970665,1.6466811558661798,1.6277105654167185,-132.5792536608812,Si O Si O
275,53 130 127 126,1.6374928854970665,1.6466811558661798,1.6541505563532344,101.01075222316624,Si O Si O
276,59 63 61 64,1.6200704010928093,1.6150439403787569,1.6182036187745499,170.5418667559114,O Si O Si
277,62 63 61 64,1.6414124678334578,1.6150439403787569,1.6182036187745499,-72.48940214650818,O Si O Si
278,72 63 61 64,1.6410199785041377,1.6150439403787569,1.6182036187745499,49.92445023075264,O Si O Si
279,63 61 64 56,1.6150439403787569,1.6182036187745499,1.5959838812613063,-26.34483304208201,Si O Si O
280,63 61 64 60,1.6150439403787569,1.6182036187745499,1.6086032529531948,88.80902040280418,Si O Si O
281,63 61 64 78,1.6150439403787569,1.6182036187745499,1.591603262249675,-149.87286183816434,Si O Si O
282,59 63 62 65,1.6200704010928093,1.6414124678334578,1.6337116506271399,67.19019998452794,O Si O Si
283,61 63 62 65,1.6150439403787569,1.6414124678334578,1.6337116506271399,-50.299770346924284,O Si O Si
284,72 63 62 65,1.6410199785041377,1.6414124678334578,1.6337116506271399,-166.616045162713,O Si O Si
285,63 62 65 66,1.6414124678334578,1.6337116506271399,1.6196470777952612,-163.9514354048778,Si O Si O
286,63 62 65 67,1.6414124678334578,1.6337116506271399,1.6219279403026112,77.13661170162702,Si O Si O
287,63 62 65 71,1.6414124678334578,1.6337116506271399,1.6255821825703343,-45.71905398697364,Si O Si O
288,59 63 72 87,1.6200704010928093,1.6410199785041377,1.6425804914619917,-135.85348349320682,O Si O Si
289,61 63 72 87,1.6150439403787569,1.6410199785041377,1.6425804914619917,-16.951909823853548,O Si O Si
290,62 63 72 87,1.6414124678334578,1.6410199785041377,1.6425804914619917,99.71633397048066,O Si O Si
291,63 72 87 79,1.6410199785041377,1.6425804914619917,1.6199695398616896,-37.18448870709785,Si O Si O
292,63 72 87 94,1.6410199785041377,1.6425804914619917,1.6668726068791107,85.67525759498227,Si O Si O
293,63 72 87 102,1.6410199785041377,1.6425804914619917,1.6061690311640946,-150.91569959873829,Si O Si O
294,60 64 56 81,1.6086032529531948,1.5959838812613063,1.5912264097629487,-59.69403826767916,O Si O Si
295,61 64 56 81,1.6182036187745499,1.5959838812613063,1.5912264097629487,59.637907715270245,O Si O Si
296,78 64 56 81,1.591603262249675,1.5959838812613063,1.5912264097629487,179.87674428811528,O Si O Si
297,64 56 81 58,1.5959838812613063,1.5912264097629487,1.608750000707658,19.861319225662726,Si O Si O
298,64 56 81 79,1.5959838812613063,1.5912264097629487,1.6111632027255,-98.8985516476398,Si O Si O
299,64 56 81 177,1.5959838812613063,1.5912264097629487,1.6038636754827862,137.4310334648476,Si O Si O
300,56 64 60 68,1.5959838812613063,1.6086032529531948,1.6022835883728845,-143.30459130191625,O Si O Si
301,61 64 60 68,1.6182036187745499,1.6086032529531948,1.6022835883728845,95.1366966802768,O Si O Si
302,78 64 60 68,1.591603262249675,1.6086032529531948,1.6022835883728845,-22.729727996799486,O Si O Si
303,64 60 68 69,1.6086032529531948,1.6022835883728845,1.6069761541539018,-126.49793530368102,Si O Si O
304,64 60 68 76,1.6086032529531948,1.6022835883728845,1.597579641776407,-3.4935448477788698,Si O Si O
305,64 60 68 82,1.6086032529531948,1.6022835883728845,1.5773659723444795,114.19020536858379,Si O Si O
306,56 64 78 163,1.5959838812613063,1.591603262249675,1.6143989744304506,-26.28004898835958,O Si O Si
307,60 64 78 163,1.6086032529531948,1.591603262249675,1.6143989744304506,-141.50545737465063,O Si O Si
308,61 64 78 163,1.6182036187745499,1.591603262249675,1.6143989744304506,98.1768792866592,O Si O Si
309,64 78 163 23,1.591603262249675,1.6143989744304506,1.626178660091305,-127.89049943337184,Si O Si O
310,64 78 163 131,1.591603262249675,1.6143989744304506,1.5989431055614893,-12.580688708062683,Si O Si O
311,64 78 163 175,1.591603262249675,1.6143989744304506,1.5958810740981937,109.75097341365904,Si O Si O
312,62 65 66 185,1.6337116506271399,1.6196470777952612,1.6127337483017365,113.22176951227468,O Si O Si
313,67 65 66 185,1.6219279403026112,1.6196470777952612,1.6127337483017365,-123.82224414320287,O Si O Si
314,71 65 66 185,1.6255821825703343,1.6196470777952612,1.6127337483017365,-7.352807948701473,O Si O Si
315,65 66 185 132,1.6196470777952612,1.6127337483017365,1.5985694399385348,131.74573055613888,Si O Si O
316,65 66 185 161,1.6196470777952612,1.6127337483017365,1.6048686697184245,-105.9613563810329,Si O Si O
317,65 66 185 179,1.6196470777952612,1.6127337483017365,1.610803300124217,12.754821001182156,Si O Si O
318,62 65 67 70,1.6337116506271399,1.6219279403026112,1.6238207003396983,-141.25460828572602,O Si O Si
319,66 65 67 70,1.6196470777952612,1.6219279403026112,1.6238207003396983,96.91044863018776,O Si O Si
320,71 65 67 70,1.6255821825703343,1.6219279403026112,1.6238207003396983,-17.722886741833424,O Si O Si
321,65 67 70 55,1.6219279403026112,1.6238207003396983,1.6225675641574226,-141.88418130272686,Si O Si O
322,65 67 70 69,1.6219279403026112,1.6238207003396983,1.6109008238691955,95.72925058993216,Si O Si O
323,65 67 70 74,1.6219279403026112,1.6238207003396983,1.610541110121917,-18.18553031526398,Si O Si O
324,62 65 71 83,1.6337116506271399,1.6255821825703343,1.6218547343407006,141.86551748194708,O Si O Si
325,66 65 71 83,1.6196470777952612,1.6255821825703343,1.6218547343407006,-97.22074541152784,O Si O Si
326,67 65 71 83,1.6219279403026112,1.6255821825703343,1.6218547343407006,16.990505460809434,O Si O Si
327,65 71 83 57,1.6255821825703343,1.6218547343407006,1.5989787857456932,-79.69240591597797,Si O Si O
328,65 71 83 173,1.6255821825703343,1.6218547343407006,1.5949542887397965,157.75337959818813,Si O Si O
329,65 71 83 186,1.6255821825703343,1.6218547343407006,1.6226854093264402,37.43894280179255,Si O Si O
330,60 68 69 70,1.6022835883728845,1.6069761541539018,1.6109008238691955,-37.088201170413065,O Si O Si
331,76 68 69 70,1.597579641776407,1.6069761541539018,1.6109008238691955,-155.7502562937193,O Si O Si
332,82 68 69 70,1.5773659723444795,1.6069761541539018,1.6109008238691955,83.73867417482826,O Si O Si
333,68 69 70 55,1.6069761541539018,1.6109008238691955,1.6225675641574226,-57.34015262934654,Si O Si O
334,68 69 70 67,1.6069761541539018,1.6109008238691955,1.6238207003396983,64.72561996056048,Si O Si O
335,68 69 70 74,1.6069761541539018,1.6109008238691955,1.610541110121917,-173.26305696712672,Si O Si O
336,60 68 76 77,1.6022835883728845,1.597579641776407,1.5972881326045496,-89.15404044107355,O Si O Si
337,69 68 76 77,1.6069761541539018,1.597579641776407,1.5972881326045496,28.536474486558078,O Si O Si
338,82 68 76 77,1.5773659723444795,1.597579641776407,1.5972881326045496,150.26741654439448,O Si O Si
339,68 76 77 26,1.597579641776407,1.5972881326045496,1.5884342784084373,136.52328626612277,Si O Si O
340,68 76 77 73,1.597579641776407,1.5972881326045496,1.6133013787458534,15.713422960840786,Si O Si O
341,68 76 77 101,1.597579641776407,1.5972881326045496,1.6053650403692683,-102.19094210513153,Si O Si O
342,60 68 82 215,1.6022835883728845,1.5773659723444795,1.5855747747869082,69.4663622911142,O Si O Si
343,69 68 82 215,1.6069761541539018,1.5773659723444795,1.5855747747869082,-47.783765134865845,O Si O Si
344,76 68 82 215,1.597579641776407,1.5773659723444795,1.5855747747869082,-172.57030303412736,O Si O Si
345,68 82 215 98,1.5773659723444795,1.5855747747869082,1.645380262019113,96.34398681122964,Si O Si O
346,68 82 215 183,1.5773659723444795,1.5855747747869082,1.6381140129189824,-26.33138245926927,Si O Si O
347,68 82 215 192,1.5773659723444795,1.5855747747869082,1.6169878420103256,-147.59569713931282,Si O Si O
348,55 70 74 80,1.6225675641574226,1.610541110121917,1.6078829509846462,158.2683603259849,O Si O Si
349,67 70 74 80,1.6238207003396983,1.610541110121917,1.6078829509846462,32.96279592191284,O Si O Si
350,69 70 74 80,1.6109008238691955,1.610541110121917,1.6078829509846462,-83.26585695494352,O Si O Si
351,70 74 80 105,1.610541110121917,1.6078829509846462,1.6307035342481844,89.34287414132399,Si O Si O
352,70 74 80 186,1.610541110121917,1.6078829509846462,1.6135138021406057,-30.96065627433886,Si O Si O
353,70 74 80 199,1.610541110121917,1.6078829509846462,1.6054828478489107,-154.6613269459496,Si O Si O
354,54 75 57 83,1.5980277133562864,1.5854671109615652,1.5989787857456932,113.40867103705405,O Si O Si
355,73 75 57 83,1.6029382747922778,1.5854671109615652,1.5989787857456932,-126.50255288352403,O Si O Si
356,99 75 57 83,1.6022452472098065,1.5854671109615652,1.5989787857456932,-5.222255242313836,O Si O Si
357,75 57 83 71,1.5854671109615652,1.5989787857456932,1.6218547343407006,128.74985911933717,Si O Si O
358,75 57 83 173,1.5854671109615652,1.5989787857456932,1.5949542887397965,-104.38994615114065,Si O Si O
359,75 57 83 186,1.5854671109615652,1.5989787857456932,1.6226854093264402,9.664253020598132,Si O Si O
360,54 75 73 77,1.5980277133562864,1.6029382747922778,1.6133013787458534,-79.47946073306952,O Si O Si
361,57 75 73 77,1.5854671109615652,1.6029382747922778,1.6133013787458534,157.63851575101273,O Si O Si
362,99 75 73 77,1.6022452472098065,1.6029382747922778,1.6133013787458534,34.257488056587405,O Si O Si
363,75 73 77 26,1.6029382747922778,1.6133013787458534,1.5884342784084373,123.76760156179327,Si O Si O
364,75 73 77 76,1.6029382747922778,1.6133013787458534,1.5972881326045496,-111.78793814731085,Si O Si O
365,75 73 77 101,1.6029382747922778,1.6133013787458534,1.6053650403692683,6.481205804567243,Si O Si O
366,54 75 99 86,1.5980277133562864,1.6022452472098065,1.5923040618247564,-74.59987319814333,O Si O Si
367,57 75 99 86,1.5854671109615652,1.6022452472098065,1.5923040618247564,48.0296506519315,O Si O Si
368,73 75 99 86,1.6029382747922778,1.6022452472098065,1.5923040618247564,170.2173535461441,O Si O Si
369,75 99 86 104,1.6022452472098065,1.5923040618247564,1.6051571745531577,-171.83073223505198,Si O Si O
370,75 99 86 105,1.6022452472098065,1.5923040618247564,1.6107353912081765,-53.557204830007834,Si O Si O
371,75 99 86 108,1.6022452472098065,1.5923040618247564,1.629266718517483,70.83745024912797,Si O Si O
372,26 77 101 96,1.5884342784084373,1.6053650403692683,1.5946995298337647,87.13377395483016,O Si O Si
373,73 77 101 96,1.6133013787458534,1.6053650403692683,1.5946995298337647,-154.19900260294148,O Si O Si
374,76 77 101 96,1.5972881326045496,1.6053650403692683,1.5946995298337647,-38.75825230488049,O Si O Si
375,77 101 96 47,1.6053650403692683,1.5946995298337647,1.6186316086376362,-110.51099484745062,Si O Si O
376,77 101 96 89,1.6053650403692683,1.5946995298337647,1.6403311224672308,15.397636684584125,Si O Si O
377,77 101 96 103,1.6053650403692683,1.5946995298337647,1.6161520299654664,131.61997417754898,Si O Si O
378,74 80 105 86,1.6078829509846462,1.6307035342481844,1.6107353912081765,-1.8668822404043766,O Si O Si
379,186 80 105 86,1.6135138021406057,1.6307035342481844,1.6107353912081765,117.17875506811751,O Si O Si
380,199 80 105 86,1.6054828478489107,1.6307035342481844,1.6107353912081765,-118.50974930385325,O Si O Si
381,80 105 86 99,1.6307035342481844,1.6107353912081765,1.5923040618247564,-50.351503104163704,Si O Si O
382,80 105 86 104,1.6307035342481844,1.6107353912081765,1.6051571745531577,65.05501517839171,Si O Si O
383,80 105 86 108,1.6307035342481844,1.6107353912081765,1.629266718517483,-173.3107026080913,Si O Si O
384,74 80 186 83,1.6078829509846462,1.6135138021406057,1.6226854093264402,76.77095044066375,O Si O Si
385,105 80 186 83,1.6307035342481844,1.6135138021406057,1.6226854093264402,-50.240157889123324,O Si O Si
386,199 80 186 83,1.6054828478489107,1.6135138021406057,1.6226854093264402,-166.82691757669593,O Si O Si
387,80 186 83 57,1.6135138021406057,1.6226854093264402,1.5989787857456932,5.758635894091231,Si O Si O
388,80 186 83 71,1.6135138021406057,1.6226854093264402,1.6218547343407006,-108.46836889859689,Si O Si O
389,80 186 83 173,1.6135138021406057,1.6226854093264402,1.5949542887397965,123.86374350497898,Si O Si O
390,74 80 199 213,1.6078829509846462,1.6054828478489107,1.6092172383486165,-114.41221083718105,O Si O Si
391,105 80 199 213,1.6307035342481844,1.6054828478489107,1.6092172383486165,10.794672957208853,O Si O Si
392,186 80 199 213,1.6135138021406057,1.6054828478489107,1.6092172383486165,129.28015447079733,O Si O Si
393,80 199 213 92,1.6054828478489107,1.6092172383486165,1.621776855799016,62.12354810698177,Si O Si O
394,80 199 213 149,1.6054828478489107,1.6092172383486165,1.601248414739196,-179.30585574346662,Si O Si O
395,80 199 213 204,1.6054828478489107,1.6092172383486165,1.6045623794039172,-59.42616183082455,Si O Si O
396,56 81 79 87,1.5912264097629487,1.6111632027255,1.6199695398616896,40.52629086284809,O Si O Si
397,58 81 79 87,1.608750000707658,1.6111632027255,1.6199695398616896,-80.6136456631139,O Si O Si
398,177 81 79 87,1.6038636754827862,1.6111632027255,1.6199695398616896,160.5460877017864,O Si O Si
399,81 79 87 72,1.6111632027255,1.6199695398616896,1.6425804914619917,9.471872609431328,Si O Si O
400,81 79 87 94,1.6111632027255,1.6199695398616896,1.6668726068791107,-118.78425242545416,Si O Si O
401,81 79 87 102,1.6111632027255,1.6199695398616896,1.6061690311640946,123.66388510736259,Si O Si O
402,56 81 177 176,1.5912264097629487,1.6038636754827862,1.5953099776150732,162.789113834134,O Si O Si
403,58 81 177 176,1.608750000707658,1.6038636754827862,1.5953099776150732,-75.1197286610525,O Si O Si
404,79 81 177 176,1.6111632027255,1.6038636754827862,1.5953099776150732,45.84647431898355,O Si O Si
405,81 177 176 165,1.6038636754827862,1.5953099776150732,1.6065955703618728,158.22831455325957,Si O Si O
406,81 177 176 182,1.6038636754827862,1.5953099776150732,1.6099386453068096,40.62455911394906,Si O Si O
407,81 177 176 184,1.6038636754827862,1.5953099776150732,1.6006376665764175,-76.93551076312491,Si O Si O
408,57 83 173 170,1.5989787857456932,1.5949542887397965,1.6097549996995908,-147.75324466096757,O Si O Si
409,71 83 173 170,1.6218547343407006,1.5949542887397965,1.6097549996995908,-28.65002072111018,O Si O Si
410,186 83 173 170,1.6226854093264402,1.5949542887397965,1.6097549996995908,95.4180646189574,O Si O Si
411,83 173 170 168,1.5949542887397965,1.6097549996995908,1.5862308567332781,-163.69539214590097,Si O Si O
412,83 173 170 171,1.5949542887397965,1.6097549996995908,1.600688115659,-43.629173504878004,Si O Si O
413,83 173 170 172,1.5949542887397965,1.6097549996995908,1.5858844311023874,75.87737612985765,Si O Si O
414,51 85 92 213,1.626364306482665,1.6164229692593004,1.621776855799016,-134.97114873301066,O Si O Si
415,106 85 92 213,1.6140321351709566,1.6164229692593004,1.621776855799016,103.1232940932191,O Si O Si
416,201 85 92 213,1.6304220406487597,1.6164229692593004,1.621776855799016,-4.089093254752443,O Si O Si
417,85 92 213 149,1.6164229692593004,1.621776855799016,1.601248414739196,74.43481852388027,Si O Si O
418,85 92 213 199,1.6164229692593004,1.621776855799016,1.6092172383486165,-169.05340350371188,Si O Si O
419,85 92 213 204,1.6164229692593004,1.621776855799016,1.6045623794039172,-48.36788797899524,Si O Si O
420,51 85 106 90,1.626364306482665,1.6140321351709566,1.5966998948457407,-92.81702710585749,O Si O Si
421,92 85 106 90,1.6164229692593004,1.6140321351709566,1.5966998948457407,26.974107069874652,O Si O Si
422,201 85 106 90,1.6304220406487597,1.6140321351709566,1.5966998948457407,139.42994392984747,O Si O Si
423,85 106 90 93,1.6140321351709566,1.5966998948457407,1.6179700202059797,-135.11630079178505,Si O Si O
424,85 106 90 104,1.6140321351709566,1.5966998948457407,1.614743042422612,-13.350039367507469,Si O Si O
425,85 106 90 107,1.6140321351709566,1.5966998948457407,1.5870533458954321,102.51963855896875,Si O Si O
426,51 85 201 206,1.626364306482665,1.6304220406487597,1.631802263244932,-95.81237088760356,O Si O Si
427,92 85 201 206,1.6164229692593004,1.6304220406487597,1.631802263244932,142.15270976743446,O Si O Si
428,106 85 201 206,1.6140321351709566,1.6304220406487597,1.631802263244932,24.05397351666896,O Si O Si
429,85 201 206 161,1.6304220406487597,1.631802263244932,1.6024413322051867,49.46907408849117,Si O Si O
430,85 201 206 203,1.6304220406487597,1.631802263244932,1.60373362757698,165.60293045354,Si O Si O
431,85 201 206 210,1.6304220406487597,1.631802263244932,1.6409288934131754,-73.77779430267125,Si O Si O
432,99 86 104 90,1.5923040618247564,1.6051571745531577,1.614743042422612,-123.6978913698506,O Si O Si
433,105 86 104 90,1.6107353912081765,1.6051571745531577,1.614743042422612,122.68790791396783,O Si O Si
434,108 86 104 90,1.629266718517483,1.6051571745531577,1.614743042422612,-3.0938741827465543,O Si O Si
435,86 104 90 93,1.6051571745531577,1.614743042422612,1.6179700202059797,17.58090187886396,Si O Si O
436,86 104 90 106,1.6051571745531577,1.614743042422612,1.5966998948457407,-108.54177305003962,Si O Si O
437,86 104 90 107,1.6051571745531577,1.614743042422612,1.5870533458954321,137.14854736834198,Si O Si O
438,99 86 108 190,1.5923040618247564,1.629266718517483,1.633493257250732,108.82611001688387,O Si O Si
439,104 86 108 190,1.6051571745531577,1.629266718517483,1.633493257250732,-8.592634593682066,O Si O Si
440,105 86 108 190,1.6107353912081765,1.629266718517483,1.633493257250732,-132.54845713966492,O Si O Si
441,86 108 190 93,1.629266718517483,1.633493257250732,1.630565566447974,2.0952781903823414,Si O Si O
442,86 108 190 189,1.629266718517483,1.633493257250732,1.6301117317383966,-123.41991585466947,Si O Si O
443,86 108 190 195,1.629266718517483,1.633493257250732,1.6019554656741606,115.21951923860813,Si O Si O
444,72 87 94 196,1.6425804914619917,1.6668726068791107,1.646313038575786,131.62799285743455,O Si O Si
445,79 87 94 196,1.6199695398616896,1.6668726068791107,1.646313038575786,-103.56305237995649,O Si O Si
446,102 87 94 196,1.6061690311640946,1.6668726068791107,1.646313038575786,10.54039856525427,O Si O Si
447,87 94 196 31,1.6668726068791107,1.646313038575786,1.6242056334078296,-117.62132298656796,Si O Si O
448,87 94 196 91,1.6668726068791107,1.646313038575786,1.6028691290099746,1.6851192671047381,Si O Si O
449,87 94 196 197,1.6668726068791107,1.646313038575786,1.6464199646346562,113.65160022138092,Si O Si O
450,72 87 102 88,1.6425804914619917,1.6061690311640946,1.6028746442569706,-45.02025569539911,O Si O Si
451,79 87 102 88,1.6199695398616896,1.6061690311640946,1.6028746442569706,-162.55448335788407,O Si O Si
452,94 87 102 88,1.6668726068791107,1.6061690311640946,1.6028746442569706,82.21242562435815,O Si O Si
453,87 102 88 95,1.6061690311640946,1.6028746442569706,1.63626247762701,-176.93156984322567,Si O Si O
454,87 102 88 103,1.6061690311640946,1.6028746442569706,1.6235058801975821,-52.174712272580514,Si O Si O
455,87 102 88 107,1.6061690311640946,1.6028746442569706,1.5925456446899584,62.885547957786414,Si O Si O
456,102 88 95 100,1.6028746442569706,1.63626247762701,1.6360909604223606,12.028431659264323,O Si O Si
457,103 88 95 100,1.6235058801975821,1.63626247762701,1.6360909604223606,-115.89752142411706,O Si O Si
458,107 88 95 100,1.5925456446899584,1.63626247762701,1.6360909604223606,126.67924095474584,O Si O Si
459,88 95 100 97,1.63626247762701,1.6360909604223606,1.6269157095687314,-73.35368102487706,Si O Si O
460,88 95 100 98,1.63626247762701,1.6360909604223606,1.6364735918302602,163.03623768483087,Si O Si O
461,88 95 100 188,1.63626247762701,1.6360909604223606,1.6391739730860089,48.88888030791738,Si O Si O
462,95 88 103 96,1.63626247762701,1.6235058801975821,1.6161520299654664,47.448605480448684,O Si O Si
463,102 88 103 96,1.6028746442569706,1.6235058801975821,1.6161520299654664,-79.17428914721458,O Si O Si
464,107 88 103 96,1.5925456446899584,1.6235058801975821,1.6161520299654664,168.14480927477896,O Si O Si
465,88 103 96 47,1.6235058801975821,1.6161520299654664,1.6186316086376362,121.30978452189981,Si O Si O
466,88 103 96 89,1.6235058801975821,1.6161520299654664,1.6403311224672308,-8.854194216297177,Si O Si O
467,88 103 96 101,1.6235058801975821,1.6161520299654664,1.5946995298337647,-123.05552464156685,Si O Si O
468,95 88 107 90,1.63626247762701,1.5925456446899584,1.5870533458954321,77.09182627748004,O Si O Si
469,102 88 107 90,1.6028746442569706,1.5925456446899584,1.5870533458954321,-162.37143942499173,O Si O Si
470,103 88 107 90,1.6235058801975821,1.5925456446899584,1.5870533458954321,-41.61801186118378,O Si O Si
471,88 107 90 93,1.5925456446899584,1.5870533458954321,1.6179700202059797,92.62209241682866,Si O Si O
472,88 107 90 104,1.5925456446899584,1.5870533458954321,1.614743042422612,-26.411704538862992,Si O Si O
473,88 107 90 106,1.5925456446899584,1.5870533458954321,1.5966998948457407,-141.1527919686144,Si O Si O
474,104 90 93 190,1.614743042422612,1.6179700202059797,1.630565566447974,-27.52102783684316,O Si O Si
475,106 90 93 190,1.5966998948457407,1.6179700202059797,1.630565566447974,93.17146062052055,O Si O Si
476,107 90 93 190,1.5870533458954321,1.6179700202059797,1.630565566447974,-146.34231422424637,O Si O Si
477,90 93 190 108,1.6179700202059797,1.630565566447974,1.633493257250732,18.719368024709482,Si O Si O
478,90 93 190 189,1.6179700202059797,1.630565566447974,1.6301117317383966,143.30636689136637,Si O Si O
479,90 93 190 195,1.6179700202059797,1.630565566447974,1.6019554656741606,-97.4481717718798,Si O Si O
480,47 96 89 212,1.6186316086376362,1.6403311224672308,1.618705854117524,-64.82544504472128,O Si O Si
481,101 96 89 212,1.5946995298337647,1.6403311224672308,1.618705854117524,178.95482198078565,O Si O Si
482,103 96 89 212,1.6161520299654664,1.6403311224672308,1.618705854117524,59.080664750276384,O Si O Si
483,96 89 212 91,1.6403311224672308,1.618705854117524,1.6132264494305995,7.542962674957064,Si O Si O
484,96 89 212 188,1.6403311224672308,1.618705854117524,1.6192888119822137,-110.99020534397533,Si O Si O
485,96 89 212 208,1.6403311224672308,1.618705854117524,1.5976644965105442,119.35081324406703,Si O Si O
486,95 100 98 215,1.6360909604223606,1.6364735918302602,1.645380262019113,-81.52499700526347,O Si O Si
487,97 100 98 215,1.6269157095687314,1.6364735918302602,1.645380262019113,157.94356991317449,O Si O Si
488,188 100 98 215,1.6391739730860089,1.6364735918302602,1.645380262019113,31.116695481762495,O Si O Si
489,100 98 215 82,1.6364735918302602,1.645380262019113,1.5855747747869082,60.058225191794605,Si O Si O
490,100 98 215 183,1.6364735918302602,1.645380262019113,1.6381140129189824,177.5157610701859,Si O Si O
491,100 98 215 192,1.6364735918302602,1.645380262019113,1.6169878420103256,-52.80631858307338,Si O Si O
492,95 100 188 212,1.6360909604223606,1.6391739730860089,1.6192888119822137,21.102385109857266,O Si O Si
493,97 100 188 212,1.6269157095687314,1.6391739730860089,1.6192888119822137,134.05902696664756,O Si O Si
494,98 100 188 212,1.6364735918302602,1.6391739730860089,1.6192888119822137,-103.35365504534037,O Si O Si
495,100 188 212 89,1.6391739730860089,1.6192888119822137,1.618705854117524,26.121297195514437,Si O Si O
496,100 188 212 91,1.6391739730860089,1.6192888119822137,1.6132264494305995,-83.46159251656087,Si O Si O
497,100 188 212 208,1.6391739730860089,1.6192888119822137,1.5976644965105442,158.04004953605204,Si O Si O
498,111 110 109 112,1.6485663611522168,1.5729654717571397,1.8235989671672497,-0.020846194405141804,O Si O Si
499,113 110 109 112,1.6604748343231899,1.5729654717571397,1.8235989671672497,123.78862524792453,O Si O Si
500,118 110 109 112,1.6443111916911088,1.5729654717571397,1.8235989671672497,-122.2044949145426,O Si O Si
501,110 109 112 116,1.5729654717571397,1.8235989671672497,1.6783927731167623,-29.959684152622845,Si O Si O
502,110 109 112 120,1.5729654717571397,1.8235989671672497,1.6469833329144858,82.30768482748523,Si O Si O
503,110 109 112 158,1.5729654717571397,1.8235989671672497,1.88438849047927,-159.43476072913734,Si O Si O
504,109 110 111 117,1.5729654717571397,1.6485663611522168,1.6118385124800387,58.944662808522736,O Si O Si
505,113 110 111 117,1.6604748343231899,1.6485663611522168,1.6118385124800387,-63.62429870282904,O Si O Si
506,118 110 111 117,1.6443111916911088,1.6485663611522168,1.6118385124800387,-173.3544240231888,O Si O Si
507,110 111 117 114,1.6485663611522168,1.6118385124800387,1.616073134336774,-18.860616688438725,Si O Si O
508,110 111 117 119,1.6485663611522168,1.6118385124800387,1.6580538592777003,-145.0237869967864,Si O Si O
509,110 111 117 129,1.6485663611522168,1.6118385124800387,1.6251279476199696,94.03540821811633,Si O Si O
510,109 110 113 121,1.5729654717571397,1.6604748343231899,1.6138551393017166,-17.483834982213896,O Si O Si
511,111 110 113 121,1.6485663611522168,1.6604748343231899,1.6138551393017166,105.99215465138656,O Si O Si
512,118 110 113 121,1.6443111916911088,1.6604748343231899,1.6138551393017166,-140.9145705619084,O Si O Si
513,110 113 121 22,1.6604748343231899,1.6138551393017166,1.624037815328786,86.68237852158236,Si O Si O
514,110 113 121 136,1.6604748343231899,1.6138551393017166,1.6180594665819237,-147.72702088334827,Si O Si O
515,110 113 121 159,1.6604748343231899,1.6138551393017166,1.5751784643662838,-37.065679055288385,Si O Si O
516,109 112 116 115,1.8235989671672497,1.6783927731167623,1.5894971776026385,-62.42304320032886,O Si O Si
517,120 112 116 115,1.6469833329144858,1.6783927731167623,1.5894971776026385,-154.0277686470593,O Si O Si
518,158 112 116 115,1.88438849047927,1.6783927731167623,1.5894971776026385,113.47618976619036,O Si O Si
519,112 116 115 114,1.6783927731167623,1.5894971776026385,1.6286265629443768,107.13019497040193,Si O Si O
520,112 116 115 131,1.6783927731167623,1.5894971776026385,1.6126816664612427,-135.59882153390083,Si O Si O
521,112 116 115 160,1.6783927731167623,1.5894971776026385,1.641548500316426,-20.565128510265737,Si O Si O
522,109 112 120 125,1.8235989671672497,1.6469833329144858,1.5591542645192331,162.53531413586254,O Si O Si
523,116 112 120 125,1.6783927731167623,1.6469833329144858,1.5591542645192331,-104.97963995865986,O Si O Si
524,158 112 120 125,1.88438849047927,1.6469833329144858,1.5591542645192331,-12.78302255530455,O Si O Si
525,112 120 125 124,1.6469833329144858,1.5591542645192331,1.6310191360306452,139.7968810467039,Si O Si O
526,112 120 125 134,1.6469833329144858,1.5591542645192331,1.6424806983141234,-106.4661181287329,Si O Si O
527,112 120 125 148,1.6469833329144858,1.5591542645192331,1.6228140113473355,12.972750624518463,Si O Si O
528,109 112 158 174,1.8235989671672497,1.88438849047927,1.58058670775135,101.01267102369451,O Si O Si
529,116 112 158 174,1.6783927731167623,1.88438849047927,1.58058670775135,-28.486639914345215,O Si O Si
530,120 112 158 174,1.6469833329144858,1.88438849047927,1.58058670775135,-140.77397084460767,O Si O Si
531,112 158 174 168,1.88438849047927,1.58058670775135,1.6301100395426698,-50.20849627785141,Si O Si O
532,112 158 174 175,1.88438849047927,1.58058670775135,1.6311530286805296,70.14352649195145,Si O Si O
533,112 158 174 180,1.88438849047927,1.58058670775135,1.6634091825282915,-163.83335269779107,Si O Si O
534,116 115 114 117,1.5894971776026385,1.6286265629443768,1.616073134336774,-14.628674841741953,O Si O Si
535,131 115 114 117,1.6126816664612427,1.6286265629443768,1.616073134336774,-132.95079800758265,O Si O Si
536,160 115 114 117,1.641548500316426,1.6286265629443768,1.616073134336774,113.28236441971386,O Si O Si
537,115 114 117 111,1.6286265629443768,1.616073134336774,1.6118385124800387,-25.78471230705702,Si O Si O
538,115 114 117 119,1.6286265629443768,1.616073134336774,1.6580538592777003,99.47553864375185,Si O Si O
539,115 114 117 129,1.6286265629443768,1.616073134336774,1.6251279476199696,-142.74344824933902,Si O Si O
540,114 115 131 163,1.6286265629443768,1.6126816664612427,1.5989431055614893,115.99192183105919,O Si O Si
541,116 115 131 163,1.5894971776026385,1.6126816664612427,1.5989431055614893,-2.3938485343572875,O Si O Si
542,160 115 131 163,1.641548500316426,1.6126816664612427,1.5989431055614893,-123.82315661264914,O Si O Si
543,115 131 163 23,1.6126816664612427,1.5989431055614893,1.626178660091305,-89.90090907116546,Si O Si O
544,115 131 163 78,1.6126816664612427,1.5989431055614893,1.6143989744304506,153.5188536998666,Si O Si O
545,115 131 163 175,1.6126816664612427,1.5989431055614893,1.5958810740981937,34.46672864279738,Si O Si O
546,114 115 160 169,1.6286265629443768,1.641548500316426,1.6185917506324659,-106.59429371432284,O Si O Si
547,116 115 160 169,1.5894971776026385,1.641548500316426,1.6185917506324659,18.966924512661627,O Si O Si
548,131 115 160 169,1.6126816664612427,1.641548500316426,1.6185917506324659,137.2834830023715,O Si O Si
549,115 160 169 159,1.641548500316426,1.6185917506324659,1.5746779288243526,57.57633567421452,Si O Si O
550,115 160 169 172,1.641548500316426,1.6185917506324659,1.5950005250085408,-55.69629232043656,Si O Si O
551,115 160 169 181,1.641548500316426,1.6185917506324659,1.6086134758827202,-177.75709657457162,Si O Si O
552,111 117 119 127,1.6118385124800387,1.6580538592777003,1.6277105654167185,-144.9492246160885,O Si O Si
553,114 117 119 127,1.616073134336774,1.6580538592777003,1.6277105654167185,90.70473521621624,O Si O Si
554,129 117 119 127,1.6251279476199696,1.6580538592777003,1.6277105654167185,-23.653740867200888,O Si O Si
555,117 119 127 7,1.6580538592777003,1.6277105654167185,1.6385892430974696,-59.42221961509743,Si O Si O
556,117 119 127 126,1.6580538592777003,1.6277105654167185,1.6541505563532344,179.14157944081944,Si O Si O
557,117 119 127 130,1.6580538592777003,1.6277105654167185,1.6466811558661798,53.90379433905918,Si O Si O
558,111 117 129 138,1.6118385124800387,1.6251279476199696,1.5966223841229183,20.60310625468042,O Si O Si
559,114 117 129 138,1.616073134336774,1.6251279476199696,1.5966223841229183,137.65587772976684,O Si O Si
560,119 117 129 138,1.6580538592777003,1.6251279476199696,1.5966223841229183,-101.79260663172377,O Si O Si
561,117 129 138 135,1.6251279476199696,1.5966223841229183,1.5951653872644147,43.487941104109716,Si O Si O
562,117 129 138 141,1.6251279476199696,1.5966223841229183,1.6161152122709295,-73.37927774291633,Si O Si O
563,117 129 138 145,1.6251279476199696,1.5966223841229183,1.6202120732285057,160.75796084230976,Si O Si O
564,22 121 136 154,1.624037815328786,1.6180594665819237,1.5987002413954199,73.23621634665315,O Si O Si
565,113 121 136 154,1.6138551393017166,1.6180594665819237,1.5987002413954199,-54.270957156042115,O Si O Si
566,159 121 136 154,1.5751784643662838,1.6180594665819237,1.5987002413954199,-168.93675959060752,O Si O Si
567,121 136 154 45,1.6180594665819237,1.5987002413954199,1.621503650673602,-14.098347954078232,Si O Si O
568,121 136 154 139,1.6180594665819237,1.5987002413954199,1.6237444000820744,103.41290584031677,Si O Si O
569,121 136 154 189,1.6180594665819237,1.5987002413954199,1.6438860810237432,-133.1141306427028,Si O Si O
570,22 121 159 169,1.624037815328786,1.5751784643662838,1.5746779288243526,43.31102423056512,O Si O Si
571,113 121 159 169,1.6138551393017166,1.5751784643662838,1.5746779288243526,167.98647575899778,O Si O Si
572,136 121 159 169,1.6180594665819237,1.5751784643662838,1.5746779288243526,-72.96848390465367,O Si O Si
573,121 159 169 160,1.5751784643662838,1.5746779288243526,1.6185917506324659,165.26210837178758,Si O Si O
574,121 159 169 172,1.5751784643662838,1.5746779288243526,1.5950005250085408,-76.13948837614997,Si O Si O
575,121 159 169 181,1.5751784643662838,1.5746779288243526,1.6086134758827202,36.481377298820576,Si O Si O
576,126 123 122 133,1.638098523224906,1.6295087324269142,1.6222038526260434,-112.76814203015886,O Si O Si
577,162 123 122 133,1.616673103291936,1.6295087324269142,1.6222038526260434,2.20807644729812,O Si O Si
578,183 123 122 133,1.6398734169090907,1.6295087324269142,1.6222038526260434,114.99975097531289,O Si O Si
579,123 122 133 124,1.6295087324269142,1.6222038526260434,1.5974775903028062,104.17762261899922,Si O Si O
580,123 122 133 128,1.6295087324269142,1.6222038526260434,1.6399082261021134,-21.187619320844977,Si O Si O
581,123 122 133 137,1.6295087324269142,1.6222038526260434,1.6246297163253085,-138.73792675465822,Si O Si O
582,122 123 126 127,1.6295087324269142,1.638098523224906,1.6541505563532344,105.68910592484093,O Si O Si
583,162 123 126 127,1.616673103291936,1.638098523224906,1.6541505563532344,-11.652969385423985,O Si O Si
584,183 123 126 127,1.6398734169090907,1.638098523224906,1.6541505563532344,-131.91516928427686,O Si O Si
585,123 126 127 7,1.638098523224906,1.6541505563532344,1.6385892430974696,170.94735681274784,Si O Si O
586,123 126 127 119,1.638098523224906,1.6541505563532344,1.6277105654167185,-66.69158949360417,Si O Si O
587,123 126 127 130,1.638098523224906,1.6541505563532344,1.6466811558661798,60.70048179107688,Si O Si O
588,122 123 162 167,1.6295087324269142,1.616673103291936,1.6213134502159778,23.42345566484975,O Si O Si
589,126 123 162 167,1.638098523224906,1.616673103291936,1.6213134502159778,144.88750386116254,O Si O Si
590,183 123 162 167,1.6398734169090907,1.616673103291936,1.6213134502159778,-85.92941418897075,O Si O Si
591,123 162 167 128,1.616673103291936,1.6213134502159778,1.6335964707236696,-21.27140204765675,Si O Si O
592,123 162 167 164,1.616673103291936,1.6213134502159778,1.60874757635863,-141.02082441751432,Si O Si O
593,123 162 167 178,1.616673103291936,1.6213134502159778,1.6133467342130428,104.74205635734852,Si O Si O
594,122 123 183 215,1.6295087324269142,1.6398734169090907,1.6381140129189824,-80.91394770687351,O Si O Si
595,126 123 183 215,1.638098523224906,1.6398734169090907,1.6381140129189824,151.14885780727735,O Si O Si
596,162 123 183 215,1.616673103291936,1.6398734169090907,1.6381140129189824,32.48527923416081,O Si O Si
597,123 183 215 82,1.6398734169090907,1.6381140129189824,1.5855747747869082,-120.47155059670295,Si O Si O
598,123 183 215 98,1.6398734169090907,1.6381140129189824,1.645380262019113,121.92947362715582,Si O Si O
599,123 183 215 192,1.6398734169090907,1.6381140129189824,1.6169878420103256,-5.402279906500211,Si O Si O
600,120 125 124 133,1.5591542645192331,1.6310191360306452,1.5974775903028062,-174.58382242429977,O Si O Si
601,134 125 124 133,1.6424806983141234,1.6310191360306452,1.5974775903028062,61.52359572256469,O Si O Si
602,148 125 124 133,1.6228140113473355,1.6310191360306452,1.5974775903028062,-52.71679373125781,O Si O Si
603,125 124 133 122,1.6310191360306452,1.5974775903028062,1.6222038526260434,129.82332863280803,Si O Si O
604,125 124 133 128,1.6310191360306452,1.5974775903028062,1.6399082261021134,-113.58386970037749,Si O Si O
605,125 124 133 137,1.6310191360306452,1.5974775903028062,1.6246297163253085,5.6675358570954035,Si O Si O
606,120 125 148 147,1.5591542645192331,1.6228140113473355,1.5936369474794874,113.94643175696922,O Si O Si
607,124 125 148 147,1.6310191360306452,1.6228140113473355,1.5936369474794874,-7.125663425488556,O Si O Si
608,134 125 148 147,1.6424806983141234,1.6228140113473355,1.5936369474794874,-119.34961189107814,O Si O Si
609,125 148 147 144,1.6228140113473355,1.5936369474794874,1.6255992696974058,-12.96224176323405,Si O Si O
610,125 148 147 146,1.6228140113473355,1.5936369474794874,1.620742709419741,110.14193080582746,Si O Si O
611,125 148 147 150,1.6228140113473355,1.5936369474794874,1.620498178634236,-136.83499397578188,Si O Si O
612,122 133 128 167,1.6222038526260434,1.6399082261021134,1.6335964707236696,24.39691881053462,O Si O Si
613,124 133 128 167,1.5974775903028062,1.6399082261021134,1.6335964707236696,-92.991284585608,O Si O Si
614,137 133 128 167,1.6246297163253085,1.6399082261021134,1.6335964707236696,148.3907474777149,O Si O Si
615,133 128 167 162,1.6399082261021134,1.6335964707236696,1.6213134502159778,-6.920877946272561,Si O Si O
616,133 128 167 164,1.6399082261021134,1.6335964707236696,1.60874757635863,113.26700187636264,Si O Si O
617,133 128 167 178,1.6399082261021134,1.6335964707236696,1.6133467342130428,-126.80995790281267,Si O Si O
618,122 133 137 140,1.6222038526260434,1.6246297163253085,1.6255956859490672,162.0669688217379,O Si O Si
619,124 133 137 140,1.5974775903028062,1.6246297163253085,1.6255956859490672,-80.63398323412292,O Si O Si
620,128 133 137 140,1.6399082261021134,1.6246297163253085,1.6255956859490672,45.78723706729353,O Si O Si
621,133 137 140 143,1.6246297163253085,1.6255956859490672,1.5994053067232825,113.54421187365169,Si O Si O
622,133 137 140 149,1.6246297163253085,1.6255956859490672,1.600042539968093,-10.425191877851619,Si O Si O
623,133 137 140 152,1.6246297163253085,1.6255956859490672,1.6114491270548807,-127.66135606828978,Si O Si O
624,129 138 135 157,1.5966223841229183,1.5951653872644147,1.5804218658815339,96.84959328116231,O Si O Si
625,141 138 135 157,1.6161152122709295,1.5951653872644147,1.5804218658815339,-142.55269964832848,O Si O Si
626,145 138 135 157,1.6202120732285057,1.5951653872644147,1.5804218658815339,-23.468315330779603,O Si O Si
627,138 135 157 182,1.5951653872644147,1.5804218658815339,1.6055050217553213,-64.5699976220475,Si O Si O
628,138 135 157 203,1.5951653872644147,1.5804218658815339,1.6028550660480954,173.1903683142097,Si O Si O
629,138 135 157 207,1.5951653872644147,1.5804218658815339,1.6108194328876244,50.862278876257676,Si O Si O
630,129 138 141 142,1.5966223841229183,1.6161152122709295,1.6186836766061168,-141.58646549141196,O Si O Si
631,135 138 141 142,1.5951653872644147,1.6161152122709295,1.6186836766061168,100.42991817666946,O Si O Si
632,145 138 141 142,1.6202120732285057,1.6161152122709295,1.6186836766061168,-15.606874722856654,O Si O Si
633,138 141 142 139,1.6161152122709295,1.6186836766061168,1.6256921144391536,173.38626219225424,Si O Si O
634,138 141 142 143,1.6161152122709295,1.6186836766061168,1.6195655129374482,-64.53195614015236,Si O Si O
635,138 141 142 146,1.6161152122709295,1.6186836766061168,1.6111042854094142,48.90331576579693,Si O Si O
636,129 138 145 151,1.5966223841229183,1.6202120732285057,1.6138199961793933,-120.71123289859815,O Si O Si
637,135 138 145 151,1.5951653872644147,1.6202120732285057,1.6138199961793933,-2.657175875156393,O Si O Si
638,141 138 145 151,1.6161152122709295,1.6202120732285057,1.6138199961793933,113.03232067931364,O Si O Si
639,138 145 151 48,1.6202120732285057,1.6138199961793933,1.6043521712098254,88.73116387792982,Si O Si O
640,138 145 151 153,1.6202120732285057,1.6138199961793933,1.622780423463105,-31.29472787419664,Si O Si O
641,138 145 151 155,1.6202120732285057,1.6138199961793933,1.587879016148726,-153.03356031340476,Si O Si O
642,137 140 143 142,1.6255956859490672,1.5994053067232825,1.6195655129374482,67.12993401972848,O Si O Si
643,149 140 143 142,1.600042539968093,1.5994053067232825,1.6195655129374482,-167.48556830574034,O Si O Si
644,152 140 143 142,1.6114491270548807,1.5994053067232825,1.6195655129374482,-50.51026044340822,O Si O Si
645,140 143 142 139,1.5994053067232825,1.6195655129374482,1.6256921144391536,176.0645848056665,Si O Si O
646,140 143 142 141,1.5994053067232825,1.6195655129374482,1.6186836766061168,51.87003282343271,Si O Si O
647,140 143 142 146,1.5994053067232825,1.6195655129374482,1.6111042854094142,-60.2541074374153,Si O Si O
648,137 140 149 213,1.6255956859490672,1.600042539968093,1.601248414739196,-93.7923772809375,O Si O Si
649,143 140 149 213,1.5994053067232825,1.600042539968093,1.601248414739196,138.87874577663234,O Si O Si
650,152 140 149 213,1.6114491270548807,1.600042539968093,1.601248414739196,22.052442148797738,O Si O Si
651,140 149 213 92,1.600042539968093,1.601248414739196,1.621776855799016,-105.81391700194514,Si O Si O
652,140 149 213 199,1.600042539968093,1.601248414739196,1.6092172383486165,133.43208759857748,Si O Si O
653,140 149 213 204,1.600042539968093,1.601248414739196,1.6045623794039172,15.832486902165554,Si O Si O
654,137 140 152 205,1.6255956859490672,1.6114491270548807,1.6115049189418928,11.401806581064596,O Si O Si
655,143 140 152 205,1.5994053067232825,1.6114491270548807,1.6115049189418928,134.64592799032727,O Si O Si
656,149 140 152 205,1.600042539968093,1.6114491270548807,1.6115049189418928,-108.0058009190962,O Si O Si
657,140 152 205 153,1.6114491270548807,1.6115049189418928,1.6073513770830181,-58.38104503289191,Si O Si O
658,140 152 205 191,1.6114491270548807,1.6115049189418928,1.6029412931511642,67.37721949198739,Si O Si O
659,140 152 205 207,1.6114491270548807,1.6115049189418928,1.600087634106681,-176.0374524983605,Si O Si O
660,141 142 139 154,1.6186836766061168,1.6256921144391536,1.6237444000820744,-11.001059295919973,O Si O Si
661,143 142 139 154,1.6195655129374482,1.6256921144391536,1.6237444000820744,-136.09481530544463,O Si O Si
662,146 142 139 154,1.6111042854094142,1.6256921144391536,1.6237444000820744,106.44413971468833,O Si O Si
663,142 139 154 45,1.6256921144391536,1.6237444000820744,1.621503650673602,92.45629777167953,Si O Si O
664,142 139 154 136,1.6256921144391536,1.6237444000820744,1.5987002413954199,-21.094688575174494,Si O Si O
665,142 139 154 189,1.6256921144391536,1.6237444000820744,1.6438860810237432,-143.10950580402465,Si O Si O
666,139 142 146 147,1.6256921144391536,1.6111042854094142,1.620742709419741,78.00058451147422,O Si O Si
667,141 142 146 147,1.6186836766061168,1.6111042854094142,1.620742709419741,-159.8751711845438,O Si O Si
668,143 142 146 147,1.6195655129374482,1.6111042854094142,1.620742709419741,-40.86115275646787,O Si O Si
669,142 146 147 144,1.6111042854094142,1.620742709419741,1.6255992696974058,109.41464907442094,Si O Si O
670,142 146 147 148,1.6111042854094142,1.620742709419741,1.5936369474794874,-4.766435995845863,Si O Si O
671,142 146 147 150,1.6111042854094142,1.620742709419741,1.620498178634236,-129.97172772935147,Si O Si O
672,146 147 144 156,1.620742709419741,1.6255992696974058,1.6138981051172017,58.34518053671244,O Si O Si
673,148 147 144 156,1.5936369474794874,1.6255992696974058,1.6138981051172017,177.1439262837992,O Si O Si
674,150 147 144 156,1.620498178634236,1.6255992696974058,1.6138981051172017,-54.80957883943396,O Si O Si
675,147 144 156 46,1.6255992696974058,1.6138981051172017,1.6148931692863258,159.85088648873136,Si O Si O
676,147 144 156 50,1.6255992696974058,1.6138981051172017,1.6207418109876963,37.15074014277957,Si O Si O
677,147 144 156 155,1.6255992696974058,1.6138981051172017,1.601047360276213,-81.11418032829614,Si O Si O
678,144 147 150 209,1.6255992696974058,1.620498178634236,1.6126537796876437,124.08048942420864,O Si O Si
679,146 147 150 209,1.620742709419741,1.620498178634236,1.6126537796876437,1.0196074925861038,O Si O Si
680,148 147 150 209,1.5936369474794874,1.620498178634236,1.6126537796876437,-117.62522723226407,O Si O Si
681,147 150 209 194,1.620498178634236,1.6126537796876437,1.609877350068207,71.48847561454834,Si O Si O
682,147 150 209 197,1.620498178634236,1.6126537796876437,1.6550289507025595,-54.105261074299726,Si O Si O
683,147 150 209 208,1.620498178634236,1.6126537796876437,1.6260380307348088,-175.17426052811373,Si O Si O
684,48 151 153 205,1.6043521712098254,1.622780423463105,1.6073513770830181,-108.70375737439423,O Si O Si
685,145 151 153 205,1.6138199961793933,1.622780423463105,1.6073513770830181,13.749207426588255,O Si O Si
686,155 151 153 205,1.587879016148726,1.622780423463105,1.6073513770830181,134.33239648823152,O Si O Si
687,151 153 205 152,1.622780423463105,1.6073513770830181,1.6115049189418928,-56.99304213309166,Si O Si O
688,151 153 205 191,1.622780423463105,1.6073513770830181,1.6029412931511642,179.02810102894313,Si O Si O
689,151 153 205 207,1.622780423463105,1.6073513770830181,1.600087634106681,58.051782501492866,Si O Si O
690,48 151 155 156,1.6043521712098254,1.587879016148726,1.601047360276213,145.3025955506848,O Si O Si
691,145 151 155 156,1.6138199961793933,1.587879016148726,1.601047360276213,24.71574219927158,O Si O Si
692,153 151 155 156,1.622780423463105,1.587879016148726,1.601047360276213,-98.02350548067788,O Si O Si
693,151 155 156 46,1.587879016148726,1.601047360276213,1.6148931692863258,159.6185650023958,Si O Si O
694,151 155 156 50,1.587879016148726,1.601047360276213,1.6207418109876963,-76.74457994808677,Si O Si O
695,151 155 156 144,1.587879016148726,1.601047360276213,1.6138981051172017,34.77172028182676,Si O Si O
696,45 154 189 190,1.621503650673602,1.6438860810237432,1.6301117317383966,-126.15107040656498,O Si O Si
697,136 154 189 190,1.5987002413954199,1.6438860810237432,1.6301117317383966,-12.218548427092038,O Si O Si
698,139 154 189 190,1.6237444000820744,1.6438860810237432,1.6301117317383966,110.36669027504189,O Si O Si
699,154 189 190 93,1.6438860810237432,1.6301117317383966,1.630565566447974,88.42634749833255,Si O Si O
700,154 189 190 108,1.6438860810237432,1.6301117317383966,1.633493257250732,-152.56344106460605,Si O Si O
701,154 189 190 195,1.6438860810237432,1.6301117317383966,1.6019554656741606,-29.83465874464475,Si O Si O
702,135 157 182 176,1.5804218658815339,1.6055050217553213,1.6099386453068096,-139.56825011803048,O Si O Si
703,203 157 182 176,1.6028550660480954,1.6055050217553213,1.6099386453068096,-21.402788852979985,O Si O Si
704,207 157 182 176,1.6108194328876244,1.6055050217553213,1.6099386453068096,98.18816264925346,O Si O Si
705,157 182 176 165,1.6055050217553213,1.6099386453068096,1.6065955703618728,77.63751044523751,Si O Si O
706,157 182 176 177,1.6055050217553213,1.6099386453068096,1.5953099776150732,-157.9089040208283,Si O Si O
707,157 182 176 184,1.6055050217553213,1.6099386453068096,1.6006376665764175,-41.57999703808824,Si O Si O
708,135 157 203 206,1.5804218658815339,1.6028550660480954,1.60373362757698,-117.1678240193526,O Si O Si
709,182 157 203 206,1.6055050217553213,1.6028550660480954,1.60373362757698,121.04192874849353,O Si O Si
710,207 157 203 206,1.6108194328876244,1.6028550660480954,1.60373362757698,6.770703840825467,O Si O Si
711,157 203 206 161,1.6028550660480954,1.60373362757698,1.6024413322051867,177.70359733697163,Si O Si O
712,157 203 206 201,1.6028550660480954,1.60373362757698,1.631802263244932,65.2237086796378,Si O Si O
713,157 203 206 210,1.6028550660480954,1.60373362757698,1.6409288934131754,-64.61651500399483,Si O Si O
714,135 157 207 205,1.5804218658815339,1.6108194328876244,1.600087634106681,21.138478047622463,O Si O Si
715,182 157 207 205,1.6055050217553213,1.6108194328876244,1.600087634106681,141.85694536088363,O Si O Si
716,203 157 207 205,1.6028550660480954,1.6108194328876244,1.600087634106681,-97.86054195114436,O Si O Si
717,157 207 205 152,1.6108194328876244,1.600087634106681,1.6115049189418928,32.700644857135934,Si O Si O
718,157 207 205 153,1.6108194328876244,1.600087634106681,1.6073513770830181,-85.72457325202656,Si O Si O
719,157 207 205 191,1.6108194328876244,1.600087634106681,1.6029412931511642,150.42595581564836,Si O Si O
720,23 163 175 174,1.626178660091305,1.5958810740981937,1.6311530286805296,141.30487967829862,O Si O Si
721,78 163 175 174,1.6143989744304506,1.5958810740981937,1.6311530286805296,-99.77379554741754,O Si O Si
722,131 163 175 174,1.5989431055614893,1.5958810740981937,1.6311530286805296,21.139812293706168,O Si O Si
723,163 175 174 158,1.5958810740981937,1.6311530286805296,1.58058670775135,-92.65312361061011,Si O Si O
724,163 175 174 168,1.5958810740981937,1.6311530286805296,1.6301100395426698,26.912994153130906,Si O Si O
725,163 175 174 180,1.5958810740981937,1.6311530286805296,1.6634091825282915,131.81786095823912,Si O Si O
726,165 166 164 167,1.6006103949756063,1.6048954774666142,1.60874757635863,68.86074929132809,O Si O Si
727,171 166 164 167,1.592169947282828,1.6048954774666142,1.60874757635863,-44.27164252006797,O Si O Si
728,179 166 164 167,1.5983481081777553,1.6048954774666142,1.60874757635863,-163.55164967842552,O Si O Si
729,166 164 167 128,1.6048954774666142,1.60874757635863,1.6335964707236696,-173.6606715527963,Si O Si O
730,166 164 167 162,1.6048954774666142,1.60874757635863,1.6213134502159778,-56.922920081913816,Si O Si O
731,166 164 167 178,1.6048954774666142,1.60874757635863,1.6133467342130428,59.14330540915313,Si O Si O
732,164 166 165 176,1.6048954774666142,1.6006103949756063,1.6065955703618728,-148.280126142976,O Si O Si
733,171 166 165 176,1.592169947282828,1.6006103949756063,1.6065955703618728,-26.21776579875755,O Si O Si
734,179 166 165 176,1.5983481081777553,1.6006103949756063,1.6065955703618728,87.33925336666276,O Si O Si
735,166 165 176 177,1.6006103949756063,1.6065955703618728,1.5953099776150732,81.36415044921684,Si O Si O
736,166 165 176 182,1.6006103949756063,1.6065955703618728,1.6099386453068096,-154.69720951020082,Si O Si O
737,166 165 176 184,1.6006103949756063,1.6065955703618728,1.6006376665764175,-39.38058147936183,Si O Si O
738,164 166 171 170,1.6048954774666142,1.592169947282828,1.600688115659,-62.076403606552624,O Si O Si
739,165 166 171 170,1.6006103949756063,1.592169947282828,1.600688115659,-177.54516102819582,O Si O Si
740,179 166 171 170,1.5983481081777553,1.592169947282828,1.600688115659,60.59833695912412,O Si O Si
741,166 171 170 168,1.592169947282828,1.600688115659,1.5862308567332781,130.2981935219144,Si O Si O
742,166 171 170 172,1.592169947282828,1.600688115659,1.5858844311023874,-113.88587895070597,Si O Si O
743,166 171 170 173,1.592169947282828,1.600688115659,1.6097549996995908,1.132859875021886,Si O Si O
744,164 166 179 185,1.6048954774666142,1.5983481081777553,1.610803300124217,-68.07069635315473,O Si O Si
745,165 166 179 185,1.6006103949756063,1.5983481081777553,1.610803300124217,53.95487739051824,O Si O Si
746,171 166 179 185,1.592169947282828,1.5983481081777553,1.610803300124217,166.19087390322056,O Si O Si
747,166 179 185 66,1.5983481081777553,1.610803300124217,1.6127337483017365,142.94044285352433,Si O Si O
748,166 179 185 132,1.5983481081777553,1.610803300124217,1.5985694399385348,18.610632487428283,Si O Si O
749,166 179 185 161,1.5983481081777553,1.610803300124217,1.6048686697184245,-99.48190466165191,Si O Si O
750,128 167 178 187,1.6335964707236696,1.6133467342130428,1.6278038092299973,49.37119070931831,O Si O Si
751,162 167 178 187,1.6213134502159778,1.6133467342130428,1.6278038092299973,-69.33170743744938,O Si O Si
752,164 167 178 187,1.60874757635863,1.6133467342130428,1.6278038092299973,172.26050520192302,O Si O Si
753,167 178 187 180,1.6133467342130428,1.6278038092299973,1.6074791007497047,158.42866898081567,Si O Si O
754,167 178 187 192,1.6133467342130428,1.6278038092299973,1.6246586903932845,28.21492973233869,Si O Si O
755,167 178 187 214,1.6133467342130428,1.6278038092299973,1.5998144698391097,-85.4143642934705,Si O Si O
756,159 169 172 170,1.5746779288243526,1.5950005250085408,1.5858844311023874,-169.45410390045586,O Si O Si
757,160 169 172 170,1.6185917506324659,1.5950005250085408,1.5858844311023874,-58.422991448851086,O Si O Si
758,181 169 172 170,1.6086134758827202,1.5950005250085408,1.5858844311023874,71.83135251118556,O Si O Si
759,169 172 170 168,1.5950005250085408,1.5858844311023874,1.5862308567332781,64.75690451946281,Si O Si O
760,169 172 170 171,1.5950005250085408,1.5858844311023874,1.600688115659,-49.38481953332852,Si O Si O
761,169 172 170 173,1.5950005250085408,1.5858844311023874,1.6097549996995908,-166.78577349718614,Si O Si O
762,159 169 181 200,1.5746779288243526,1.6086134758827202,1.6010393756015455,140.82712258841025,O Si O Si
763,160 169 181 200,1.6185917506324659,1.6086134758827202,1.6010393756015455,21.407439332033082,O Si O Si
764,172 169 181 200,1.5950005250085408,1.6086134758827202,1.6010393756015455,-105.25623797805854,O Si O Si
765,169 181 200 184,1.6086134758827202,1.6010393756015455,1.593689685316099,41.86251235088817,Si O Si O
766,169 181 200 210,1.6086134758827202,1.6010393756015455,1.6458041819516442,163.45768882998266,Si O Si O
767,169 181 200 211,1.6086134758827202,1.6010393756015455,1.6164526333643578,-76.1337497366221,Si O Si O
768,171 170 168 174,1.600688115659,1.5862308567332781,1.6301100395426698,-152.04916861881088,O Si O Si
769,172 170 168 174,1.5858844311023874,1.5862308567332781,1.6301100395426698,89.11635333077051,O Si O Si
770,173 170 168 174,1.6097549996995908,1.5862308567332781,1.6301100395426698,-29.992705243854,O Si O Si
771,170 168 174 158,1.5862308567332781,1.6301100395426698,1.58058670775135,-32.38605207957885,Si O Si O
772,170 168 174 175,1.5862308567332781,1.6301100395426698,1.6311530286805296,-153.8821406695052,Si O Si O
773,170 168 174 180,1.5862308567332781,1.6301100395426698,1.6634091825282915,96.80763867688263,Si O Si O
774,158 174 180 187,1.58058670775135,1.6634091825282915,1.6074791007497047,107.98323867648726,O Si O Si
775,168 174 180 187,1.6301100395426698,1.6634091825282915,1.6074791007497047,-10.353581409085479,O Si O Si
776,175 174 180 187,1.6311530286805296,1.6634091825282915,1.6074791007497047,-123.27282958160657,O Si O Si
777,174 180 187 178,1.6634091825282915,1.6074791007497047,1.6278038092299973,-1.0852115239653344,Si O Si O
778,174 180 187 192,1.6634091825282915,1.6074791007497047,1.6246586903932845,125.09779263408251,Si O Si O
779,174 180 187 214,1.6634091825282915,1.6074791007497047,1.5998144698391097,-114.73608798937366,Si O Si O
780,165 176 184 200,1.6065955703618728,1.6006376665764175,1.593689685316099,-13.554591209325883,O Si O Si
781,177 176 184 200,1.5953099776150732,1.6006376665764175,1.593689685316099,-139.47308627543927,O Si O Si
782,182 176 184 200,1.6099386453068096,1.6006376665764175,1.593689685316099,98.70713599178085,O Si O Si
783,176 184 200 181,1.6006376665764175,1.593689685316099,1.6010393756015455,87.4931616283559,Si O Si O
784,176 184 200 210,1.6006376665764175,1.593689685316099,1.6458041819516442,-39.689160416676096,Si O Si O
785,176 184 200 211,1.6006376665764175,1.593689685316099,1.6164526333643578,-159.77130557993334,Si O Si O
786,66 185 161 206,1.6127337483017365,1.6048686697184245,1.6024413322051867,157.265468405119,O Si O Si
787,132 185 161 206,1.5985694399385348,1.6048686697184245,1.6024413322051867,-77.87555217154811,O Si O Si
788,179 185 161 206,1.610803300124217,1.6048686697184245,1.6024413322051867,37.02483338571188,O Si O Si
789,185 161 206 201,1.6048686697184245,1.6024413322051867,1.631802263244932,144.8702955735009,Si O Si O
790,185 161 206 203,1.6048686697184245,1.6024413322051867,1.60373362757698,31.186058341974604,Si O Si O
791,185 161 206 210,1.6048686697184245,1.6024413322051867,1.6409288934131754,-84.52401064413796,Si O Si O
792,178 187 192 215,1.6278038092299973,1.6246586903932845,1.6169878420103256,44.374638850666244,O Si O Si
793,180 187 192 215,1.6074791007497047,1.6246586903932845,1.6169878420103256,-87.60210402989765,O Si O Si
794,214 187 192 215,1.5998144698391097,1.6246586903932845,1.6169878420103256,153.3685622254564,O Si O Si
795,187 192 215 82,1.6246586903932845,1.6169878420103256,1.5855747747869082,68.47888208261848,Si O Si O
796,187 192 215 98,1.6246586903932845,1.6169878420103256,1.645380262019113,-177.426822857333,Si O Si O
797,187 192 215 183,1.6246586903932845,1.6169878420103256,1.6381140129189824,-47.553601451819226,Si O Si O
798,178 187 214 202,1.6278038092299973,1.5998144698391097,1.584312530248264,92.36175751955906,O Si O Si
799,180 187 214 202,1.6074791007497047,1.5998144698391097,1.584312530248264,-143.5425894253293,O Si O Si
800,192 187 214 202,1.6246586903932845,1.5998144698391097,1.584312530248264,-19.500645992583767,O Si O Si
801,187 214 202 191,1.5998144698391097,1.584312530248264,1.629552363251521,9.849750795995414,Si O Si O
802,187 214 202 193,1.5998144698391097,1.584312530248264,1.5928511255715236,132.40320598221368,Si O Si O
803,187 214 202 204,1.5998144698391097,1.584312530248264,1.604934029043208,-110.69307264805744,Si O Si O
804,93 190 195 198,1.630565566447974,1.6019554656741606,1.6027410772618147,134.60395028068436,O Si O Si
805,108 190 195 198,1.633493257250732,1.6019554656741606,1.6027410772618147,23.23566915192348,O Si O Si
806,189 190 195 198,1.6301117317383966,1.6019554656741606,1.6027410772618147,-101.50880015511066,O Si O Si
807,190 195 198 193,1.6019554656741606,1.6027410772618147,1.5990215567914214,-60.49030613524408,Si O Si O
808,190 195 198 194,1.6019554656741606,1.6027410772618147,1.612841448701268,66.8254172577023,Si O Si O
809,190 195 198 211,1.6019554656741606,1.6027410772618147,1.6088284923121958,-174.07264439923887,Si O Si O
810,31 196 91 212,1.6242056334078296,1.6028691290099746,1.6132264494305995,-101.8298325886157,O Si O Si
811,94 196 91 212,1.646313038575786,1.6028691290099746,1.6132264494305995,140.19346054624745,O Si O Si
812,197 196 91 212,1.6464199646346562,1.6028691290099746,1.6132264494305995,7.512960913700518,O Si O Si
813,196 91 212 89,1.6028691290099746,1.6132264494305995,1.618705854117524,118.26210954451922,Si O Si O
814,196 91 212 188,1.6028691290099746,1.6132264494305995,1.6192888119822137,-120.84550192424776,Si O Si O
815,196 91 212 208,1.6028691290099746,1.6132264494305995,1.5976644965105442,-0.2374372229347756,Si O Si O
816,31 196 197 209,1.6242056334078296,1.6464199646346562,1.6550289507025595,97.53147818365902,O Si O Si
817,91 196 197 209,1.6028691290099746,1.6464199646346562,1.6550289507025595,-19.42924276653227,O Si O Si
818,94 196 197 209,1.646313038575786,1.6464199646346562,1.6550289507025595,-130.74342488835453,O Si O Si
819,196 197 209 150,1.6464199646346562,1.6550289507025595,1.6126537796876437,-97.66898141669016,Si O Si O
820,196 197 209 194,1.6464199646346562,1.6550289507025595,1.609877350068207,135.89083812739804,Si O Si O
821,196 197 209 208,1.6464199646346562,1.6550289507025595,1.6260380307348088,21.76959126364246,Si O Si O
822,194 198 193 202,1.612841448701268,1.5990215567914214,1.5928511255715236,23.413386348861998,O Si O Si
823,195 198 193 202,1.6027410772618147,1.5990215567914214,1.5928511255715236,142.89801607932688,O Si O Si
824,211 198 193 202,1.6088284923121958,1.5990215567914214,1.5928511255715236,-100.42116456376789,O Si O Si
825,198 193 202 191,1.5990215567914214,1.5928511255715236,1.629552363251521,81.37656133175493,Si O Si O
826,198 193 202 204,1.5990215567914214,1.5928511255715236,1.604934029043208,-158.69028302067687,Si O Si O
827,198 193 202 214,1.5990215567914214,1.5928511255715236,1.584312530248264,-38.16946508143748,Si O Si O
828,193 198 194 209,1.5990215567914214,1.612841448701268,1.609877350068207,-76.4853037199238,O Si O Si
829,195 198 194 209,1.6027410772618147,1.612841448701268,1.609877350068207,162.9368706257136,O Si O Si
830,211 198 194 209,1.6088284923121958,1.612841448701268,1.609877350068207,44.49149415245121,O Si O Si
831,198 194 209 150,1.612841448701268,1.609877350068207,1.6126537796876437,161.87055747564307,Si O Si O
832,198 194 209 197,1.612841448701268,1.609877350068207,1.6550289507025595,-68.93064344055274,Si O Si O
833,198 194 209 208,1.612841448701268,1.609877350068207,1.6260380307348088,47.83396856621051,Si O Si O
834,193 198 211 200,1.5990215567914214,1.6088284923121958,1.6164526333643578,-85.2093295005843,O Si O Si
835,194 198 211 200,1.612841448701268,1.6088284923121958,1.6164526333643578,146.1294968590325,O Si O Si
836,195 198 211 200,1.6027410772618147,1.6088284923121958,1.6164526333643578,30.159264295156998,O Si O Si
837,198 211 200 181,1.6088284923121958,1.6164526333643578,1.6010393756015455,-94.2455209264766,Si O Si O
838,198 211 200 184,1.6088284923121958,1.6164526333643578,1.593689685316099,149.97705807298928,Si O Si O
839,198 211 200 210,1.6088284923121958,1.6164526333643578,1.6458041819516442,31.062966086490274,Si O Si O
840,181 200 210 206,1.6010393756015455,1.6458041819516442,1.6409288934131754,-124.23730706598259,O Si O Si
841,184 200 210 206,1.593689685316099,1.6458041819516442,1.6409288934131754,-2.377833989355406,O Si O Si
842,211 200 210 206,1.6164526333643578,1.6458041819516442,1.6409288934131754,118.76527757437545,O Si O Si
843,200 210 206 161,1.6458041819516442,1.6409288934131754,1.6024413322051867,105.48544621122339,Si O Si O
844,200 210 206 201,1.6458041819516442,1.6409288934131754,1.631802263244932,-133.48546513783228,Si O Si O
845,200 210 206 203,1.6458041819516442,1.6409288934131754,1.60373362757698,-12.680355813811868,Si O Si O
846,193 202 191 205,1.5928511255715236,1.629552363251521,1.6029412931511642,77.02237204024978,O Si O Si
847,204 202 191 205,1.604934029043208,1.629552363251521,1.6029412931511642,-42.766637294308595,O Si O Si
848,214 202 191 205,1.584312530248264,1.629552363251521,1.6029412931511642,-166.3412431279112,O Si O Si
849,202 191 205 152,1.629552363251521,1.6029412931511642,1.6115049189418928,42.56455054230638,Si O Si O
850,202 191 205 153,1.629552363251521,1.6029412931511642,1.6073513770830181,166.6887327602154,Si O Si O
851,202 191 205 207,1.629552363251521,1.6029412931511642,1.600087634106681,-71.88340061348038,Si O Si O
852,191 202 204 213,1.629552363251521,1.604934029043208,1.6045623794039172,-41.369914755867335,O Si O Si
853,193 202 204 213,1.5928511255715236,1.604934029043208,1.6045623794039172,-165.04606397471804,O Si O Si
854,214 202 204 213,1.584312530248264,1.604934029043208,1.6045623794039172,80.02464013220364,O Si O Si
855,202 204 213 92,1.604934029043208,1.6045623794039172,1.621776855799016,154.8559975346005,Si O Si O
856,202 204 213 149,1.604934029043208,1.6045623794039172,1.601248414739196,33.73479430350541,Si O Si O
857,202 204 213 199,1.604934029043208,1.6045623794039172,1.6092172383486165,-82.13278174193171,Si O Si O
858,150 209 208 212,1.6126537796876437,1.6260380307348088,1.5976644965105442,115.01926924979087,O Si O Si
859,194 209 208 212,1.609877350068207,1.6260380307348088,1.5976644965105442,-127.44707479922181,O Si O Si
860,197 209 208 212,1.6550289507025595,1.6260380307348088,1.5976644965105442,-10.438631592620185,O Si O Si
861,209 208 212 89,1.6260380307348088,1.5976644965105442,1.618705854117524,-104.16239279504659,Si O Si O
862,209 208 212 91,1.6260380307348088,1.5976644965105442,1.6132264494305995,1.7746030239186177,Si O Si O
863,209 208 212 188,1.6260380307348088,1.5976644965105442,1.6192888119822137,123.7006108859002,Si O Si O
