,Index,Name,Bond length 1,Bond length 2,Bond length 3,Dihedral Angles
0,0 3 16 15,Si O Si O,1.619761942546702,1.6303846897690504,1.5926976151170367,-89.52818557473105
1,0 3 16 30,Si O Si O,1.619761942546702,1.6303846897690504,1.594908519273265,155.48898773180338
2,0 3 16 33,Si O Si O,1.619761942546702,1.6303846897690504,1.6131267912638088,33.856091845356076
3,0 7 127 119,Si O Si O,1.6301185938865639,1.6385892430974696,1.6277105654167185,-158.2846010318973
4,0 7 127 126,Si O Si O,1.6301185938865639,1.6385892430974696,1.6541505563532344,78.39990953755309
5,0 7 127 130,Si O Si O,1.6301185938865639,1.6385892430974696,1.6466811558661798,-37.335550756179025
6,0 11 10 4,Si O Si O,1.6045247361191397,1.607525740317708,1.6301102416524935,26.986180907695573
7,0 11 10 6,Si O Si O,1.6045247361191397,1.607525740317708,1.6129678329727293,-88.41150797246006
8,0 11 10 55,Si O Si O,1.6045247361191397,1.607525740317708,1.6217826344602406,151.3848346898038
9,0 21 53 58,Si O Si O,1.6192453809412082,1.6175447983479396,1.610340919271337,-124.27165916123425
10,0 21 53 84,Si O Si O,1.6192453809412082,1.6175447983479396,1.621747103848639,120.29148647942696
11,0 21 53 130,Si O Si O,1.6192453809412082,1.6175447983479396,1.6374928854970665,-5.860759649000772
12,1 2 9 14,Si O Si O,1.6185801498762606,1.614900456304629,1.5990301853566025,-60.37799094150881
13,1 2 9 23,Si O Si O,1.6185801498762606,1.614900456304629,1.6028584408454287,177.70785927534337
14,1 2 9 26,Si O Si O,1.6185801498762606,1.614900456304629,1.6093133453545276,58.65396822693959
15,1 5 18 25,Si O Si O,1.6182631397549736,1.61146045834392,1.5869945590956127,79.22858338742937
16,1 5 18 32,Si O Si O,1.6182631397549736,1.61146045834392,1.6304063831449789,-39.21461403145711
17,1 5 18 54,Si O Si O,1.6182631397549736,1.61146045834392,1.5909867741879495,-164.18699321373524
18,1 8 20 22,Si O Si O,1.610730570644173,1.6215054064141194,1.610168951922773,92.9695810898614
19,1 8 20 24,Si O Si O,1.610730570644173,1.6215054064141194,1.6389704436939523,-151.15807167324564
20,1 8 20 59,Si O Si O,1.610730570644173,1.6215054064141194,1.6231459304732327,-30.127756961021305
21,1 12 13 6,Si O Si O,1.6238222820274901,1.6226335418633921,1.6107598161333747,100.01053541841345
22,1 12 13 17,Si O Si O,1.6238222820274901,1.6226335418633921,1.592771817559818,-140.56006675672413
23,1 12 13 19,Si O Si O,1.6238222820274901,1.6226335418633921,1.603655361018171,-20.54374420263322
24,2 1 5 18,O Si O Si,1.6185801498762606,1.6182631397549736,1.61146045834392,82.8364245698407
25,2 1 8 20,O Si O Si,1.6185801498762606,1.610730570644173,1.6215054064141194,83.641745682179
26,2 1 12 13,O Si O Si,1.6185801498762606,1.6238222820274901,1.6226335418633921,-116.52062976482388
27,2 9 14 28,O Si O Si,1.614900456304629,1.5990301853566025,1.6006945178804421,132.81023233973067
28,2 9 23 163,O Si O Si,1.614900456304629,1.6028584408454287,1.626178660091305,-81.5282334638576
29,2 9 26 77,O Si O Si,1.614900456304629,1.6093133453545276,1.5884342784084373,35.127754591313256
30,3 0 7 127,O Si O Si,1.619761942546702,1.6301185938865639,1.6385892430974696,154.92529867412284
31,3 0 11 10,O Si O Si,1.619761942546702,1.6045247361191397,1.607525740317708,93.45246250155425
32,3 0 21 53,O Si O Si,1.619761942546702,1.6192453809412082,1.6175447983479396,-135.70271020294936
33,3 16 15 27,O Si O Si,1.6303846897690504,1.5926976151170367,1.6064125928938624,-6.654737082244674
34,3 16 30 35,O Si O Si,1.6303846897690504,1.594908519273265,1.5918879602047165,-117.34778847110647
35,3 16 33 41,O Si O Si,1.6303846897690504,1.6131267912638088,1.6096755151461342,122.57925248116503
36,4 10 6 13,O Si O Si,1.6301102416524935,1.6129678329727293,1.6107598161333747,-122.01752895754264
37,4 10 55 70,O Si O Si,1.6301102416524935,1.6217826344602406,1.6225675641574226,-158.72728226190773
38,4 28 14 9,O Si O Si,1.6362821730183703,1.6006945178804421,1.5990301853566025,-175.2977796720596
39,4 28 34 38,O Si O Si,1.6362821730183703,1.6141571041658982,1.611714617672247,127.51344934861508
40,4 28 46 156,O Si O Si,1.6362821730183703,1.6174242407995576,1.6148931692863258,160.88270484911789
41,5 1 2 9,O Si O Si,1.6182631397549736,1.6185801498762606,1.614900456304629,-38.27953174235397
42,5 1 8 20,O Si O Si,1.6182631397549736,1.610730570644173,1.6215054064141194,-35.67723982176877
43,5 1 12 13,O Si O Si,1.6182631397549736,1.6238222820274901,1.6226335418633921,1.200888868646371
44,5 18 25 29,O Si O Si,1.61146045834392,1.5869945590956127,1.6090200188060872,-87.97501619291576
45,5 18 32 38,O Si O Si,1.61146045834392,1.6304063831449789,1.6285639169045323,111.17141381462991
46,5 18 54 75,O Si O Si,1.61146045834392,1.5909867741879495,1.5980277133562864,34.2446098808115
47,6 10 4 28,O Si O Si,1.6129678329727293,1.6301102416524935,1.6362821730183703,15.472199145904737
48,6 10 55 70,O Si O Si,1.6129678329727293,1.6217826344602406,1.6225675641574226,-39.52058772905977
49,6 13 17 27,O Si O Si,1.6107598161333747,1.592771817559818,1.610149291118983,177.75696398516664
50,6 13 19 29,O Si O Si,1.6107598161333747,1.603655361018171,1.6104706883079898,-53.415456955717396
51,7 0 3 16,O Si O Si,1.6301185938865639,1.619761942546702,1.6303846897690504,-138.19560335146713
52,7 0 11 10,O Si O Si,1.6301185938865639,1.6045247361191397,1.607525740317708,-33.928879231227974
53,7 0 21 53,O Si O Si,1.6301185938865639,1.6192453809412082,1.6175447983479396,-11.226903692590962
54,7 127 119 117,O Si O Si,1.6385892430974696,1.6277105654167185,1.6580538592777003,59.42221961509745
55,7 127 126 123,O Si O Si,1.6385892430974696,1.6541505563532344,1.638098523224906,-170.94735681274784
56,7 127 130 53,O Si O Si,1.6385892430974696,1.6466811558661798,1.6374928854970665,13.996240001062223
57,8 1 2 9,O Si O Si,1.610730570644173,1.6185801498762606,1.614900456304629,-160.46611480827772
58,8 1 5 18,O Si O Si,1.610730570644173,1.6182631397549736,1.61146045834392,-158.79250810003543
59,8 1 12 13,O Si O Si,1.610730570644173,1.6238222820274901,1.6226335418633921,124.19596115502746
60,8 20 22 121,O Si O Si,1.6215054064141194,1.610168951922773,1.624037815328786,95.14176572243204
61,8 20 24 35,O Si O Si,1.6215054064141194,1.6389704436939523,1.6198082812881927,-69.09528751724969
62,8 20 59 63,O Si O Si,1.6215054064141194,1.6231459304732327,1.6200704010928093,-61.59160222414935
63,9 2 1 12,Si O Si O,1.614900456304629,1.6185801498762606,1.6238222820274901,77.67881427987626
64,9 14 28 34,Si O Si O,1.5990301853566025,1.6006945178804421,1.6141571041658982,-58.8027481271354
65,9 14 28 46,Si O Si O,1.5990301853566025,1.6006945178804421,1.6174242407995576,60.810950509530905
66,9 23 163 78,Si O Si O,1.6028584408454287,1.626178660091305,1.6143989744304506,11.54519771681896
67,9 23 163 131,Si O Si O,1.6028584408454287,1.626178660091305,1.5989431055614893,129.5362922188607
68,9 23 163 175,Si O Si O,1.6028584408454287,1.626178660091305,1.5958810740981937,-106.74105039437215
69,9 26 77 73,Si O Si O,1.6093133453545276,1.5884342784084373,1.6133013787458534,-39.61531865362746
70,9 26 77 76,Si O Si O,1.6093133453545276,1.5884342784084373,1.5972881326045496,78.99926930291285
71,9 26 77 101,Si O Si O,1.6093133453545276,1.5884342784084373,1.6053650403692683,-158.25480338687552
72,10 4 28 14,Si O Si O,1.6301102416524935,1.6362821730183703,1.6006945178804421,68.11306639565576
73,10 4 28 34,Si O Si O,1.6301102416524935,1.6362821730183703,1.6141571041658982,-49.966274112936844
74,10 4 28 46,Si O Si O,1.6301102416524935,1.6362821730183703,1.6174242407995576,-172.40736231344601
75,10 6 13 12,Si O Si O,1.6129678329727293,1.6107598161333747,1.6226335418633921,63.7192215692711
76,10 6 13 17,Si O Si O,1.6129678329727293,1.6107598161333747,1.592771817559818,-55.78094252532905
77,10 6 13 19,Si O Si O,1.6129678329727293,1.6107598161333747,1.603655361018171,-172.0116306672649
78,10 11 0 21,Si O Si O,1.607525740317708,1.6045247361191397,1.6192453809412082,-150.0285237634491
79,10 55 70 67,Si O Si O,1.6217826344602406,1.6225675641574226,1.6238207003396983,-62.49816009803297
80,10 55 70 69,Si O Si O,1.6217826344602406,1.6225675641574226,1.6109008238691955,177.89841722939477
81,10 55 70 74,Si O Si O,1.6217826344602406,1.6225675641574226,1.610541110121917,65.17890021384045
82,11 0 3 16,O Si O Si,1.6045247361191397,1.619761942546702,1.6303846897690504,100.77432766938776
83,11 0 7 127,O Si O Si,1.6045247361191397,1.6301185938865639,1.6385892430974696,-79.86613052475674
84,11 0 21 53,O Si O Si,1.6045247361191397,1.6192453809412082,1.6175447983479396,102.77659273947305
85,11 10 4 28,O Si O Si,1.607525740317708,1.6301102416524935,1.6362821730183703,-99.66395451759597
86,11 10 6 13,O Si O Si,1.607525740317708,1.6129678329727293,1.6107598161333747,-1.7243731724647235
87,11 10 55 70,O Si O Si,1.607525740317708,1.6217826344602406,1.6225675641574226,76.19917931878693
88,12 1 5 18,O Si O Si,1.6238222820274901,1.6182631397549736,1.61146045834392,-36.91373029305434
89,12 1 8 20,O Si O Si,1.6238222820274901,1.610730570644173,1.6215054064141194,-154.31845221323283
90,12 13 17 27,O Si O Si,1.6226335418633921,1.592771817559818,1.610149291118983,58.04281193699406
91,12 13 19 29,O Si O Si,1.6226335418633921,1.603655361018171,1.6104706883079898,68.21488219972156
92,13 6 10 55,Si O Si O,1.6107598161333747,1.6129678329727293,1.6217826344602406,115.24494239281742
93,13 17 27 15,Si O Si O,1.592771817559818,1.610149291118983,1.6064125928938624,-96.03725708880252
94,13 17 27 118,Si O Si O,1.592771817559818,1.610149291118983,1.5961855720603266,30.456685033516944
95,13 17 27 132,Si O Si O,1.592771817559818,1.610149291118983,1.6005432192561875,151.84355492707817
96,13 19 29 25,Si O Si O,1.603655361018171,1.6104706883079898,1.6090200188060872,-77.80759822691374
97,13 19 29 44,Si O Si O,1.603655361018171,1.6104706883079898,1.637794439811736,38.302908346789415
98,13 19 29 134,Si O Si O,1.603655361018171,1.6104706883079898,1.59085659594996,169.22293866560892
99,14 9 23 163,O Si O Si,1.5990301853566025,1.6028584408454287,1.626178660091305,160.08650094506288
100,14 9 26 77,O Si O Si,1.5990301853566025,1.6093133453545276,1.5884342784084373,151.37193004178764
101,14 28 34 38,O Si O Si,1.6006945178804421,1.6141571041658982,1.611714617672247,8.742465717304064
102,14 28 46 156,O Si O Si,1.6006945178804421,1.6174242407995576,1.6148931692863258,-77.60298789046291
103,15 16 30 35,O Si O Si,1.5926976151170367,1.594908519273265,1.5918879602047165,122.28741174716366
104,15 16 33 41,O Si O Si,1.5926976151170367,1.6131267912638088,1.6096755151461342,-112.52903715097574
105,15 27 118 110,O Si O Si,1.6064125928938624,1.5961855720603266,1.6443111916911088,-5.633851237021413
106,15 27 132 185,O Si O Si,1.6064125928938624,1.6005432192561875,1.5985694399385348,-47.28814084363522
107,16 3 0 21,Si O Si O,1.6303846897690504,1.619761942546702,1.6192453809412082,-19.11156902838636
108,16 15 27 17,Si O Si O,1.5926976151170367,1.6064125928938624,1.610149291118983,10.077002525400879
109,16 15 27 118,Si O Si O,1.5926976151170367,1.6064125928938624,1.5961855720603266,-113.48525066484689
110,16 15 27 132,Si O Si O,1.5926976151170367,1.6064125928938624,1.6005432192561875,122.30560931309476
111,16 30 35 24,Si O Si O,1.594908519273265,1.5918879602047165,1.6198082812881927,149.21133248512461
112,16 30 35 36,Si O Si O,1.594908519273265,1.5918879602047165,1.5974202107404134,29.214720652380716
113,16 30 35 45,Si O Si O,1.594908519273265,1.5918879602047165,1.6208326948145493,-84.09101644965047
114,16 33 41 42,Si O Si O,1.6131267912638088,1.6096755151461342,1.638939015346512,-14.76794047370542
115,16 33 41 49,Si O Si O,1.6131267912638088,1.6096755151461342,1.6244242324044804,-132.95380339790768
116,16 33 41 51,Si O Si O,1.6131267912638088,1.6096755151461342,1.6306991172438028,107.6261112870776
117,17 13 19 29,O Si O Si,1.592771817559818,1.603655361018171,1.6104706883079898,-170.7531959844684
118,17 27 118 110,O Si O Si,1.610149291118983,1.5961855720603266,1.6443111916911088,-125.2044690567045
119,17 27 132 185,O Si O Si,1.610149291118983,1.6005432192561875,1.5985694399385348,63.400003578457124
120,18 25 29 19,Si O Si O,1.5869945590956127,1.6090200188060872,1.6104706883079898,76.04182405225981
121,18 25 29 44,Si O Si O,1.5869945590956127,1.6090200188060872,1.637794439811736,-40.45621283321221
122,18 25 29 134,Si O Si O,1.5869945590956127,1.6090200188060872,1.59085659594996,-165.73933557086127
123,18 32 38 34,Si O Si O,1.6304063831449789,1.6285639169045323,1.611714617672247,-123.18236862451964
124,18 32 38 39,Si O Si O,1.6304063831449789,1.6285639169045323,1.6149094537090452,120.36664789198254
125,18 32 38 44,Si O Si O,1.6304063831449789,1.6285639169045323,1.6318384194019435,-0.14658965726819972
126,18 54 75 57,Si O Si O,1.5909867741879495,1.5980277133562864,1.5854671109615652,-106.74601499550106
127,18 54 75 73,Si O Si O,1.5909867741879495,1.5980277133562864,1.6029382747922778,14.834163379061863
128,18 54 75 99,Si O Si O,1.5909867741879495,1.5980277133562864,1.6022452472098065,130.70616391679832
129,19 13 17 27,O Si O Si,1.603655361018171,1.592771817559818,1.610149291118983,-65.86774045939357
130,19 29 44 38,O Si O Si,1.6104706883079898,1.637794439811736,1.6318384194019435,-90.04479561701879
131,19 29 134 125,O Si O Si,1.6104706883079898,1.59085659594996,1.6424806983141234,75.03265224636341
132,20 22 121 113,Si O Si O,1.610168951922773,1.624037815328786,1.6138551393017166,-64.1626618539912
133,20 22 121 136,Si O Si O,1.610168951922773,1.624037815328786,1.6180594665819237,63.49649513755892
134,20 22 121 159,Si O Si O,1.610168951922773,1.624037815328786,1.5751784643662838,174.38957913172325
135,20 24 35 30,Si O Si O,1.6389704436939523,1.6198082812881927,1.5918879602047165,50.373475165006724
136,20 24 35 36,Si O Si O,1.6389704436939523,1.6198082812881927,1.5974202107404134,167.03619305275922
137,20 24 35 45,Si O Si O,1.6389704436939523,1.6198082812881927,1.6208326948145493,-73.89088944691929
138,20 59 63 61,Si O Si O,1.6231459304732327,1.6200704010928093,1.6150439403787569,56.40199087234994
139,20 59 63 62,Si O Si O,1.6231459304732327,1.6200704010928093,1.6414124678334578,171.86879222987517
140,20 59 63 72,Si O Si O,1.6231459304732327,1.6200704010928093,1.6410199785041377,-60.253547909900576
141,21 0 7 127,O Si O Si,1.6192453809412082,1.6301185938865639,1.6385892430974696,37.76696765531771
142,21 53 58 81,O Si O Si,1.6175447983479396,1.610340919271337,1.608750000707658,172.39803418461688
143,21 53 84 52,O Si O Si,1.6175447983479396,1.621747103848639,1.6215377743354997,4.886194003151852
144,21 53 130 127,O Si O Si,1.6175447983479396,1.6374928854970665,1.6466811558661798,4.1107355951113105
145,22 20 24 35,O Si O Si,1.610168951922773,1.6389704436939523,1.6198082812881927,47.66603906259052
146,22 20 59 63,O Si O Si,1.610168951922773,1.6231459304732327,1.6200704010928093,179.6902353229938
147,22 121 113 110,O Si O Si,1.624037815328786,1.6138551393017166,1.6604748343231899,-86.68237852158236
148,22 121 136 154,O Si O Si,1.624037815328786,1.6180594665819237,1.5987002413954199,-73.23621634665315
149,22 121 159 169,O Si O Si,1.624037815328786,1.5751784643662838,1.5746779288243526,-43.31102423056512
150,23 9 14 28,O Si O Si,1.6028584408454287,1.5990301853566025,1.6006945178804421,-104.41106650003127
151,23 9 26 77,O Si O Si,1.6028584408454287,1.6093133453545276,1.5884342784084373,-87.88608225249804
152,23 163 78 64,O Si O Si,1.626178660091305,1.6143989744304506,1.591603262249675,127.89049943337184
153,23 163 131 115,O Si O Si,1.626178660091305,1.5989431055614893,1.6126816664612427,89.90090907116546
154,23 163 175 174,O Si O Si,1.626178660091305,1.5958810740981937,1.6311530286805296,-141.30487967829862
155,24 20 22 121,O Si O Si,1.6389704436939523,1.610168951922773,1.624037815328786,-27.412958435517783
156,24 20 59 63,O Si O Si,1.6389704436939523,1.6231459304732327,1.6200704010928093,63.981732546186116
157,24 35 36 37,O Si O Si,1.6198082812881927,1.5974202107404134,1.610982970047586,-178.1486007156058
158,24 35 45 154,O Si O Si,1.6198082812881927,1.6208326948145493,1.621503650673602,-10.679310249209896
159,25 18 32 38,O Si O Si,1.5869945590956127,1.6304063831449789,1.6285639169045323,-10.675592430983832
160,25 18 54 75,O Si O Si,1.5869945590956127,1.5909867741879495,1.5980277133562864,154.75898627583712
161,25 29 44 38,O Si O Si,1.6090200188060872,1.637794439811736,1.6318384194019435,25.835479598252693
162,25 29 134 125,O Si O Si,1.6090200188060872,1.59085659594996,1.6424806983141234,-40.24117113940177
163,26 9 14 28,O Si O Si,1.6093133453545276,1.5990301853566025,1.6006945178804421,13.031892857478114
164,26 9 23 163,O Si O Si,1.6093133453545276,1.6028584408454287,1.626178660091305,40.35750734318336
165,26 77 73 75,O Si O Si,1.5884342784084373,1.6133013787458534,1.6029382747922778,-123.76760156179327
166,26 77 76 68,O Si O Si,1.5884342784084373,1.5972881326045496,1.597579641776407,-136.52328626612277
167,26 77 101 96,O Si O Si,1.5884342784084373,1.6053650403692683,1.5946995298337647,-87.13377395483016
168,27 15 16 30,Si O Si O,1.6064125928938624,1.5926976151170367,1.594908519273265,112.41795154011626
169,27 15 16 33,Si O Si O,1.6064125928938624,1.5926976151170367,1.6131267912638088,-131.05756308096667
170,27 118 110 109,Si O Si O,1.5961855720603266,1.6443111916911088,1.5729654717571397,121.7479910001828
171,27 118 110 111,Si O Si O,1.5961855720603266,1.6443111916911088,1.6485663611522168,-113.72685736421052
172,27 118 110 113,Si O Si O,1.5961855720603266,1.6443111916911088,1.6604748343231899,3.1492164673347034
173,27 132 185 66,Si O Si O,1.6005432192561875,1.5985694399385348,1.6127337483017365,-30.790673894551585
174,27 132 185 161,Si O Si O,1.6005432192561875,1.5985694399385348,1.6048686697184245,89.71685721926636
175,27 132 185 179,Si O Si O,1.6005432192561875,1.5985694399385348,1.610803300124217,-153.10894852581785
176,28 4 10 55,Si O Si O,1.6362821730183703,1.6301102416524935,1.6217826344602406,138.42394005871583
177,28 34 38 32,Si O Si O,1.6141571041658982,1.611714617672247,1.6285639169045323,-2.0546923758323032
178,28 34 38 39,Si O Si O,1.6141571041658982,1.611714617672247,1.6149094537090452,120.79443162415038
179,28 34 38 44,Si O Si O,1.6141571041658982,1.611714617672247,1.6318384194019435,-118.2241626167317
180,28 46 156 50,Si O Si O,1.6174242407995576,1.6148931692863258,1.6207418109876963,12.007761923341837
181,28 46 156 144,Si O Si O,1.6174242407995576,1.6148931692863258,1.6138981051172017,128.3650632886956
182,28 46 156 155,Si O Si O,1.6174242407995576,1.6148931692863258,1.601047360276213,-110.92538479948007
183,29 25 18 32,Si O Si O,1.6090200188060872,1.5869945590956127,1.6304063831449789,33.454770179945825
184,29 25 18 54,Si O Si O,1.6090200188060872,1.5869945590956127,1.5909867741879495,153.1147130339321
185,29 44 38 32,Si O Si O,1.637794439811736,1.6318384194019435,1.6285639169045323,-8.485129966670526
186,29 44 38 34,Si O Si O,1.637794439811736,1.6318384194019435,1.611714617672247,108.87183299053449
187,29 44 38 39,Si O Si O,1.637794439811736,1.6318384194019435,1.6149094537090452,-132.57151801514954
188,29 134 125 120,Si O Si O,1.59085659594996,1.6424806983141234,1.5591542645192331,-4.576036549551297
189,29 134 125 124,Si O Si O,1.59085659594996,1.6424806983141234,1.6310191360306452,-121.16988508513727
190,29 134 125 148,Si O Si O,1.59085659594996,1.6424806983141234,1.6228140113473355,116.5137622908277
191,30 16 33 41,O Si O Si,1.594908519273265,1.6131267912638088,1.6096755151461342,0.31360179985700853
192,30 35 36 37,O Si O Si,1.5918879602047165,1.5974202107404134,1.610982970047586,-64.44436545564112
193,30 35 45 154,O Si O Si,1.5918879602047165,1.6208326948145493,1.621503650673602,-129.92581373181125
194,31 40 43 37,O Si O Si,1.6250151735132343,1.6174195647022236,1.622865662747705,-98.33323702509578
195,31 40 47 96,O Si O Si,1.6250151735132343,1.6116091720264232,1.6186316086376362,-59.14373381058824
196,31 40 50 156,O Si O Si,1.6250151735132343,1.6117697532497024,1.6207418109876963,-114.78599642904724
197,31 196 91 212,O Si O Si,1.6242056334078296,1.6028691290099746,1.6132264494305995,101.8298325886157
198,31 196 94 87,O Si O Si,1.6242056334078296,1.646313038575786,1.6668726068791107,117.62132298656796
199,31 196 197 209,O Si O Si,1.6242056334078296,1.6464199646346562,1.6550289507025595,-97.53147818365902
200,32 18 54 75,O Si O Si,1.6304063831449789,1.5909867741879495,1.5980277133562864,-89.93550276100673
201,32 38 39 37,O Si O Si,1.6285639169045323,1.6149094537090452,1.6214615758172315,123.74523052155217
202,33 16 30 35,O Si O Si,1.6131267912638088,1.594908519273265,1.5918879602047165,5.543446095520659
203,33 41 42 37,O Si O Si,1.6096755151461342,1.638939015346512,1.628898016567049,-13.422240336306363
204,33 41 49 52,O Si O Si,1.6096755151461342,1.6244242324044804,1.6232560086833008,67.60178212348231
205,33 41 51 85,O Si O Si,1.6096755151461342,1.6306991172438028,1.626364306482665,67.88128160650606
206,34 28 46 156,O Si O Si,1.6141571041658982,1.6174242407995576,1.6148931692863258,40.850590226360545
207,34 38 39 37,O Si O Si,1.611714617672247,1.6149094537090452,1.6214615758172315,6.316409809293123
208,35 24 20 59,Si O Si O,1.6198082812881927,1.6389704436939523,1.6231459304732327,169.00469656823827
209,35 36 37 39,Si O Si O,1.5974202107404134,1.610982970047586,1.6214615758172315,-82.46838611603853
210,35 36 37 42,Si O Si O,1.5974202107404134,1.610982970047586,1.628898016567049,40.176821079028656
211,35 36 37 43,Si O Si O,1.5974202107404134,1.610982970047586,1.622865662747705,162.2270449566394
212,35 45 154 136,Si O Si O,1.6208326948145493,1.621503650673602,1.5987002413954199,56.914765665810904
213,35 45 154 139,Si O Si O,1.6208326948145493,1.621503650673602,1.6237444000820744,174.7892701061714
214,35 45 154 189,Si O Si O,1.6208326948145493,1.621503650673602,1.6438860810237432,-60.592376795513815
215,36 35 45 154,O Si O Si,1.5974202107404134,1.6208326948145493,1.621503650673602,113.64486853711843
216,36 37 39 38,O Si O Si,1.610982970047586,1.6214615758172315,1.6149094537090452,-161.6322785344783
217,36 37 42 41,O Si O Si,1.610982970047586,1.628898016567049,1.638939015346512,20.632056697094473
218,36 37 43 40,O Si O Si,1.610982970047586,1.622865662747705,1.6174195647022236,52.340099929492254
219,37 36 35 45,Si O Si O,1.610982970047586,1.5974202107404134,1.6208326948145493,55.207662078869355
220,37 39 38 44,Si O Si O,1.6214615758172315,1.6149094537090452,1.6318384194019435,-118.40761168491888
221,37 42 41 49,Si O Si O,1.628898016567049,1.638939015346512,1.6244242324044804,105.39144179621229
222,37 42 41 51,Si O Si O,1.628898016567049,1.638939015346512,1.6306991172438028,-131.99996026179426
223,37 43 40 47,Si O Si O,1.622865662747705,1.6174195647022236,1.6116091720264232,22.60930393981235
224,37 43 40 50,Si O Si O,1.622865662747705,1.6174195647022236,1.6117697532497024,140.3727526732668
225,38 32 18 54,Si O Si O,1.6285639169045323,1.6304063831449789,1.5909867741879495,-125.63624126120547
226,38 34 28 46,Si O Si O,1.611714617672247,1.6141571041658982,1.6174242407995576,-108.1391995474387
227,38 39 37 42,Si O Si O,1.6149094537090452,1.6214615758172315,1.628898016567049,73.21845545077237
228,38 39 37 43,Si O Si O,1.6149094537090452,1.6214615758172315,1.622865662747705,-53.67647205675025
229,38 44 29 134,Si O Si O,1.6318384194019435,1.637794439811736,1.59085659594996,142.37696833861776
230,39 37 42 41,O Si O Si,1.6214615758172315,1.628898016567049,1.638939015346512,145.33607038146235
231,39 37 43 40,O Si O Si,1.6214615758172315,1.622865662747705,1.6174195647022236,-64.72619195241464
232,40 31 196 91,Si O Si O,1.6250151735132343,1.6242056334078296,1.6028691290099746,-22.898904942806382
233,40 31 196 94,Si O Si O,1.6250151735132343,1.6242056334078296,1.646313038575786,-133.61641732123763
234,40 31 196 197,Si O Si O,1.6250151735132343,1.6242056334078296,1.6464199646346562,84.97535412434934
235,40 43 37 42,Si O Si O,1.6174195647022236,1.622865662747705,1.628898016567049,172.4622824226723
236,40 47 96 89,Si O Si O,1.6116091720264232,1.6186316086376362,1.6403311224672308,-14.803140050084856
237,40 47 96 101,Si O Si O,1.6116091720264232,1.6186316086376362,1.5946995298337647,-130.6817694355527
238,40 47 96 103,Si O Si O,1.6116091720264232,1.6186316086376362,1.6161520299654664,108.58985408679759
239,40 50 156 46,Si O Si O,1.6117697532497024,1.6207418109876963,1.6148931692863258,-78.42644805314347
240,40 50 156 144,Si O Si O,1.6117697532497024,1.6207418109876963,1.6138981051172017,157.21481262334086
241,40 50 156 155,Si O Si O,1.6117697532497024,1.6207418109876963,1.601047360276213,41.09978818681575
242,41 42 37 43,Si O Si O,1.638939015346512,1.628898016567049,1.622865662747705,-91.07980277861284
243,41 49 52 48,Si O Si O,1.6244242324044804,1.6232560086833008,1.6079719060170938,33.8632780154565
244,41 49 52 84,Si O Si O,1.6244242324044804,1.6232560086833008,1.6215377743354997,-82.84159906707818
245,41 49 52 97,Si O Si O,1.6244242324044804,1.6232560086833008,1.6322815847886047,150.6312666110317
246,41 51 85 92,Si O Si O,1.6306991172438028,1.626364306482665,1.6164229692593004,143.37801087729102
247,41 51 85 106,Si O Si O,1.6306991172438028,1.626364306482665,1.6140321351709566,19.23036552138967
248,41 51 85 201,Si O Si O,1.6306991172438028,1.626364306482665,1.6304220406487597,-94.50163052579389
249,42 41 49 52,O Si O Si,1.638939015346512,1.6244242324044804,1.6232560086833008,-50.3401493216311
250,42 41 51 85,O Si O Si,1.638939015346512,1.6306991172438028,1.626364306482665,-172.93591587682712
251,43 40 31 196,O Si O Si,1.6174195647022236,1.6250151735132343,1.6242056334078296,170.22092914015863
252,43 40 47 96,O Si O Si,1.6174195647022236,1.6116091720264232,1.6186316086376362,174.33811222833853
253,43 40 50 156,O Si O Si,1.6174195647022236,1.6117697532497024,1.6207418109876963,8.310943044148587
254,44 29 134 125,O Si O Si,1.637794439811736,1.59085659594996,1.6424806983141234,-158.96793826275353
255,45 154 136 121,O Si O Si,1.621503650673602,1.5987002413954199,1.6180594665819237,14.098347954078228
256,45 154 139 142,O Si O Si,1.621503650673602,1.6237444000820744,1.6256921144391536,-92.45629777167953
257,45 154 189 190,O Si O Si,1.621503650673602,1.6438860810237432,1.6301117317383966,126.15107040656498
258,46 156 144 147,O Si O Si,1.6148931692863258,1.6138981051172017,1.6255992696974058,-159.8508864887314
259,46 156 155 151,O Si O Si,1.6148931692863258,1.601047360276213,1.587879016148726,-159.6185650023958
260,47 40 31 196,O Si O Si,1.6116091720264232,1.6250151735132343,1.6242056334078296,43.74446728599326
261,47 40 50 156,O Si O Si,1.6116091720264232,1.6117697532497024,1.6207418109876963,129.93343605269305
262,47 96 89 212,O Si O Si,1.6186316086376362,1.6403311224672308,1.618705854117524,64.82544504472128
263,47 96 101 77,O Si O Si,1.6186316086376362,1.5946995298337647,1.6053650403692683,110.51099484745062
264,47 96 103 88,O Si O Si,1.6186316086376362,1.6161520299654664,1.6235058801975821,-121.30978452189981
265,48 52 84 53,O Si O Si,1.6079719060170938,1.6215377743354997,1.621747103848639,-100.72920797681007
266,48 52 97 100,O Si O Si,1.6079719060170938,1.6322815847886047,1.6269157095687314,100.55294229498936
267,48 151 145 138,O Si O Si,1.6043521712098254,1.6138199961793933,1.6202120732285057,-88.73116387792982
268,48 151 153 205,O Si O Si,1.6043521712098254,1.622780423463105,1.6073513770830181,108.70375737439423
269,48 151 155 156,O Si O Si,1.6043521712098254,1.587879016148726,1.601047360276213,-145.3025955506848
270,49 41 51 85,O Si O Si,1.6244242324044804,1.6306991172438028,1.626364306482665,-51.184371863788655
271,49 52 48 151,O Si O Si,1.6232560086833008,1.6079719060170938,1.6043521712098254,146.55585579591607
272,49 52 84 53,O Si O Si,1.6232560086833008,1.6215377743354997,1.621747103848639,16.673088162651744
273,49 52 97 100,O Si O Si,1.6232560086833008,1.6322815847886047,1.6269157095687314,-17.497547095908562
274,50 40 31 196,O Si O Si,1.6117697532497024,1.6250151735132343,1.6242056334078296,-74.49879370000478
275,50 40 47 96,O Si O Si,1.6117697532497024,1.6116091720264232,1.6186316086376362,61.06054804369944
276,50 156 144 147,O Si O Si,1.6207418109876963,1.6138981051172017,1.6255992696974058,-37.15074014277956
277,50 156 155 151,O Si O Si,1.6207418109876963,1.601047360276213,1.587879016148726,76.74457994808677
278,51 41 49 52,O Si O Si,1.6306991172438028,1.6244242324044804,1.6232560086833008,-174.8257264166793
279,51 85 92 213,O Si O Si,1.626364306482665,1.6164229692593004,1.621776855799016,134.97114873301066
280,51 85 106 90,O Si O Si,1.626364306482665,1.6140321351709566,1.5966998948457407,92.81702710585749
281,51 85 201 206,O Si O Si,1.626364306482665,1.6304220406487597,1.631802263244932,95.81237088760356
282,52 48 151 145,Si O Si O,1.6079719060170938,1.6043521712098254,1.6138199961793933,114.96216309834122
283,52 48 151 153,Si O Si O,1.6079719060170938,1.6043521712098254,1.622780423463105,-7.79644023072595
284,52 48 151 155,Si O Si O,1.6079719060170938,1.6043521712098254,1.587879016148726,-126.44841180505317
285,52 84 53 58,Si O Si O,1.6215377743354997,1.621747103848639,1.610340919271337,-112.68770998341893
286,52 84 53 130,Si O Si O,1.6215377743354997,1.621747103848639,1.6374928854970665,124.40455999118319
287,52 97 100 95,Si O Si O,1.6322815847886047,1.6269157095687314,1.6360909604223606,50.1847822444693
288,52 97 100 98,Si O Si O,1.6322815847886047,1.6269157095687314,1.6364735918302602,-78.79018897272354
289,52 97 100 188,Si O Si O,1.6322815847886047,1.6269157095687314,1.6391739730860089,161.71486193483236
290,53 58 81 56,Si O Si O,1.610340919271337,1.608750000707658,1.5912264097629487,-152.99178264185545
291,53 58 81 79,Si O Si O,1.610340919271337,1.608750000707658,1.6111632027255,91.4272413732485
292,53 58 81 177,Si O Si O,1.610340919271337,1.608750000707658,1.6038636754827862,-33.121823677955604
293,53 84 52 97,Si O Si O,1.621747103848639,1.6215377743354997,1.6322815847886047,142.37810237494762
294,53 130 127 119,Si O Si O,1.6374928854970665,1.6466811558661798,1.6277105654167185,132.5792536608812
295,53 130 127 126,Si O Si O,1.6374928854970665,1.6466811558661798,1.6541505563532344,-101.01075222316624
296,54 75 57 83,O Si O Si,1.5980277133562864,1.5854671109615652,1.5989787857456932,-113.40867103705405
297,54 75 73 77,O Si O Si,1.5980277133562864,1.6029382747922778,1.6133013787458534,79.47946073306952
298,54 75 99 86,O Si O Si,1.5980277133562864,1.6022452472098065,1.5923040618247564,74.59987319814333
299,55 70 67 65,O Si O Si,1.6225675641574226,1.6238207003396983,1.6219279403026112,141.88418130272686
300,55 70 69 68,O Si O Si,1.6225675641574226,1.6109008238691955,1.6069761541539018,57.34015262934654
301,55 70 74 80,O Si O Si,1.6225675641574226,1.610541110121917,1.6078829509846462,-158.2683603259849
302,56 64 60 68,O Si O Si,1.5959838812613063,1.6086032529531948,1.6022835883728845,143.30459130191625
303,56 64 61 63,O Si O Si,1.5959838812613063,1.6182036187745499,1.6150439403787569,26.34483304208201
304,56 64 78 163,O Si O Si,1.5959838812613063,1.591603262249675,1.6143989744304506,26.28004898835958
305,56 81 79 87,O Si O Si,1.5912264097629487,1.6111632027255,1.6199695398616896,-40.52629086284809
306,56 81 177 176,O Si O Si,1.5912264097629487,1.6038636754827862,1.5953099776150732,-162.789113834134
307,57 75 73 77,O Si O Si,1.5854671109615652,1.6029382747922778,1.6133013787458534,-157.63851575101273
308,57 75 99 86,O Si O Si,1.5854671109615652,1.6022452472098065,1.5923040618247564,-48.0296506519315
309,57 83 71 65,O Si O Si,1.5989787857456932,1.6218547343407006,1.6255821825703343,79.69240591597797
310,57 83 173 170,O Si O Si,1.5989787857456932,1.5949542887397965,1.6097549996995908,147.75324466096757
311,57 83 186 80,O Si O Si,1.5989787857456932,1.6226854093264402,1.6135138021406057,-5.758635894091233
312,58 53 130 127,O Si O Si,1.610340919271337,1.6374928854970665,1.6466811558661798,121.46169626096267
313,58 81 56 64,O Si O Si,1.608750000707658,1.5912264097629487,1.5959838812613063,-19.861319225662722
314,58 81 79 87,O Si O Si,1.608750000707658,1.6111632027255,1.6199695398616896,80.6136456631139
315,58 81 177 176,O Si O Si,1.608750000707658,1.6038636754827862,1.5953099776150732,75.1197286610525
316,59 20 22 121,O Si O Si,1.6231459304732327,1.610168951922773,1.624037815328786,-144.63910370872884
317,59 63 61 64,O Si O Si,1.6200704010928093,1.6150439403787569,1.6182036187745499,-170.5418667559114
318,59 63 62 65,O Si O Si,1.6200704010928093,1.6414124678334578,1.6337116506271399,-67.19019998452794
319,59 63 72 87,O Si O Si,1.6200704010928093,1.6410199785041377,1.6425804914619917,135.85348349320682
320,60 64 56 81,O Si O Si,1.6086032529531948,1.5959838812613063,1.5912264097629487,59.69403826767916
321,60 64 61 63,O Si O Si,1.6086032529531948,1.6182036187745499,1.6150439403787569,-88.80902040280418
322,60 64 78 163,O Si O Si,1.6086032529531948,1.591603262249675,1.6143989744304506,141.50545737465063
323,60 68 69 70,O Si O Si,1.6022835883728845,1.6069761541539018,1.6109008238691955,37.088201170413065
324,60 68 76 77,O Si O Si,1.6022835883728845,1.597579641776407,1.5972881326045496,89.15404044107355
325,60 68 82 215,O Si O Si,1.6022835883728845,1.5773659723444795,1.5855747747869082,-69.4663622911142
326,61 63 62 65,O Si O Si,1.6150439403787569,1.6414124678334578,1.6337116506271399,50.299770346924284
327,61 63 72 87,O Si O Si,1.6150439403787569,1.6410199785041377,1.6425804914619917,16.951909823853548
328,61 64 56 81,O Si O Si,1.6182036187745499,1.5959838812613063,1.5912264097629487,-59.637907715270245
329,61 64 60 68,O Si O Si,1.6182036187745499,1.6086032529531948,1.6022835883728845,-95.1366966802768
330,61 64 78 163,O Si O Si,1.6182036187745499,1.591603262249675,1.6143989744304506,-98.1768792866592
331,62 63 61 64,O Si O Si,1.6414124678334578,1.6150439403787569,1.6182036187745499,72.48940214650818
332,62 63 72 87,O Si O Si,1.6414124678334578,1.6410199785041377,1.6425804914619917,-99.71633397048066
333,62 65 66 185,O Si O Si,1.6337116506271399,1.6196470777952612,1.6127337483017365,-113.22176951227468
334,62 65 67 70,O Si O Si,1.6337116506271399,1.6219279403026112,1.6238207003396983,141.25460828572602
335,62 65 71 83,O Si O Si,1.6337116506271399,1.6255821825703343,1.6218547343407006,-141.86551748194708
336,63 61 64 78,Si O Si O,1.6150439403787569,1.6182036187745499,1.591603262249675,149.87286183816434
337,63 62 65 66,Si O Si O,1.6414124678334578,1.6337116506271399,1.6196470777952612,163.9514354048778
338,63 62 65 67,Si O Si O,1.6414124678334578,1.6337116506271399,1.6219279403026112,-77.13661170162702
339,63 62 65 71,Si O Si O,1.6414124678334578,1.6337116506271399,1.6255821825703343,45.71905398697364
340,63 72 87 79,Si O Si O,1.6410199785041377,1.6425804914619917,1.6199695398616896,37.18448870709785
341,63 72 87 94,Si O Si O,1.6410199785041377,1.6425804914619917,1.6668726068791107,-85.67525759498227
342,63 72 87 102,Si O Si O,1.6410199785041377,1.6425804914619917,1.6061690311640946,150.91569959873829
343,64 56 81 79,Si O Si O,1.5959838812613063,1.5912264097629487,1.6111632027255,98.8985516476398
344,64 56 81 177,Si O Si O,1.5959838812613063,1.5912264097629487,1.6038636754827862,-137.4310334648476
345,64 60 68 69,Si O Si O,1.6086032529531948,1.6022835883728845,1.6069761541539018,126.49793530368102
346,64 60 68 76,Si O Si O,1.6086032529531948,1.6022835883728845,1.597579641776407,3.4935448477788698
347,64 60 68 82,Si O Si O,1.6086032529531948,1.6022835883728845,1.5773659723444795,-114.19020536858379
348,64 61 63 72,Si O Si O,1.6182036187745499,1.6150439403787569,1.6410199785041377,-49.92445023075263
349,64 78 163 131,Si O Si O,1.591603262249675,1.6143989744304506,1.5989431055614893,12.580688708062683
350,64 78 163 175,Si O Si O,1.591603262249675,1.6143989744304506,1.5958810740981937,-109.75097341365904
351,65 62 63 72,Si O Si O,1.6337116506271399,1.6414124678334578,1.6410199785041377,166.616045162713
352,65 66 185 132,Si O Si O,1.6196470777952612,1.6127337483017365,1.5985694399385348,-131.74573055613888
353,65 66 185 161,Si O Si O,1.6196470777952612,1.6127337483017365,1.6048686697184245,105.9613563810329
354,65 66 185 179,Si O Si O,1.6196470777952612,1.6127337483017365,1.610803300124217,-12.754821001182156
355,65 67 70 69,Si O Si O,1.6219279403026112,1.6238207003396983,1.6109008238691955,-95.72925058993216
356,65 67 70 74,Si O Si O,1.6219279403026112,1.6238207003396983,1.610541110121917,18.18553031526398
357,65 71 83 173,Si O Si O,1.6255821825703343,1.6218547343407006,1.5949542887397965,-157.75337959818813
358,65 71 83 186,Si O Si O,1.6255821825703343,1.6218547343407006,1.6226854093264402,-37.43894280179255
359,66 65 67 70,O Si O Si,1.6196470777952612,1.6219279403026112,1.6238207003396983,-96.91044863018776
360,66 65 71 83,O Si O Si,1.6196470777952612,1.6255821825703343,1.6218547343407006,97.22074541152784
361,66 185 161 206,O Si O Si,1.6127337483017365,1.6048686697184245,1.6024413322051867,-157.265468405119
362,66 185 179 166,O Si O Si,1.6127337483017365,1.610803300124217,1.5983481081777553,-142.94044285352433
363,67 65 66 185,O Si O Si,1.6219279403026112,1.6196470777952612,1.6127337483017365,123.82224414320287
364,67 65 71 83,O Si O Si,1.6219279403026112,1.6255821825703343,1.6218547343407006,-16.990505460809434
365,67 70 69 68,O Si O Si,1.6238207003396983,1.6109008238691955,1.6069761541539018,-64.7256199605605
366,67 70 74 80,O Si O Si,1.6238207003396983,1.610541110121917,1.6078829509846462,-32.96279592191284
367,68 60 64 78,Si O Si O,1.6022835883728845,1.6086032529531948,1.591603262249675,22.72972799679949
368,68 69 70 74,Si O Si O,1.6069761541539018,1.6109008238691955,1.610541110121917,173.26305696712672
369,68 76 77 73,Si O Si O,1.597579641776407,1.5972881326045496,1.6133013787458534,-15.713422960840786
370,68 76 77 101,Si O Si O,1.597579641776407,1.5972881326045496,1.6053650403692683,102.19094210513153
371,68 82 215 98,Si O Si O,1.5773659723444795,1.5855747747869082,1.645380262019113,-96.34398681122964
372,68 82 215 183,Si O Si O,1.5773659723444795,1.5855747747869082,1.6381140129189824,26.33138245926927
373,68 82 215 192,Si O Si O,1.5773659723444795,1.5855747747869082,1.6169878420103256,147.59569713931282
374,69 68 76 77,O Si O Si,1.6069761541539018,1.597579641776407,1.5972881326045496,-28.536474486558078
375,69 68 82 215,O Si O Si,1.6069761541539018,1.5773659723444795,1.5855747747869082,47.783765134865845
376,69 70 74 80,O Si O Si,1.6109008238691955,1.610541110121917,1.6078829509846462,83.26585695494352
377,70 67 65 71,Si O Si O,1.6238207003396983,1.6219279403026112,1.6255821825703343,17.722886741833417
378,70 69 68 76,Si O Si O,1.6109008238691955,1.6069761541539018,1.597579641776407,155.75025629371933
379,70 69 68 82,Si O Si O,1.6109008238691955,1.6069761541539018,1.5773659723444795,-83.73867417482826
380,70 74 80 105,Si O Si O,1.610541110121917,1.6078829509846462,1.6307035342481844,-89.34287414132399
381,70 74 80 186,Si O Si O,1.610541110121917,1.6078829509846462,1.6135138021406057,30.96065627433886
382,70 74 80 199,Si O Si O,1.610541110121917,1.6078829509846462,1.6054828478489107,154.6613269459496
383,71 65 66 185,O Si O Si,1.6255821825703343,1.6196470777952612,1.6127337483017365,7.352807948701473
384,71 83 57 75,O Si O Si,1.6218547343407006,1.5989787857456932,1.5854671109615652,-128.74985911933723
385,71 83 173 170,O Si O Si,1.6218547343407006,1.5949542887397965,1.6097549996995908,28.65002072111018
386,71 83 186 80,O Si O Si,1.6218547343407006,1.6226854093264402,1.6135138021406057,108.46836889859689
387,72 87 79 81,O Si O Si,1.6425804914619917,1.6199695398616896,1.6111632027255,-9.471872609431319
388,72 87 94 196,O Si O Si,1.6425804914619917,1.6668726068791107,1.646313038575786,-131.62799285743455
389,72 87 102 88,O Si O Si,1.6425804914619917,1.6061690311640946,1.6028746442569706,45.02025569539911
390,73 75 57 83,O Si O Si,1.6029382747922778,1.5854671109615652,1.5989787857456932,126.50255288352403
391,73 75 99 86,O Si O Si,1.6029382747922778,1.6022452472098065,1.5923040618247564,-170.2173535461441
392,73 77 101 96,O Si O Si,1.6133013787458534,1.6053650403692683,1.5946995298337647,154.19900260294148
393,74 80 105 86,O Si O Si,1.6078829509846462,1.6307035342481844,1.6107353912081765,1.8668822404043766
394,74 80 186 83,O Si O Si,1.6078829509846462,1.6135138021406057,1.6226854093264402,-76.77095044066375
395,74 80 199 213,O Si O Si,1.6078829509846462,1.6054828478489107,1.6092172383486165,114.41221083718105
396,75 57 83 173,Si O Si O,1.5854671109615652,1.5989787857456932,1.5949542887397965,104.38994615114065
397,75 57 83 186,Si O Si O,1.5854671109615652,1.5989787857456932,1.6226854093264402,-9.664253020598132
398,75 73 77 76,Si O Si O,1.6029382747922778,1.6133013787458534,1.5972881326045496,111.78793814731085
399,75 73 77 101,Si O Si O,1.6029382747922778,1.6133013787458534,1.6053650403692683,-6.481205804567243
400,75 99 86 104,Si O Si O,1.6022452472098065,1.5923040618247564,1.6051571745531577,171.83073223505198
401,75 99 86 105,Si O Si O,1.6022452472098065,1.5923040618247564,1.6107353912081765,53.557204830007834
402,75 99 86 108,Si O Si O,1.6022452472098065,1.5923040618247564,1.629266718517483,-70.83745024912797
403,76 68 82 215,O Si O Si,1.597579641776407,1.5773659723444795,1.5855747747869082,172.57030303412736
404,76 77 101 96,O Si O Si,1.5972881326045496,1.6053650403692683,1.5946995298337647,38.75825230488049
405,77 73 75 99,Si O Si O,1.6133013787458534,1.6029382747922778,1.6022452472098065,-34.257488056587405
406,77 76 68 82,Si O Si O,1.5972881326045496,1.597579641776407,1.5773659723444795,-150.26741654439448
407,77 101 96 89,Si O Si O,1.6053650403692683,1.5946995298337647,1.6403311224672308,-15.397636684584125
408,77 101 96 103,Si O Si O,1.6053650403692683,1.5946995298337647,1.6161520299654664,-131.61997417754898
409,78 64 56 81,O Si O Si,1.591603262249675,1.5959838812613063,1.5912264097629487,-179.87674428811528
410,78 163 131 115,O Si O Si,1.6143989744304506,1.5989431055614893,1.6126816664612427,-153.5188536998666
411,78 163 175 174,O Si O Si,1.6143989744304506,1.5958810740981937,1.6311530286805296,99.77379554741754
412,79 81 177 176,O Si O Si,1.6111632027255,1.6038636754827862,1.5953099776150732,-45.84647431898355
413,79 87 94 196,O Si O Si,1.6199695398616896,1.6668726068791107,1.646313038575786,103.56305237995649
414,79 87 102 88,O Si O Si,1.6199695398616896,1.6061690311640946,1.6028746442569706,162.55448335788407
415,80 105 86 99,Si O Si O,1.6307035342481844,1.6107353912081765,1.5923040618247564,50.351503104163704
416,80 105 86 104,Si O Si O,1.6307035342481844,1.6107353912081765,1.6051571745531577,-65.05501517839171
417,80 105 86 108,Si O Si O,1.6307035342481844,1.6107353912081765,1.629266718517483,173.3107026080913
418,80 186 83 173,Si O Si O,1.6135138021406057,1.6226854093264402,1.5949542887397965,-123.86374350497898
419,80 199 213 92,Si O Si O,1.6054828478489107,1.6092172383486165,1.621776855799016,-62.12354810698177
420,80 199 213 149,Si O Si O,1.6054828478489107,1.6092172383486165,1.601248414739196,179.30585574346662
421,80 199 213 204,Si O Si O,1.6054828478489107,1.6092172383486165,1.6045623794039172,59.42616183082455
422,81 58 53 84,Si O Si O,1.608750000707658,1.610340919271337,1.621747103848639,-69.05401569413964
423,81 58 53 130,Si O Si O,1.608750000707658,1.610340919271337,1.6374928854970665,57.49573522864845
424,81 79 87 94,Si O Si O,1.6111632027255,1.6199695398616896,1.6668726068791107,118.78425242545416
425,81 79 87 102,Si O Si O,1.6111632027255,1.6199695398616896,1.6061690311640946,-123.66388510736259
426,81 177 176 165,Si O Si O,1.6038636754827862,1.5953099776150732,1.6065955703618728,-158.22831455325957
427,81 177 176 182,Si O Si O,1.6038636754827862,1.5953099776150732,1.6099386453068096,-40.62455911394906
428,81 177 176 184,Si O Si O,1.6038636754827862,1.5953099776150732,1.6006376665764175,76.93551076312491
429,82 215 98 100,O Si O Si,1.5855747747869082,1.645380262019113,1.6364735918302602,-60.058225191794605
430,82 215 183 123,O Si O Si,1.5855747747869082,1.6381140129189824,1.6398734169090907,120.47155059670295
431,82 215 192 187,O Si O Si,1.5855747747869082,1.6169878420103256,1.6246586903932845,-68.4788820826185
432,83 57 75 99,Si O Si O,1.5989787857456932,1.5854671109615652,1.6022452472098065,5.222255242313838
433,83 173 170 168,Si O Si O,1.5949542887397965,1.6097549996995908,1.5862308567332781,163.69539214590097
434,83 173 170 171,Si O Si O,1.5949542887397965,1.6097549996995908,1.600688115659,43.629173504878004
435,83 173 170 172,Si O Si O,1.5949542887397965,1.6097549996995908,1.5858844311023874,-75.87737612985765
436,83 186 80 105,Si O Si O,1.6226854093264402,1.6135138021406057,1.6307035342481844,50.240157889123324
437,83 186 80 199,Si O Si O,1.6226854093264402,1.6135138021406057,1.6054828478489107,166.82691757669593
438,84 52 48 151,O Si O Si,1.6215377743354997,1.6079719060170938,1.6043521712098254,-95.26207379941505
439,84 52 97 100,O Si O Si,1.6215377743354997,1.6322815847886047,1.6269157095687314,-141.95314272581894
440,84 53 130 127,O Si O Si,1.621747103848639,1.6374928854970665,1.6466811558661798,-118.2755785716705
441,85 92 213 149,Si O Si O,1.6164229692593004,1.621776855799016,1.601248414739196,-74.43481852388027
442,85 92 213 199,Si O Si O,1.6164229692593004,1.621776855799016,1.6092172383486165,169.05340350371188
443,85 92 213 204,Si O Si O,1.6164229692593004,1.621776855799016,1.6045623794039172,48.36788797899524
444,85 106 90 93,Si O Si O,1.6140321351709566,1.5966998948457407,1.6179700202059797,135.11630079178505
445,85 106 90 104,Si O Si O,1.6140321351709566,1.5966998948457407,1.614743042422612,13.350039367507469
446,85 106 90 107,Si O Si O,1.6140321351709566,1.5966998948457407,1.5870533458954321,-102.51963855896875
447,85 201 206 161,Si O Si O,1.6304220406487597,1.631802263244932,1.6024413322051867,-49.46907408849117
448,85 201 206 203,Si O Si O,1.6304220406487597,1.631802263244932,1.60373362757698,-165.60293045354
449,85 201 206 210,Si O Si O,1.6304220406487597,1.631802263244932,1.6409288934131754,73.77779430267125
450,86 104 90 93,Si O Si O,1.6051571745531577,1.614743042422612,1.6179700202059797,-17.58090187886396
451,86 104 90 106,Si O Si O,1.6051571745531577,1.614743042422612,1.5966998948457407,108.54177305003962
452,86 104 90 107,Si O Si O,1.6051571745531577,1.614743042422612,1.5870533458954321,-137.14854736834198
453,86 105 80 186,Si O Si O,1.6107353912081765,1.6307035342481844,1.6135138021406057,-117.17875506811751
454,86 105 80 199,Si O Si O,1.6107353912081765,1.6307035342481844,1.6054828478489107,118.50974930385328
455,86 108 190 93,Si O Si O,1.629266718517483,1.633493257250732,1.630565566447974,-2.0952781903823414
456,86 108 190 189,Si O Si O,1.629266718517483,1.633493257250732,1.6301117317383966,123.41991585466947
457,86 108 190 195,Si O Si O,1.629266718517483,1.633493257250732,1.6019554656741606,-115.21951923860813
458,87 79 81 177,Si O Si O,1.6199695398616896,1.6111632027255,1.6038636754827862,-160.5460877017864
459,87 94 196 91,Si O Si O,1.6668726068791107,1.646313038575786,1.6028691290099746,-1.6851192671047381
460,87 94 196 197,Si O Si O,1.6668726068791107,1.646313038575786,1.6464199646346562,-113.65160022138092
461,87 102 88 95,Si O Si O,1.6061690311640946,1.6028746442569706,1.63626247762701,176.93156984322567
462,87 102 88 103,Si O Si O,1.6061690311640946,1.6028746442569706,1.6235058801975821,52.174712272580514
463,87 102 88 107,Si O Si O,1.6061690311640946,1.6028746442569706,1.5925456446899584,-62.885547957786414
464,88 95 100 97,Si O Si O,1.63626247762701,1.6360909604223606,1.6269157095687314,73.35368102487706
465,88 95 100 98,Si O Si O,1.63626247762701,1.6360909604223606,1.6364735918302602,-163.03623768483087
466,88 95 100 188,Si O Si O,1.63626247762701,1.6360909604223606,1.6391739730860089,-48.88888030791738
467,88 102 87 94,Si O Si O,1.6028746442569706,1.6061690311640946,1.6668726068791107,-82.21242562435815
468,88 103 96 89,Si O Si O,1.6235058801975821,1.6161520299654664,1.6403311224672308,8.854194216297177
469,88 103 96 101,Si O Si O,1.6235058801975821,1.6161520299654664,1.5946995298337647,123.05552464156685
470,88 107 90 93,Si O Si O,1.5925456446899584,1.5870533458954321,1.6179700202059797,-92.62209241682866
471,88 107 90 104,Si O Si O,1.5925456446899584,1.5870533458954321,1.614743042422612,26.411704538862992
472,88 107 90 106,Si O Si O,1.5925456446899584,1.5870533458954321,1.5966998948457407,141.1527919686144
473,89 212 91 196,O Si O Si,1.618705854117524,1.6132264494305995,1.6028691290099746,-118.26210954451922
474,89 212 188 100,O Si O Si,1.618705854117524,1.6192888119822137,1.6391739730860089,-26.12129719551443
475,89 212 208 209,O Si O Si,1.618705854117524,1.5976644965105442,1.6260380307348088,104.16239279504659
476,90 93 190 108,Si O Si O,1.6179700202059797,1.630565566447974,1.633493257250732,-18.719368024709482
477,90 93 190 189,Si O Si O,1.6179700202059797,1.630565566447974,1.6301117317383966,-143.30636689136637
478,90 93 190 195,Si O Si O,1.6179700202059797,1.630565566447974,1.6019554656741606,97.4481717718798
479,90 104 86 99,Si O Si O,1.614743042422612,1.6051571745531577,1.5923040618247564,123.6978913698506
480,90 104 86 105,Si O Si O,1.614743042422612,1.6051571745531577,1.6107353912081765,-122.68790791396783
481,90 104 86 108,Si O Si O,1.614743042422612,1.6051571745531577,1.629266718517483,3.0938741827465597
482,90 106 85 92,Si O Si O,1.5966998948457407,1.6140321351709566,1.6164229692593004,-26.974107069874652
483,90 106 85 201,Si O Si O,1.5966998948457407,1.6140321351709566,1.6304220406487597,-139.42994392984747
484,90 107 88 95,Si O Si O,1.5870533458954321,1.5925456446899584,1.63626247762701,-77.09182627748005
485,90 107 88 102,Si O Si O,1.5870533458954321,1.5925456446899584,1.6028746442569706,162.37143942499173
486,90 107 88 103,Si O Si O,1.5870533458954321,1.5925456446899584,1.6235058801975821,41.61801186118378
487,91 196 197 209,O Si O Si,1.6028691290099746,1.6464199646346562,1.6550289507025595,19.42924276653227
488,91 212 89 96,O Si O Si,1.6132264494305995,1.618705854117524,1.6403311224672308,-7.542962674957054
489,91 212 188 100,O Si O Si,1.6132264494305995,1.6192888119822137,1.6391739730860089,83.46159251656087
490,91 212 208 209,O Si O Si,1.6132264494305995,1.5976644965105442,1.6260380307348088,-1.7746030239186215
491,92 85 201 206,O Si O Si,1.6164229692593004,1.6304220406487597,1.631802263244932,-142.15270976743446
492,92 213 149 140,O Si O Si,1.621776855799016,1.601248414739196,1.600042539968093,105.81391700194514
493,92 213 204 202,O Si O Si,1.621776855799016,1.6045623794039172,1.604934029043208,-154.85599753460053
494,93 190 189 154,O Si O Si,1.630565566447974,1.6301117317383966,1.6438860810237432,-88.42634749833255
495,93 190 195 198,O Si O Si,1.630565566447974,1.6019554656741606,1.6027410772618147,-134.60395028068436
496,94 196 91 212,O Si O Si,1.646313038575786,1.6028691290099746,1.6132264494305995,-140.19346054624745
497,94 196 197 209,O Si O Si,1.646313038575786,1.6464199646346562,1.6550289507025595,130.74342488835453
498,95 88 103 96,O Si O Si,1.63626247762701,1.6235058801975821,1.6161520299654664,-47.448605480448684
499,95 100 98 215,O Si O Si,1.6360909604223606,1.6364735918302602,1.645380262019113,81.52499700526347
500,95 100 188 212,O Si O Si,1.6360909604223606,1.6391739730860089,1.6192888119822137,-21.102385109857266
501,96 89 212 188,Si O Si O,1.6403311224672308,1.618705854117524,1.6192888119822137,110.99020534397533
502,96 89 212 208,Si O Si O,1.6403311224672308,1.618705854117524,1.5976644965105442,-119.35081324406703
503,96 103 88 102,Si O Si O,1.6161520299654664,1.6235058801975821,1.6028746442569706,79.17428914721458
504,96 103 88 107,Si O Si O,1.6161520299654664,1.6235058801975821,1.5925456446899584,-168.14480927477896
505,97 52 48 151,O Si O Si,1.6322815847886047,1.6079719060170938,1.6043521712098254,26.200519833192363
506,97 100 98 215,O Si O Si,1.6269157095687314,1.6364735918302602,1.645380262019113,-157.94356991317449
507,97 100 188 212,O Si O Si,1.6269157095687314,1.6391739730860089,1.6192888119822137,-134.05902696664756
508,98 100 188 212,O Si O Si,1.6364735918302602,1.6391739730860089,1.6192888119822137,103.35365504534037
509,98 215 183 123,O Si O Si,1.645380262019113,1.6381140129189824,1.6398734169090907,-121.92947362715582
510,98 215 192 187,O Si O Si,1.645380262019113,1.6169878420103256,1.6246586903932845,177.426822857333
511,99 86 108 190,O Si O Si,1.5923040618247564,1.629266718517483,1.633493257250732,-108.82611001688387
512,100 95 88 102,Si O Si O,1.6360909604223606,1.63626247762701,1.6028746442569706,-12.028431659264323
513,100 95 88 103,Si O Si O,1.6360909604223606,1.63626247762701,1.6235058801975821,115.89752142411706
514,100 95 88 107,Si O Si O,1.6360909604223606,1.63626247762701,1.5925456446899584,-126.67924095474584
515,100 98 215 183,Si O Si O,1.6364735918302602,1.645380262019113,1.6381140129189824,-177.5157610701859
516,100 98 215 192,Si O Si O,1.6364735918302602,1.645380262019113,1.6169878420103256,52.80631858307338
517,100 188 212 208,Si O Si O,1.6391739730860089,1.6192888119822137,1.5976644965105442,-158.04004953605204
518,101 96 89 212,O Si O Si,1.5946995298337647,1.6403311224672308,1.618705854117524,-178.95482198078565
519,102 87 94 196,O Si O Si,1.6061690311640946,1.6668726068791107,1.646313038575786,-10.54039856525427
520,103 96 89 212,O Si O Si,1.6161520299654664,1.6403311224672308,1.618705854117524,-59.080664750276384
521,104 86 108 190,O Si O Si,1.6051571745531577,1.629266718517483,1.633493257250732,8.592634593682066
522,104 90 93 190,O Si O Si,1.614743042422612,1.6179700202059797,1.630565566447974,27.52102783684316
523,105 80 199 213,O Si O Si,1.6307035342481844,1.6054828478489107,1.6092172383486165,-10.794672957208853
524,105 86 108 190,O Si O Si,1.6107353912081765,1.629266718517483,1.633493257250732,132.54845713966492
525,106 85 92 213,O Si O Si,1.6140321351709566,1.6164229692593004,1.621776855799016,-103.1232940932191
526,106 85 201 206,O Si O Si,1.6140321351709566,1.6304220406487597,1.631802263244932,-24.05397351666896
527,106 90 93 190,O Si O Si,1.5966998948457407,1.6179700202059797,1.630565566447974,-93.17146062052055
528,107 90 93 190,O Si O Si,1.5870533458954321,1.6179700202059797,1.630565566447974,146.34231422424637
529,108 190 189 154,O Si O Si,1.633493257250732,1.6301117317383966,1.6438860810237432,152.56344106460605
530,108 190 195 198,O Si O Si,1.633493257250732,1.6019554656741606,1.6027410772618147,-23.23566915192348
531,109 110 111 117,O Si O Si,1.5729654717571397,1.6485663611522168,1.6118385124800387,-58.944662808522736
532,109 110 113 121,O Si O Si,1.5729654717571397,1.6604748343231899,1.6138551393017166,17.483834982213896
533,109 112 116 115,O Si O Si,1.8235989671672497,1.6783927731167623,1.5894971776026385,62.42304320032886
534,109 112 120 125,O Si O Si,1.8235989671672497,1.6469833329144858,1.5591542645192331,-162.53531413586254
535,109 112 158 174,O Si O Si,1.8235989671672497,1.88438849047927,1.58058670775135,-101.01267102369451
536,110 109 112 116,Si O Si O,1.5729654717571397,1.8235989671672497,1.6783927731167623,29.959684152622845
537,110 109 112 120,Si O Si O,1.5729654717571397,1.8235989671672497,1.6469833329144858,-82.30768482748523
538,110 109 112 158,Si O Si O,1.5729654717571397,1.8235989671672497,1.88438849047927,159.43476072913734
539,110 111 117 114,Si O Si O,1.6485663611522168,1.6118385124800387,1.616073134336774,18.860616688438725
540,110 111 117 119,Si O Si O,1.6485663611522168,1.6118385124800387,1.6580538592777003,145.0237869967864
541,110 111 117 129,Si O Si O,1.6485663611522168,1.6118385124800387,1.6251279476199696,-94.03540821811633
542,110 113 121 136,Si O Si O,1.6604748343231899,1.6138551393017166,1.6180594665819237,147.72702088334827
543,110 113 121 159,Si O Si O,1.6604748343231899,1.6138551393017166,1.5751784643662838,37.065679055288385
544,110 118 27 132,Si O Si O,1.6443111916911088,1.5961855720603266,1.6005432192561875,116.104007884435
545,111 110 109 112,O Si O Si,1.6485663611522168,1.5729654717571397,1.8235989671672497,0.020846194405141804
546,111 110 113 121,O Si O Si,1.6485663611522168,1.6604748343231899,1.6138551393017166,-105.99215465138656
547,111 117 114 115,O Si O Si,1.6118385124800387,1.616073134336774,1.6286265629443768,25.78471230705701
548,111 117 119 127,O Si O Si,1.6118385124800387,1.6580538592777003,1.6277105654167185,144.9492246160885
549,111 117 129 138,O Si O Si,1.6118385124800387,1.6251279476199696,1.5966223841229183,-20.60310625468042
550,112 109 110 113,Si O Si O,1.8235989671672497,1.5729654717571397,1.6604748343231899,-123.78862524792453
551,112 109 110 118,Si O Si O,1.8235989671672497,1.5729654717571397,1.6443111916911088,122.2044949145426
552,112 116 115 114,Si O Si O,1.6783927731167623,1.5894971776026385,1.6286265629443768,-107.13019497040193
553,112 116 115 131,Si O Si O,1.6783927731167623,1.5894971776026385,1.6126816664612427,135.59882153390083
554,112 116 115 160,Si O Si O,1.6783927731167623,1.5894971776026385,1.641548500316426,20.565128510265737
555,112 120 125 124,Si O Si O,1.6469833329144858,1.5591542645192331,1.6310191360306452,-139.7968810467039
556,112 120 125 134,Si O Si O,1.6469833329144858,1.5591542645192331,1.6424806983141234,106.4661181287329
557,112 120 125 148,Si O Si O,1.6469833329144858,1.5591542645192331,1.6228140113473355,-12.972750624518463
558,112 158 174 168,Si O Si O,1.88438849047927,1.58058670775135,1.6301100395426698,50.20849627785141
559,112 158 174 175,Si O Si O,1.88438849047927,1.58058670775135,1.6311530286805296,-70.14352649195145
560,112 158 174 180,Si O Si O,1.88438849047927,1.58058670775135,1.6634091825282915,163.83335269779107
561,113 110 111 117,O Si O Si,1.6604748343231899,1.6485663611522168,1.6118385124800387,63.62429870282904
562,113 121 136 154,O Si O Si,1.6138551393017166,1.6180594665819237,1.5987002413954199,54.270957156042115
563,113 121 159 169,O Si O Si,1.6138551393017166,1.5751784643662838,1.5746779288243526,-167.98647575899778
564,114 115 131 163,O Si O Si,1.6286265629443768,1.6126816664612427,1.5989431055614893,-115.99192183105919
565,114 115 160 169,O Si O Si,1.6286265629443768,1.641548500316426,1.6185917506324659,106.59429371432284
566,114 117 119 127,O Si O Si,1.616073134336774,1.6580538592777003,1.6277105654167185,-90.70473521621624
567,114 117 129 138,O Si O Si,1.616073134336774,1.6251279476199696,1.5966223841229183,-137.65587772976684
568,115 114 117 119,Si O Si O,1.6286265629443768,1.616073134336774,1.6580538592777003,-99.47553864375185
569,115 114 117 129,Si O Si O,1.6286265629443768,1.616073134336774,1.6251279476199696,142.74344824933902
570,115 116 112 120,Si O Si O,1.5894971776026385,1.6783927731167623,1.6469833329144858,154.0277686470593
571,115 116 112 158,Si O Si O,1.5894971776026385,1.6783927731167623,1.88438849047927,-113.47618976619034
572,115 131 163 175,Si O Si O,1.6126816664612427,1.5989431055614893,1.5958810740981937,-34.46672864279738
573,115 160 169 159,Si O Si O,1.641548500316426,1.6185917506324659,1.5746779288243526,-57.57633567421452
574,115 160 169 172,Si O Si O,1.641548500316426,1.6185917506324659,1.5950005250085408,55.69629232043656
575,115 160 169 181,Si O Si O,1.641548500316426,1.6185917506324659,1.6086134758827202,177.75709657457162
576,116 112 120 125,O Si O Si,1.6783927731167623,1.6469833329144858,1.5591542645192331,104.97963995865986
577,116 112 158 174,O Si O Si,1.6783927731167623,1.88438849047927,1.58058670775135,28.486639914345215
578,116 115 114 117,O Si O Si,1.5894971776026385,1.6286265629443768,1.616073134336774,14.628674841741953
579,116 115 131 163,O Si O Si,1.5894971776026385,1.6126816664612427,1.5989431055614893,2.3938485343572875
580,116 115 160 169,O Si O Si,1.5894971776026385,1.641548500316426,1.6185917506324659,-18.966924512661627
581,117 111 110 118,Si O Si O,1.6118385124800387,1.6485663611522168,1.6443111916911088,173.3544240231888
582,117 114 115 131,Si O Si O,1.616073134336774,1.6286265629443768,1.6126816664612427,132.95079800758265
583,117 114 115 160,Si O Si O,1.616073134336774,1.6286265629443768,1.641548500316426,-113.28236441971386
584,117 119 127 126,Si O Si O,1.6580538592777003,1.6277105654167185,1.6541505563532344,-179.14157944081944
585,117 119 127 130,Si O Si O,1.6580538592777003,1.6277105654167185,1.6466811558661798,-53.90379433905918
586,117 129 138 135,Si O Si O,1.6251279476199696,1.5966223841229183,1.5951653872644147,-43.487941104109716
587,117 129 138 141,Si O Si O,1.6251279476199696,1.5966223841229183,1.6161152122709295,73.37927774291633
588,117 129 138 145,Si O Si O,1.6251279476199696,1.5966223841229183,1.6202120732285057,-160.75796084230976
589,118 27 132 185,O Si O Si,1.5961855720603266,1.6005432192561875,1.5985694399385348,-174.74334580068287
590,118 110 113 121,O Si O Si,1.6443111916911088,1.6604748343231899,1.6138551393017166,140.9145705619084
591,119 117 129 138,O Si O Si,1.6580538592777003,1.6251279476199696,1.5966223841229183,101.79260663172377
592,119 127 126 123,O Si O Si,1.6277105654167185,1.6541505563532344,1.638098523224906,66.69158949360417
593,120 112 158 174,O Si O Si,1.6469833329144858,1.88438849047927,1.58058670775135,140.77397084460767
594,120 125 124 133,O Si O Si,1.5591542645192331,1.6310191360306452,1.5974775903028062,174.58382242429977
595,120 125 148 147,O Si O Si,1.5591542645192331,1.6228140113473355,1.5936369474794874,-113.94643175696922
596,121 136 154 139,Si O Si O,1.6180594665819237,1.5987002413954199,1.6237444000820744,-103.41290584031677
597,121 136 154 189,Si O Si O,1.6180594665819237,1.5987002413954199,1.6438860810237432,133.1141306427028
598,121 159 169 160,Si O Si O,1.5751784643662838,1.5746779288243526,1.6185917506324659,-165.26210837178758
599,121 159 169 172,Si O Si O,1.5751784643662838,1.5746779288243526,1.5950005250085408,76.13948837614997
600,121 159 169 181,Si O Si O,1.5751784643662838,1.5746779288243526,1.6086134758827202,-36.481377298820576
601,122 123 126 127,O Si O Si,1.6295087324269142,1.638098523224906,1.6541505563532344,-105.68910592484093
602,122 123 162 167,O Si O Si,1.6295087324269142,1.616673103291936,1.6213134502159778,-23.42345566484975
603,122 123 183 215,O Si O Si,1.6295087324269142,1.6398734169090907,1.6381140129189824,80.91394770687351
604,122 133 124 125,O Si O Si,1.6222038526260434,1.5974775903028062,1.6310191360306452,-129.82332863280803
605,122 133 128 167,O Si O Si,1.6222038526260434,1.6399082261021134,1.6335964707236696,-24.39691881053462
606,122 133 137 140,O Si O Si,1.6222038526260434,1.6246297163253085,1.6255956859490672,-162.0669688217379
607,123 122 133 124,Si O Si O,1.6295087324269142,1.6222038526260434,1.5974775903028062,-104.17762261899922
608,123 122 133 128,Si O Si O,1.6295087324269142,1.6222038526260434,1.6399082261021134,21.187619320844977
609,123 122 133 137,Si O Si O,1.6295087324269142,1.6222038526260434,1.6246297163253085,138.73792675465822
610,123 126 127 130,Si O Si O,1.638098523224906,1.6541505563532344,1.6466811558661798,-60.70048179107688
611,123 162 167 128,Si O Si O,1.616673103291936,1.6213134502159778,1.6335964707236696,21.27140204765675
612,123 162 167 164,Si O Si O,1.616673103291936,1.6213134502159778,1.60874757635863,141.02082441751432
613,123 162 167 178,Si O Si O,1.616673103291936,1.6213134502159778,1.6133467342130428,-104.74205635734852
614,123 183 215 192,Si O Si O,1.6398734169090907,1.6381140129189824,1.6169878420103256,5.402279906500211
615,124 125 148 147,O Si O Si,1.6310191360306452,1.6228140113473355,1.5936369474794874,7.125663425488556
616,124 133 128 167,O Si O Si,1.5974775903028062,1.6399082261021134,1.6335964707236696,92.991284585608
617,124 133 137 140,O Si O Si,1.5974775903028062,1.6246297163253085,1.6255956859490672,80.63398323412292
618,125 120 112 158,Si O Si O,1.5591542645192331,1.6469833329144858,1.88438849047927,12.78302255530456
619,125 124 133 128,Si O Si O,1.6310191360306452,1.5974775903028062,1.6399082261021134,113.58386970037749
620,125 124 133 137,Si O Si O,1.6310191360306452,1.5974775903028062,1.6246297163253085,-5.6675358570954035
621,125 148 147 144,Si O Si O,1.6228140113473355,1.5936369474794874,1.6255992696974058,12.96224176323405
622,125 148 147 146,Si O Si O,1.6228140113473355,1.5936369474794874,1.620742709419741,-110.14193080582746
623,125 148 147 150,Si O Si O,1.6228140113473355,1.5936369474794874,1.620498178634236,136.83499397578188
624,126 123 122 133,O Si O Si,1.638098523224906,1.6295087324269142,1.6222038526260434,112.76814203015886
625,126 123 162 167,O Si O Si,1.638098523224906,1.616673103291936,1.6213134502159778,-144.88750386116254
626,126 123 183 215,O Si O Si,1.638098523224906,1.6398734169090907,1.6381140129189824,-151.14885780727735
627,127 119 117 129,Si O Si O,1.6277105654167185,1.6580538592777003,1.6251279476199696,23.65374086720089
628,127 126 123 162,Si O Si O,1.6541505563532344,1.638098523224906,1.616673103291936,11.652969385423985
629,127 126 123 183,Si O Si O,1.6541505563532344,1.638098523224906,1.6398734169090907,131.91516928427686
630,128 133 137 140,O Si O Si,1.6399082261021134,1.6246297163253085,1.6255956859490672,-45.78723706729353
631,128 167 164 166,O Si O Si,1.6335964707236696,1.60874757635863,1.6048954774666142,173.6606715527963
632,128 167 178 187,O Si O Si,1.6335964707236696,1.6133467342130428,1.6278038092299973,-49.37119070931831
633,129 138 135 157,O Si O Si,1.5966223841229183,1.5951653872644147,1.5804218658815339,-96.84959328116231
634,129 138 141 142,O Si O Si,1.5966223841229183,1.6161152122709295,1.6186836766061168,141.58646549141196
635,129 138 145 151,O Si O Si,1.5966223841229183,1.6202120732285057,1.6138199961793933,120.71123289859815
636,131 115 160 169,O Si O Si,1.6126816664612427,1.641548500316426,1.6185917506324659,-137.2834830023715
637,131 163 175 174,O Si O Si,1.5989431055614893,1.5958810740981937,1.6311530286805296,-21.139812293706168
638,132 185 161 206,O Si O Si,1.5985694399385348,1.6048686697184245,1.6024413322051867,77.87555217154811
639,132 185 179 166,O Si O Si,1.5985694399385348,1.610803300124217,1.5983481081777553,-18.610632487428294
640,133 122 123 162,Si O Si O,1.6222038526260434,1.6295087324269142,1.616673103291936,-2.2080764472981174
641,133 122 123 183,Si O Si O,1.6222038526260434,1.6295087324269142,1.6398734169090907,-114.99975097531289
642,133 124 125 134,Si O Si O,1.5974775903028062,1.6310191360306452,1.6424806983141234,-61.52359572256469
643,133 124 125 148,Si O Si O,1.5974775903028062,1.6310191360306452,1.6228140113473355,52.716793731257816
644,133 128 167 162,Si O Si O,1.6399082261021134,1.6335964707236696,1.6213134502159778,6.920877946272561
645,133 128 167 164,Si O Si O,1.6399082261021134,1.6335964707236696,1.60874757635863,-113.26700187636264
646,133 128 167 178,Si O Si O,1.6399082261021134,1.6335964707236696,1.6133467342130428,126.80995790281267
647,133 137 140 143,Si O Si O,1.6246297163253085,1.6255956859490672,1.5994053067232825,-113.54421187365169
648,133 137 140 149,Si O Si O,1.6246297163253085,1.6255956859490672,1.600042539968093,10.425191877851619
649,133 137 140 152,Si O Si O,1.6246297163253085,1.6255956859490672,1.6114491270548807,127.66135606828978
650,134 125 148 147,O Si O Si,1.6424806983141234,1.6228140113473355,1.5936369474794874,119.34961189107814
651,135 138 141 142,O Si O Si,1.5951653872644147,1.6161152122709295,1.6186836766061168,-100.42991817666946
652,135 138 145 151,O Si O Si,1.5951653872644147,1.6202120732285057,1.6138199961793933,2.657175875156393
653,135 157 182 176,O Si O Si,1.5804218658815339,1.6055050217553213,1.6099386453068096,139.56825011803048
654,135 157 203 206,O Si O Si,1.5804218658815339,1.6028550660480954,1.60373362757698,117.1678240193526
655,135 157 207 205,O Si O Si,1.5804218658815339,1.6108194328876244,1.600087634106681,-21.138478047622463
656,136 121 159 169,O Si O Si,1.6180594665819237,1.5751784643662838,1.5746779288243526,72.96848390465367
657,136 154 139 142,O Si O Si,1.5987002413954199,1.6237444000820744,1.6256921144391536,21.094688575174484
658,136 154 189 190,O Si O Si,1.5987002413954199,1.6438860810237432,1.6301117317383966,12.218548427092038
659,137 133 128 167,O Si O Si,1.6246297163253085,1.6399082261021134,1.6335964707236696,-148.3907474777149
660,137 140 143 142,O Si O Si,1.6255956859490672,1.5994053067232825,1.6195655129374482,-67.12993401972848
661,137 140 149 213,O Si O Si,1.6255956859490672,1.600042539968093,1.601248414739196,93.7923772809375
662,137 140 152 205,O Si O Si,1.6255956859490672,1.6114491270548807,1.6115049189418928,-11.401806581064596
663,138 135 157 182,Si O Si O,1.5951653872644147,1.5804218658815339,1.6055050217553213,64.5699976220475
664,138 135 157 203,Si O Si O,1.5951653872644147,1.5804218658815339,1.6028550660480954,-173.1903683142097
665,138 135 157 207,Si O Si O,1.5951653872644147,1.5804218658815339,1.6108194328876244,-50.862278876257676
666,138 141 142 139,Si O Si O,1.6161152122709295,1.6186836766061168,1.6256921144391536,-173.38626219225424
667,138 141 142 143,Si O Si O,1.6161152122709295,1.6186836766061168,1.6195655129374482,64.53195614015236
668,138 141 142 146,Si O Si O,1.6161152122709295,1.6186836766061168,1.6111042854094142,-48.90331576579693
669,138 145 151 153,Si O Si O,1.6202120732285057,1.6138199961793933,1.622780423463105,31.29472787419664
670,138 145 151 155,Si O Si O,1.6202120732285057,1.6138199961793933,1.587879016148726,153.03356031340476
671,139 142 143 140,O Si O Si,1.6256921144391536,1.6195655129374482,1.5994053067232825,-176.0645848056665
672,139 142 146 147,O Si O Si,1.6256921144391536,1.6111042854094142,1.620742709419741,-78.00058451147422
673,139 154 189 190,O Si O Si,1.6237444000820744,1.6438860810237432,1.6301117317383966,-110.36669027504189
674,140 143 142 141,Si O Si O,1.5994053067232825,1.6195655129374482,1.6186836766061168,-51.87003282343271
675,140 143 142 146,Si O Si O,1.5994053067232825,1.6195655129374482,1.6111042854094142,60.2541074374153
676,140 149 213 199,Si O Si O,1.600042539968093,1.601248414739196,1.6092172383486165,-133.43208759857748
677,140 149 213 204,Si O Si O,1.600042539968093,1.601248414739196,1.6045623794039172,-15.832486902165554
678,140 152 205 153,Si O Si O,1.6114491270548807,1.6115049189418928,1.6073513770830181,58.38104503289191
679,140 152 205 191,Si O Si O,1.6114491270548807,1.6115049189418928,1.6029412931511642,-67.37721949198739
680,140 152 205 207,Si O Si O,1.6114491270548807,1.6115049189418928,1.600087634106681,176.0374524983605
681,141 138 135 157,O Si O Si,1.6161152122709295,1.5951653872644147,1.5804218658815339,142.55269964832848
682,141 138 145 151,O Si O Si,1.6161152122709295,1.6202120732285057,1.6138199961793933,-113.03232067931364
683,141 142 139 154,O Si O Si,1.6186836766061168,1.6256921144391536,1.6237444000820744,11.001059295919973
684,141 142 146 147,O Si O Si,1.6186836766061168,1.6111042854094142,1.620742709419741,159.8751711845438
685,142 139 154 189,Si O Si O,1.6256921144391536,1.6237444000820744,1.6438860810237432,143.10950580402465
686,142 141 138 145,Si O Si O,1.6186836766061168,1.6161152122709295,1.6202120732285057,15.606874722856652
687,142 143 140 149,Si O Si O,1.6195655129374482,1.5994053067232825,1.600042539968093,167.48556830574034
688,142 143 140 152,Si O Si O,1.6195655129374482,1.5994053067232825,1.6114491270548807,50.510260443408214
689,142 146 147 144,Si O Si O,1.6111042854094142,1.620742709419741,1.6255992696974058,-109.41464907442094
690,142 146 147 148,Si O Si O,1.6111042854094142,1.620742709419741,1.5936369474794874,4.766435995845863
691,142 146 147 150,Si O Si O,1.6111042854094142,1.620742709419741,1.620498178634236,129.97172772935147
692,143 140 149 213,O Si O Si,1.5994053067232825,1.600042539968093,1.601248414739196,-138.87874577663234
693,143 140 152 205,O Si O Si,1.5994053067232825,1.6114491270548807,1.6115049189418928,-134.64592799032727
694,143 142 139 154,O Si O Si,1.6195655129374482,1.6256921144391536,1.6237444000820744,136.09481530544463
695,143 142 146 147,O Si O Si,1.6195655129374482,1.6111042854094142,1.620742709419741,40.86115275646787
696,144 147 150 209,O Si O Si,1.6255992696974058,1.620498178634236,1.6126537796876437,-124.08048942420864
697,144 156 155 151,O Si O Si,1.6138981051172017,1.601047360276213,1.587879016148726,-34.77172028182676
698,145 138 135 157,O Si O Si,1.6202120732285057,1.5951653872644147,1.5804218658815339,23.468315330779603
699,145 151 153 205,O Si O Si,1.6138199961793933,1.622780423463105,1.6073513770830181,-13.749207426588255
700,145 151 155 156,O Si O Si,1.6138199961793933,1.587879016148726,1.601047360276213,-24.71574219927158
701,146 142 139 154,O Si O Si,1.6111042854094142,1.6256921144391536,1.6237444000820744,-106.44413971468833
702,146 147 144 156,O Si O Si,1.620742709419741,1.6255992696974058,1.6138981051172017,-58.34518053671244
703,146 147 150 209,O Si O Si,1.620742709419741,1.620498178634236,1.6126537796876437,-1.0196074925861038
704,147 144 156 155,Si O Si O,1.6255992696974058,1.6138981051172017,1.601047360276213,81.11418032829614
705,147 150 209 194,Si O Si O,1.620498178634236,1.6126537796876437,1.609877350068207,-71.48847561454834
706,147 150 209 197,Si O Si O,1.620498178634236,1.6126537796876437,1.6550289507025595,54.105261074299726
707,147 150 209 208,Si O Si O,1.620498178634236,1.6126537796876437,1.6260380307348088,175.17426052811373
708,148 147 144 156,O Si O Si,1.5936369474794874,1.6255992696974058,1.6138981051172017,-177.1439262837992
709,148 147 150 209,O Si O Si,1.5936369474794874,1.620498178634236,1.6126537796876437,117.62522723226407
710,149 140 152 205,O Si O Si,1.600042539968093,1.6114491270548807,1.6115049189418928,108.0058009190962
711,149 213 204 202,O Si O Si,1.601248414739196,1.6045623794039172,1.604934029043208,-33.73479430350542
712,150 147 144 156,O Si O Si,1.620498178634236,1.6255992696974058,1.6138981051172017,54.80957883943396
713,150 209 194 198,O Si O Si,1.6126537796876437,1.609877350068207,1.612841448701268,-161.87055747564307
714,150 209 197 196,O Si O Si,1.6126537796876437,1.6550289507025595,1.6464199646346562,97.66898141669016
715,150 209 208 212,O Si O Si,1.6126537796876437,1.6260380307348088,1.5976644965105442,-115.01926924979087
716,151 153 205 152,Si O Si O,1.622780423463105,1.6073513770830181,1.6115049189418928,56.99304213309166
717,151 153 205 191,Si O Si O,1.622780423463105,1.6073513770830181,1.6029412931511642,-179.02810102894313
718,151 153 205 207,Si O Si O,1.622780423463105,1.6073513770830181,1.600087634106681,-58.051782501492866
719,152 140 149 213,O Si O Si,1.6114491270548807,1.600042539968093,1.601248414739196,-22.052442148797738
720,152 205 191 202,O Si O Si,1.6115049189418928,1.6029412931511642,1.629552363251521,-42.56455054230638
721,152 205 207 157,O Si O Si,1.6115049189418928,1.600087634106681,1.6108194328876244,-32.700644857135934
722,153 151 155 156,O Si O Si,1.622780423463105,1.587879016148726,1.601047360276213,98.02350548067788
723,153 205 191 202,O Si O Si,1.6073513770830181,1.6029412931511642,1.629552363251521,-166.6887327602154
724,153 205 207 157,O Si O Si,1.6073513770830181,1.600087634106681,1.6108194328876244,85.72457325202656
725,154 136 121 159,Si O Si O,1.5987002413954199,1.6180594665819237,1.5751784643662838,168.93675959060752
726,154 189 190 195,Si O Si O,1.6438860810237432,1.6301117317383966,1.6019554656741606,29.83465874464475
727,155 151 153 205,O Si O Si,1.587879016148726,1.622780423463105,1.6073513770830181,-134.33239648823152
728,157 182 176 165,Si O Si O,1.6055050217553213,1.6099386453068096,1.6065955703618728,-77.63751044523751
729,157 182 176 177,Si O Si O,1.6055050217553213,1.6099386453068096,1.5953099776150732,157.9089040208283
730,157 182 176 184,Si O Si O,1.6055050217553213,1.6099386453068096,1.6006376665764175,41.57999703808824
731,157 203 206 161,Si O Si O,1.6028550660480954,1.60373362757698,1.6024413322051867,-177.70359733697163
732,157 203 206 201,Si O Si O,1.6028550660480954,1.60373362757698,1.631802263244932,-65.2237086796378
733,157 203 206 210,Si O Si O,1.6028550660480954,1.60373362757698,1.6409288934131754,64.61651500399483
734,157 207 205 191,Si O Si O,1.6108194328876244,1.600087634106681,1.6029412931511642,-150.42595581564836
735,158 174 168 170,O Si O Si,1.58058670775135,1.6301100395426698,1.5862308567332781,32.38605207957885
736,158 174 175 163,O Si O Si,1.58058670775135,1.6311530286805296,1.5958810740981937,92.65312361061011
737,158 174 180 187,O Si O Si,1.58058670775135,1.6634091825282915,1.6074791007497047,-107.98323867648726
738,159 169 172 170,O Si O Si,1.5746779288243526,1.5950005250085408,1.5858844311023874,169.45410390045586
739,159 169 181 200,O Si O Si,1.5746779288243526,1.6086134758827202,1.6010393756015455,-140.82712258841025
740,160 115 131 163,O Si O Si,1.641548500316426,1.6126816664612427,1.5989431055614893,123.82315661264914
741,160 169 172 170,O Si O Si,1.6185917506324659,1.5950005250085408,1.5858844311023874,58.422991448851086
742,160 169 181 200,O Si O Si,1.6185917506324659,1.6086134758827202,1.6010393756015455,-21.407439332033082
743,161 185 179 166,O Si O Si,1.6048686697184245,1.610803300124217,1.5983481081777553,99.48190466165191
744,161 206 210 200,O Si O Si,1.6024413322051867,1.6409288934131754,1.6458041819516442,-105.48544621122339
745,162 123 183 215,O Si O Si,1.616673103291936,1.6398734169090907,1.6381140129189824,-32.48527923416081
746,162 167 164 166,O Si O Si,1.6213134502159778,1.60874757635863,1.6048954774666142,56.922920081913816
747,162 167 178 187,O Si O Si,1.6213134502159778,1.6133467342130428,1.6278038092299973,69.33170743744938
748,163 175 174 168,Si O Si O,1.5958810740981937,1.6311530286805296,1.6301100395426698,-26.912994153130906
749,163 175 174 180,Si O Si O,1.5958810740981937,1.6311530286805296,1.6634091825282915,-131.81786095823912
750,164 166 165 176,O Si O Si,1.6048954774666142,1.6006103949756063,1.6065955703618728,148.280126142976
751,164 166 171 170,O Si O Si,1.6048954774666142,1.592169947282828,1.600688115659,62.076403606552624
752,164 166 179 185,O Si O Si,1.6048954774666142,1.5983481081777553,1.610803300124217,68.07069635315473
753,164 167 178 187,O Si O Si,1.60874757635863,1.6133467342130428,1.6278038092299973,-172.26050520192302
754,165 166 164 167,O Si O Si,1.6006103949756063,1.6048954774666142,1.60874757635863,-68.86074929132809
755,165 166 171 170,O Si O Si,1.6006103949756063,1.592169947282828,1.600688115659,177.54516102819582
756,165 166 179 185,O Si O Si,1.6006103949756063,1.5983481081777553,1.610803300124217,-53.95487739051824
757,165 176 184 200,O Si O Si,1.6065955703618728,1.6006376665764175,1.593689685316099,13.554591209325883
758,166 164 167 178,Si O Si O,1.6048954774666142,1.60874757635863,1.6133467342130428,-59.14330540915313
759,166 165 176 177,Si O Si O,1.6006103949756063,1.6065955703618728,1.5953099776150732,-81.36415044921684
760,166 165 176 182,Si O Si O,1.6006103949756063,1.6065955703618728,1.6099386453068096,154.69720951020082
761,166 165 176 184,Si O Si O,1.6006103949756063,1.6065955703618728,1.6006376665764175,39.38058147936183
762,166 171 170 168,Si O Si O,1.592169947282828,1.600688115659,1.5862308567332781,-130.2981935219144
763,166 171 170 172,Si O Si O,1.592169947282828,1.600688115659,1.5858844311023874,113.88587895070597
764,166 171 170 173,Si O Si O,1.592169947282828,1.600688115659,1.6097549996995908,-1.132859875021886
765,167 162 123 183,Si O Si O,1.6213134502159778,1.616673103291936,1.6398734169090907,85.92941418897075
766,167 164 166 171,Si O Si O,1.60874757635863,1.6048954774666142,1.592169947282828,44.27164252006798
767,167 164 166 179,Si O Si O,1.60874757635863,1.6048954774666142,1.5983481081777553,163.55164967842552
768,167 178 187 180,Si O Si O,1.6133467342130428,1.6278038092299973,1.6074791007497047,-158.42866898081567
769,167 178 187 192,Si O Si O,1.6133467342130428,1.6278038092299973,1.6246586903932845,-28.21492973233869
770,167 178 187 214,Si O Si O,1.6133467342130428,1.6278038092299973,1.5998144698391097,85.4143642934705
771,168 170 172 169,O Si O Si,1.5862308567332781,1.5858844311023874,1.5950005250085408,-64.75690451946281
772,168 174 180 187,O Si O Si,1.6301100395426698,1.6634091825282915,1.6074791007497047,10.353581409085479
773,169 172 170 171,Si O Si O,1.5950005250085408,1.5858844311023874,1.600688115659,49.38481953332852
774,169 172 170 173,Si O Si O,1.5950005250085408,1.5858844311023874,1.6097549996995908,166.78577349718614
775,169 181 200 184,Si O Si O,1.6086134758827202,1.6010393756015455,1.593689685316099,-41.86251235088817
776,169 181 200 210,Si O Si O,1.6086134758827202,1.6010393756015455,1.6458041819516442,-163.45768882998266
777,169 181 200 211,Si O Si O,1.6086134758827202,1.6010393756015455,1.6164526333643578,76.1337497366221
778,170 168 174 175,Si O Si O,1.5862308567332781,1.6301100395426698,1.6311530286805296,153.8821406695052
779,170 168 174 180,Si O Si O,1.5862308567332781,1.6301100395426698,1.6634091825282915,-96.80763867688263
780,170 171 166 179,Si O Si O,1.600688115659,1.592169947282828,1.5983481081777553,-60.59833695912412
781,170 172 169 181,Si O Si O,1.5858844311023874,1.5950005250085408,1.6086134758827202,-71.83135251118556
782,170 173 83 186,Si O Si O,1.6097549996995908,1.5949542887397965,1.6226854093264402,-95.4180646189574
783,171 166 165 176,O Si O Si,1.592169947282828,1.6006103949756063,1.6065955703618728,26.21776579875755
784,171 166 179 185,O Si O Si,1.592169947282828,1.5983481081777553,1.610803300124217,-166.19087390322056
785,171 170 168 174,O Si O Si,1.600688115659,1.5862308567332781,1.6301100395426698,152.04916861881088
786,172 169 181 200,O Si O Si,1.5950005250085408,1.6086134758827202,1.6010393756015455,105.25623797805854
787,172 170 168 174,O Si O Si,1.5858844311023874,1.5862308567332781,1.6301100395426698,-89.11635333077051
788,173 170 168 174,O Si O Si,1.6097549996995908,1.5862308567332781,1.6301100395426698,29.992705243854
789,174 180 187 178,Si O Si O,1.6634091825282915,1.6074791007497047,1.6278038092299973,1.0852115239653344
790,174 180 187 192,Si O Si O,1.6634091825282915,1.6074791007497047,1.6246586903932845,-125.09779263408251
791,174 180 187 214,Si O Si O,1.6634091825282915,1.6074791007497047,1.5998144698391097,114.73608798937366
792,175 174 180 187,O Si O Si,1.6311530286805296,1.6634091825282915,1.6074791007497047,123.27282958160657
793,176 165 166 179,Si O Si O,1.6065955703618728,1.6006103949756063,1.5983481081777553,-87.33925336666276
794,176 182 157 203,Si O Si O,1.6099386453068096,1.6055050217553213,1.6028550660480954,21.40278885297998
795,176 182 157 207,Si O Si O,1.6099386453068096,1.6055050217553213,1.6108194328876244,-98.18816264925346
796,176 184 200 181,Si O Si O,1.6006376665764175,1.593689685316099,1.6010393756015455,-87.4931616283559
797,176 184 200 210,Si O Si O,1.6006376665764175,1.593689685316099,1.6458041819516442,39.689160416676096
798,176 184 200 211,Si O Si O,1.6006376665764175,1.593689685316099,1.6164526333643578,159.77130557993334
799,177 176 184 200,O Si O Si,1.5953099776150732,1.6006376665764175,1.593689685316099,139.47308627543927
800,178 187 192 215,O Si O Si,1.6278038092299973,1.6246586903932845,1.6169878420103256,-44.374638850666244
801,178 187 214 202,O Si O Si,1.6278038092299973,1.5998144698391097,1.584312530248264,-92.36175751955906
802,179 185 161 206,O Si O Si,1.610803300124217,1.6048686697184245,1.6024413322051867,-37.02483338571188
803,180 187 192 215,O Si O Si,1.6074791007497047,1.6246586903932845,1.6169878420103256,87.60210402989765
804,180 187 214 202,O Si O Si,1.6074791007497047,1.5998144698391097,1.584312530248264,143.5425894253293
805,181 200 210 206,O Si O Si,1.6010393756015455,1.6458041819516442,1.6409288934131754,124.23730706598259
806,181 200 211 198,O Si O Si,1.6010393756015455,1.6164526333643578,1.6088284923121958,94.2455209264766
807,182 157 203 206,O Si O Si,1.6055050217553213,1.6028550660480954,1.60373362757698,-121.04192874849353
808,182 157 207 205,O Si O Si,1.6055050217553213,1.6108194328876244,1.600087634106681,-141.85694536088363
809,182 176 184 200,O Si O Si,1.6099386453068096,1.6006376665764175,1.593689685316099,-98.70713599178085
810,183 215 192 187,O Si O Si,1.6381140129189824,1.6169878420103256,1.6246586903932845,47.55360145181921
811,184 200 210 206,O Si O Si,1.593689685316099,1.6458041819516442,1.6409288934131754,2.377833989355406
812,184 200 211 198,O Si O Si,1.593689685316099,1.6164526333643578,1.6088284923121958,-149.97705807298928
813,185 161 206 201,Si O Si O,1.6048686697184245,1.6024413322051867,1.631802263244932,-144.8702955735009
814,185 161 206 203,Si O Si O,1.6048686697184245,1.6024413322051867,1.60373362757698,-31.186058341974604
815,185 161 206 210,Si O Si O,1.6048686697184245,1.6024413322051867,1.6409288934131754,84.52401064413796
816,186 80 199 213,O Si O Si,1.6135138021406057,1.6054828478489107,1.6092172383486165,-129.28015447079733
817,187 214 202 191,Si O Si O,1.5998144698391097,1.584312530248264,1.629552363251521,-9.849750795995414
818,187 214 202 193,Si O Si O,1.5998144698391097,1.584312530248264,1.5928511255715236,-132.40320598221368
819,187 214 202 204,Si O Si O,1.5998144698391097,1.584312530248264,1.604934029043208,110.69307264805744
820,188 100 98 215,O Si O Si,1.6391739730860089,1.6364735918302602,1.645380262019113,-31.116695481762495
821,188 212 91 196,O Si O Si,1.6192888119822137,1.6132264494305995,1.6028691290099746,120.84550192424776
822,188 212 208 209,O Si O Si,1.6192888119822137,1.5976644965105442,1.6260380307348088,-123.7006108859002
823,189 190 195 198,O Si O Si,1.6301117317383966,1.6019554656741606,1.6027410772618147,101.50880015511066
824,190 195 198 193,Si O Si O,1.6019554656741606,1.6027410772618147,1.5990215567914214,60.49030613524408
825,190 195 198 194,Si O Si O,1.6019554656741606,1.6027410772618147,1.612841448701268,-66.8254172577023
826,190 195 198 211,Si O Si O,1.6019554656741606,1.6027410772618147,1.6088284923121958,174.07264439923887
827,191 202 193 198,O Si O Si,1.629552363251521,1.5928511255715236,1.5990215567914214,-81.37656133175493
828,191 202 204 213,O Si O Si,1.629552363251521,1.604934029043208,1.6045623794039172,41.369914755867335
829,192 187 214 202,O Si O Si,1.6246586903932845,1.5998144698391097,1.584312530248264,19.500645992583767
830,193 198 194 209,O Si O Si,1.5990215567914214,1.612841448701268,1.609877350068207,76.4853037199238
831,193 198 211 200,O Si O Si,1.5990215567914214,1.6088284923121958,1.6164526333643578,85.2093295005843
832,193 202 191 205,O Si O Si,1.5928511255715236,1.629552363251521,1.6029412931511642,-77.02237204024978
833,193 202 204 213,O Si O Si,1.5928511255715236,1.604934029043208,1.6045623794039172,165.04606397471804
834,194 198 193 202,O Si O Si,1.612841448701268,1.5990215567914214,1.5928511255715236,-23.413386348861998
835,194 198 211 200,O Si O Si,1.612841448701268,1.6088284923121958,1.6164526333643578,-146.1294968590325
836,194 209 197 196,O Si O Si,1.609877350068207,1.6550289507025595,1.6464199646346562,-135.89083812739804
837,194 209 208 212,O Si O Si,1.609877350068207,1.6260380307348088,1.5976644965105442,127.44707479922181
838,195 198 193 202,O Si O Si,1.6027410772618147,1.5990215567914214,1.5928511255715236,-142.89801607932688
839,195 198 194 209,O Si O Si,1.6027410772618147,1.612841448701268,1.609877350068207,-162.9368706257136
840,195 198 211 200,O Si O Si,1.6027410772618147,1.6088284923121958,1.6164526333643578,-30.159264295156998
841,196 91 212 208,Si O Si O,1.6028691290099746,1.6132264494305995,1.5976644965105442,0.2374372229347756
842,196 197 209 208,Si O Si O,1.6464199646346562,1.6550289507025595,1.6260380307348088,-21.76959126364246
843,197 196 91 212,O Si O Si,1.6464199646346562,1.6028691290099746,1.6132264494305995,-7.512960913700518
844,197 209 194 198,O Si O Si,1.6550289507025595,1.609877350068207,1.612841448701268,68.93064344055274
845,197 209 208 212,O Si O Si,1.6550289507025595,1.6260380307348088,1.5976644965105442,10.438631592620185
846,198 193 202 204,Si O Si O,1.5990215567914214,1.5928511255715236,1.604934029043208,158.69028302067687
847,198 193 202 214,Si O Si O,1.5990215567914214,1.5928511255715236,1.584312530248264,38.16946508143748
848,198 194 209 208,Si O Si O,1.612841448701268,1.609877350068207,1.6260380307348088,-47.83396856621051
849,198 211 200 210,Si O Si O,1.6088284923121958,1.6164526333643578,1.6458041819516442,-31.062966086490274
850,199 213 204 202,O Si O Si,1.6092172383486165,1.6045623794039172,1.604934029043208,82.13278174193171
851,200 210 206 201,Si O Si O,1.6458041819516442,1.6409288934131754,1.631802263244932,133.48546513783228
852,200 210 206 203,Si O Si O,1.6458041819516442,1.6409288934131754,1.60373362757698,12.680355813811868
853,201 85 92 213,O Si O Si,1.6304220406487597,1.6164229692593004,1.621776855799016,4.089093254752443
854,202 191 205 207,Si O Si O,1.629552363251521,1.6029412931511642,1.600087634106681,71.88340061348038
855,202 193 198 211,Si O Si O,1.5928511255715236,1.5990215567914214,1.6088284923121958,100.42116456376789
856,203 157 207 205,O Si O Si,1.6028550660480954,1.6108194328876244,1.600087634106681,97.86054195114436
857,204 202 191 205,O Si O Si,1.604934029043208,1.629552363251521,1.6029412931511642,42.766637294308595
858,205 191 202 214,Si O Si O,1.6029412931511642,1.629552363251521,1.584312530248264,166.3412431279112
859,206 203 157 207,Si O Si O,1.60373362757698,1.6028550660480954,1.6108194328876244,-6.770703840825456
860,206 210 200 211,Si O Si O,1.6409288934131754,1.6458041819516442,1.6164526333643578,-118.76527757437542
861,209 194 198 211,Si O Si O,1.609877350068207,1.612841448701268,1.6088284923121958,-44.4914941524512
862,213 204 202 214,Si O Si O,1.6045623794039172,1.604934029043208,1.584312530248264,-80.02464013220364
863,214 187 192 215,O Si O Si,1.5998144698391097,1.6246586903932845,1.6169878420103256,-153.3685622254564
