,Index,Name,Bond length
0,0 3,Si O,1.619761942546702
1,0 7,Si O,1.6301185938865639
2,0 10,Si Si,3.190139701167338
3,0 11,Si O,1.6045247361191397
4,0 16,Si Si,3.097164815776668
5,0 21,Si O,1.6192453809412082
6,0 53,Si Si,2.942951827074104
7,0 127,Si Si,2.935773475774809
8,1 2,Si O,1.6185801498762606
9,1 5,Si O,1.6182631397549736
10,1 8,Si O,1.610730570644173
11,1 9,Si Si,3.0300136204383517
12,1 12,Si O,1.6238222820274901
13,1 13,Si Si,3.1707911156783446
14,1 18,Si Si,3.1021140378598737
15,1 20,Si Si,3.2117639257080803
16,2 1,O Si,1.6185801498762606
17,2 5,O O,2.627296084152902
18,2 8,O O,2.5939996714130165
19,2 9,O Si,1.614900456304629
20,2 12,O O,2.6812484339031624
21,2 14,O O,2.5561455749165716
22,2 23,O O,2.6810355897606195
23,2 26,O O,2.658419687514723
24,3 0,O Si,1.619761942546702
25,3 7,O O,2.760150536063427
26,3 11,O O,2.6852110996119603
27,3 15,O O,2.6764341792609603
28,3 16,O Si,1.6303846897690504
29,3 21,O O,2.56235131380582
30,3 30,O O,2.6482795685848655
31,3 33,O O,2.679973492666924
32,4 6,O O,2.5889819292777605
33,4 10,O Si,1.6301102416524935
34,4 11,O O,2.7030483973516697
35,4 14,O O,2.6532226456051076
36,4 28,O Si,1.6362821730183703
37,4 34,O O,2.6043550277475807
38,4 46,O O,2.726887226051112
39,4 55,O O,2.6972758157758157
40,5 1,O Si,1.6182631397549736
41,5 2,O O,2.627296084152902
42,5 8,O O,2.692911211734062
43,5 12,O O,2.5827012686551636
44,5 18,O Si,1.61146045834392
45,5 25,O O,2.6494002842052953
46,5 32,O O,2.674973910228292
47,5 54,O O,2.6140556474995247
48,5 73,O O,2.9013923170467137
49,6 4,O O,2.5889819292777605
50,6 10,O Si,1.6129678329727293
51,6 11,O O,2.5634909338545575
52,6 12,O O,2.6414181916071193
53,6 13,O Si,1.6107598161333747
54,6 17,O O,2.609585106635175
55,6 19,O O,2.5943258156510343
56,6 55,O O,2.688374993420182
57,7 0,O Si,1.6301185938865639
58,7 3,O O,2.760150536063427
59,7 11,O O,2.5622007702266782
60,7 21,O O,2.630244967892041
61,7 119,O O,2.6824894334460443
62,7 126,O O,2.6774633553460414
63,7 127,O Si,1.6385892430974696
64,7 130,O O,2.5437738709177373
65,8 1,O Si,1.610730570644173
66,8 2,O O,2.5939996714130165
67,8 5,O O,2.692911211734062
68,8 12,O O,2.6700971430512555
69,8 20,O Si,1.6215054064141194
70,8 22,O O,2.5894901895920257
71,8 24,O O,2.7523869865016013
72,8 59,O O,2.6438671260357522
73,9 1,Si Si,3.0300136204383517
74,9 2,Si O,1.614900456304629
75,9 14,Si O,1.5990301853566025
76,9 23,Si O,1.6028584408454287
77,9 26,Si O,1.6093133453545276
78,9 28,Si Si,3.174887782305711
79,9 77,Si Si,3.134660248211111
80,9 163,Si Si,2.985612502903455
81,10 0,Si Si,3.190139701167338
82,10 4,Si O,1.6301102416524935
83,10 6,Si O,1.6129678329727293
84,10 11,Si O,1.607525740317708
85,10 13,Si Si,2.9846300387299647
86,10 28,Si Si,3.0173846446512465
87,10 55,Si O,1.6217826344602406
88,10 70,Si Si,3.135288770617619
89,11 0,O Si,1.6045247361191397
90,11 3,O O,2.6852110996119603
91,11 4,O O,2.7030483973516697
92,11 6,O O,2.5634909338545575
93,11 7,O O,2.5622007702266782
94,11 10,O Si,1.607525740317708
95,11 21,O O,2.6458794977937417
96,11 55,O O,2.6056322246017563
97,12 1,O Si,1.6238222820274901
98,12 2,O O,2.6812484339031624
99,12 5,O O,2.5827012686551636
100,12 6,O O,2.6414181916071193
101,12 8,O O,2.6700971430512555
102,12 13,O Si,1.6226335418633921
103,12 17,O O,2.6211659174142015
104,12 19,O O,2.703520113484036
105,13 1,Si Si,3.1707911156783446
106,13 6,Si O,1.6107598161333747
107,13 10,Si Si,2.9846300387299647
108,13 12,Si O,1.6226335418633921
109,13 17,Si O,1.592771817559818
110,13 19,Si O,1.603655361018171
111,13 27,Si Si,2.9793806632152213
112,13 29,Si Si,3.02300198570982
113,14 2,O O,2.5561455749165716
114,14 4,O O,2.6532226456051076
115,14 9,O Si,1.5990301853566025
116,14 23,O O,2.646878019152618
117,14 26,O O,2.6274045689479277
118,14 28,O Si,1.6006945178804421
119,14 34,O O,2.617985768893484
120,14 46,O O,2.578054945688908
121,15 3,O O,2.6764341792609603
122,15 16,O Si,1.5926976151170367
123,15 17,O O,2.538700610482775
124,15 27,O Si,1.6064125928938624
125,15 30,O O,2.504181317019031
126,15 33,O O,2.6196935319447863
127,15 118,O O,2.721432625096626
128,15 132,O O,2.5660410549329935
129,16 0,Si Si,3.097164815776668
130,16 3,Si O,1.6303846897690504
131,16 15,Si O,1.5926976151170367
132,16 27,Si Si,3.1067342292914346
133,16 30,Si O,1.594908519273265
134,16 33,Si O,1.6131267912638088
135,16 35,Si Si,3.150639623133487
136,16 41,Si Si,3.1489721229423417
137,17 6,O O,2.609585106635175
138,17 12,O O,2.6211659174142015
139,17 13,O Si,1.592771817559818
140,17 15,O O,2.538700610482775
141,17 19,O O,2.5760765569420787
142,17 27,O Si,1.610149291118983
143,17 118,O O,2.654605521490587
144,17 132,O O,2.571584976591895
145,18 1,Si Si,3.1021140378598737
146,18 5,Si O,1.61146045834392
147,18 25,Si O,1.5869945590956127
148,18 29,Si Si,2.8529414016194647
149,18 32,Si O,1.6304063831449789
150,18 38,Si Si,3.0050951590771033
151,18 54,Si O,1.5909867741879495
152,18 75,Si Si,2.8749708069435655
153,19 6,O O,2.5943258156510343
154,19 12,O O,2.703520113484036
155,19 13,O Si,1.603655361018171
156,19 17,O O,2.5760765569420787
157,19 25,O O,2.5944523993665296
158,19 29,O Si,1.6104706883079898
159,19 44,O O,2.6334282101644777
160,19 134,O O,2.647471945491949
161,20 1,Si Si,3.2117639257080803
162,20 8,Si O,1.6215054064141194
163,20 22,Si O,1.610168951922773
164,20 24,Si O,1.6389704436939523
165,20 35,Si Si,3.009873016274283
166,20 59,Si O,1.6231459304732327
167,20 63,Si Si,3.182802290354535
168,20 121,Si Si,3.1521050967636635
169,21 0,O Si,1.6192453809412082
170,21 3,O O,2.56235131380582
171,21 7,O O,2.630244967892041
172,21 11,O O,2.6458794977937417
173,21 53,O Si,1.6175447983479396
174,21 58,O O,2.627085347424894
175,21 84,O O,2.6600018686455753
176,21 130,O O,2.5827873690795142
177,22 8,O O,2.5894901895920257
178,22 20,O Si,1.610168951922773
179,22 24,O O,2.5768036940872783
180,22 59,O O,2.7065915372816742
181,22 113,O O,2.702667377128006
182,22 121,O Si,1.624037815328786
183,22 136,O O,2.648211710239583
184,22 159,O O,2.6467685753136303
185,23 2,O O,2.6810355897606195
186,23 9,O Si,1.6028584408454287
187,23 14,O O,2.646878019152618
188,23 26,O O,2.567582835252166
189,23 78,O O,2.6218530026368816
190,23 131,O O,2.57554419497447
191,23 163,O Si,1.626178660091305
192,23 175,O O,2.692992529615116
193,24 8,O O,2.7523869865016013
194,24 20,O Si,1.6389704436939523
195,24 22,O O,2.5768036940872783
196,24 30,O O,2.5182821029672957
197,24 35,O Si,1.6198082812881927
198,24 36,O O,2.6826253608758748
199,24 45,O O,2.7567038920265414
200,24 59,O O,2.6313611315209053
201,25 5,O O,2.6494002842052953
202,25 18,O Si,1.5869945590956127
203,25 19,O O,2.5944523993665296
204,25 29,O Si,1.6090200188060872
205,25 32,O O,2.571540256471833
206,25 44,O O,2.622464231404252
207,25 54,O O,2.530358776286625
208,25 134,O O,2.5159497226405176
209,26 2,O O,2.658419687514723
210,26 9,O Si,1.6093133453545276
211,26 14,O O,2.6274045689479277
212,26 23,O O,2.567582835252166
213,26 73,O O,2.614240406120551
214,26 76,O O,2.688905481861015
215,26 77,O Si,1.5884342784084373
216,26 101,O O,2.571710648468427
217,27 13,Si Si,2.9793806632152213
218,27 15,Si O,1.6064125928938624
219,27 16,Si Si,3.1067342292914346
220,27 17,Si O,1.610149291118983
221,27 110,Si Si,3.1786729386868364
222,27 118,Si O,1.5961855720603266
223,27 132,Si O,1.6005432192561875
224,27 185,Si Si,3.069888305204377
225,28 4,Si O,1.6362821730183703
226,28 9,Si Si,3.174887782305711
227,28 10,Si Si,3.0173846446512465
228,28 14,Si O,1.6006945178804421
229,28 34,Si O,1.6141571041658982
230,28 38,Si Si,3.140674470536128
231,28 46,Si O,1.6174242407995576
232,28 156,Si Si,3.1854342392177557
233,29 13,Si Si,3.02300198570982
234,29 18,Si Si,2.8529414016194647
235,29 19,Si O,1.6104706883079898
236,29 25,Si O,1.6090200188060872
237,29 38,Si Si,2.9591950764744173
238,29 44,Si O,1.637794439811736
239,29 125,Si Si,2.9666138440545935
240,29 134,Si O,1.59085659594996
241,30 3,O O,2.6482795685848655
242,30 15,O O,2.504181317019031
243,30 16,O Si,1.594908519273265
244,30 24,O O,2.5182821029672957
245,30 33,O O,2.6164545739400835
246,30 35,O Si,1.5918879602047165
247,30 36,O O,2.5835644236491886
248,30 45,O O,2.6759156003593
249,31 40,O Si,1.6250151735132343
250,31 43,O O,2.731769193480517
251,31 47,O O,2.5569697028320464
252,31 50,O O,2.686603656371341
253,31 91,O O,2.6919402957373517
254,31 94,O O,2.6997963405225507
255,31 196,O Si,1.6242056334078296
256,31 197,O O,2.5611808377744145
257,32 5,O O,2.674973910228292
258,32 18,O Si,1.6304063831449789
259,32 25,O O,2.571540256471833
260,32 34,O O,2.60356277637669
261,32 38,O Si,1.6285639169045323
262,32 39,O O,2.737221947796174
263,32 44,O O,2.5836117904332454
264,32 54,O O,2.679552620530693
265,33 3,O O,2.679973492666924
266,33 15,O O,2.6196935319447863
267,33 16,O Si,1.6131267912638088
268,33 30,O O,2.6164545739400835
269,33 41,O Si,1.6096755151461342
270,33 42,O O,2.6311994103857512
271,33 49,O O,2.6420221035356053
272,33 51,O O,2.6069964838405926
273,34 4,O O,2.6043550277475807
274,34 14,O O,2.617985768893484
275,34 28,O Si,1.6141571041658982
276,34 32,O O,2.60356277637669
277,34 38,O Si,1.611714617672247
278,34 39,O O,2.563359871785553
279,34 44,O O,2.742375171003305
280,34 46,O O,2.6603460702206996
281,35 16,Si Si,3.150639623133487
282,35 20,Si Si,3.009873016274283
283,35 24,Si O,1.6198082812881927
284,35 30,Si O,1.5918879602047165
285,35 36,Si O,1.5974202107404134
286,35 37,Si Si,3.0228482525750957
287,35 45,Si O,1.6208326948145493
288,35 154,Si Si,3.1140155608178888
289,36 24,O O,2.6826253608758748
290,36 30,O O,2.5835644236491886
291,36 35,O Si,1.5974202107404134
292,36 37,O Si,1.610982970047586
293,36 39,O O,2.6810524318896705
294,36 42,O O,2.6990566126722295
295,36 43,O O,2.44296191885664
296,36 45,O O,2.5191686143162846
297,37 35,Si Si,3.0228482525750957
298,37 36,Si O,1.610982970047586
299,37 38,Si Si,3.114610834226539
300,37 39,Si O,1.6214615758172315
301,37 40,Si Si,3.0055619285197355
302,37 41,Si Si,3.221292531742038
303,37 42,Si O,1.628898016567049
304,37 43,Si O,1.622865662747705
305,38 18,Si Si,3.0050951590771033
306,38 28,Si Si,3.140674470536128
307,38 29,Si Si,2.9591950764744173
308,38 32,Si O,1.6285639169045323
309,38 34,Si O,1.611714617672247
310,38 37,Si Si,3.114610834226539
311,38 39,Si O,1.6149094537090452
312,38 44,Si O,1.6318384194019435
313,39 32,O O,2.737221947796174
314,39 34,O O,2.563359871785553
315,39 36,O O,2.6810524318896705
316,39 37,O Si,1.6214615758172315
317,39 38,O Si,1.6149094537090452
318,39 42,O O,2.6354843275849555
319,39 43,O O,2.654587131319234
320,39 44,O O,2.6534885515415945
321,40 31,Si O,1.6250151735132343
322,40 37,Si Si,3.0055619285197355
323,40 43,Si O,1.6174195647022236
324,40 47,Si O,1.6116091720264232
325,40 50,Si O,1.6117697532497024
326,40 96,Si Si,3.1370231406780897
327,40 156,Si Si,3.0058305646736385
328,40 196,Si Si,2.9722315468058333
329,41 16,Si Si,3.1489721229423417
330,41 33,Si O,1.6096755151461342
331,41 37,Si Si,3.221292531742038
332,41 42,Si O,1.638939015346512
333,41 49,Si O,1.6244242324044804
334,41 51,Si O,1.6306991172438028
335,41 52,Si Si,3.1674446519973007
336,41 85,Si Si,3.249153638032074
337,42 33,O O,2.6311994103857512
338,42 36,O O,2.6990566126722295
339,42 37,O Si,1.628898016567049
340,42 39,O O,2.6354843275849555
341,42 41,O Si,1.638939015346512
342,42 43,O O,2.7489772446527145
343,42 49,O O,2.649627060820487
344,42 51,O O,2.7302424132127774
345,43 31,O O,2.731769193480517
346,43 36,O O,2.44296191885664
347,43 37,O Si,1.622865662747705
348,43 39,O O,2.654587131319234
349,43 40,O Si,1.6174195647022236
350,43 42,O O,2.7489772446527145
351,43 47,O O,2.7194584308399112
352,43 50,O O,2.501663851318059
353,44 19,O O,2.6334282101644777
354,44 25,O O,2.622464231404252
355,44 29,O Si,1.637794439811736
356,44 32,O O,2.5836117904332454
357,44 34,O O,2.742375171003305
358,44 38,O Si,1.6318384194019435
359,44 39,O O,2.6534885515415945
360,44 134,O O,2.761047011274162
361,45 24,O O,2.7567038920265414
362,45 30,O O,2.6759156003593
363,45 35,O Si,1.6208326948145493
364,45 36,O O,2.5191686143162846
365,45 136,O O,2.5296713725676385
366,45 139,O O,2.655854865082857
367,45 154,O Si,1.621503650673602
368,45 189,O O,2.6998628852808193
369,46 4,O O,2.726887226051112
370,46 14,O O,2.578054945688908
371,46 28,O Si,1.6174242407995576
372,46 34,O O,2.6603460702206996
373,46 50,O O,2.6990108306132576
374,46 144,O O,2.7305582919507945
375,46 155,O O,2.5670305413030454
376,46 156,O Si,1.6148931692863258
377,47 31,O O,2.5569697028320464
378,47 40,O Si,1.6116091720264232
379,47 43,O O,2.7194584308399112
380,47 50,O O,2.6292043604857223
381,47 89,O O,2.810785161515969
382,47 91,O O,2.966997965347455
383,47 96,O Si,1.6186316086376362
384,47 101,O O,2.5454834292881707
385,47 103,O O,2.625887577723121
386,48 49,O O,2.62004641338044
387,48 52,O Si,1.6079719060170938
388,48 84,O O,2.6002336429714097
389,48 97,O O,2.5915793590652894
390,48 145,O O,2.65876985971328
391,48 151,O Si,1.6043521712098254
392,48 153,O O,2.5977908198867166
393,48 155,O O,2.5773776608822985
394,49 33,O O,2.6420221035356053
395,49 41,O Si,1.6244242324044804
396,49 42,O O,2.649627060820487
397,49 48,O O,2.62004641338044
398,49 51,O O,2.6681694670824387
399,49 52,O Si,1.6232560086833008
400,49 84,O O,2.650717436012774
401,49 97,O O,2.6969687995789093
402,50 31,O O,2.686603656371341
403,50 40,O Si,1.6117697532497024
404,50 43,O O,2.501663851318059
405,50 46,O O,2.6990108306132576
406,50 47,O O,2.6292043604857223
407,50 144,O O,2.5057447122625987
408,50 155,O O,2.670058111146635
409,50 156,O Si,1.6207418109876963
410,51 33,O O,2.6069964838405926
411,51 41,O Si,1.6306991172438028
412,51 42,O O,2.7302424132127774
413,51 49,O O,2.6681694670824387
414,51 85,O Si,1.626364306482665
415,51 92,O O,2.5992072243155118
416,51 106,O O,2.6598680295629302
417,51 201,O O,2.8380679549760557
418,52 41,Si Si,3.1674446519973007
419,52 48,Si O,1.6079719060170938
420,52 49,Si O,1.6232560086833008
421,52 53,Si Si,3.1909044047613646
422,52 84,Si O,1.6215377743354997
423,52 97,Si O,1.6322815847886047
424,52 100,Si Si,3.2029113911206104
425,52 151,Si Si,3.049476671003367
426,53 0,Si Si,2.942951827074104
427,53 21,Si O,1.6175447983479396
428,53 52,Si Si,3.1909044047613646
429,53 58,Si O,1.610340919271337
430,53 81,Si Si,3.0205795187578848
431,53 84,Si O,1.621747103848639
432,53 127,Si Si,3.048736018946055
433,53 130,Si O,1.6374928854970665
434,54 5,O O,2.6140556474995247
435,54 18,O Si,1.5909867741879495
436,54 25,O O,2.530358776286625
437,54 32,O O,2.679552620530693
438,54 57,O O,2.644756524542683
439,54 73,O O,2.5840253658376064
440,54 75,O Si,1.5980277133562864
441,54 99,O O,2.5465156122388235
442,55 4,O O,2.6972758157758157
443,55 6,O O,2.688374993420182
444,55 10,O Si,1.6217826344602406
445,55 11,O O,2.6056322246017563
446,55 67,O O,2.679686255515
447,55 69,O O,2.6771708865704347
448,55 70,O Si,1.6225675641574226
449,55 74,O O,2.6187241985692773
450,56 58,O O,2.668947823951626
451,56 60,O O,2.5100963252203603
452,56 61,O O,2.68860571351408
453,56 64,O Si,1.5959838812613063
454,56 78,O O,2.6433828644108974
455,56 79,O O,2.5255155868490777
456,56 81,O Si,1.5912264097629487
457,56 177,O O,2.6111516873979235
458,57 54,O O,2.644756524542683
459,57 71,O O,2.5387705146557695
460,57 73,O O,2.6158036556099056
461,57 75,O Si,1.5854671109615652
462,57 83,O Si,1.5989787857456932
463,57 99,O O,2.646293348903679
464,57 173,O O,2.6263817415463464
465,57 186,O O,2.6192388594874196
466,58 21,O O,2.627085347424894
467,58 53,O Si,1.610340919271337
468,58 56,O O,2.668947823951626
469,58 79,O O,2.629705258502908
470,58 81,O Si,1.608750000707658
471,58 84,O O,2.5730440273818975
472,58 130,O O,2.6688589489760717
473,58 177,O O,2.5598695068080506
474,59 8,O O,2.6438671260357522
475,59 20,O Si,1.6231459304732327
476,59 22,O O,2.7065915372816742
477,59 24,O O,2.6313611315209053
478,59 61,O O,2.6394585144815568
479,59 62,O O,2.648087941487583
480,59 63,O Si,1.6200704010928093
481,59 72,O O,2.702817719823288
482,60 56,O O,2.5100963252203603
483,60 61,O O,2.6478555563339112
484,60 64,O Si,1.6086032529531948
485,60 68,O Si,1.6022835883728845
486,60 69,O O,2.5638497338424657
487,60 76,O O,2.5848155757282485
488,60 78,O O,2.650535211678052
489,60 82,O O,2.633479798923051
490,61 56,O O,2.68860571351408
491,61 59,O O,2.6394585144815568
492,61 60,O O,2.6478555563339112
493,61 62,O O,2.604284780811442
494,61 63,O Si,1.6150439403787569
495,61 64,O Si,1.6182036187745499
496,61 72,O O,2.5934254444317855
497,61 78,O O,2.565903683999352
498,62 59,O O,2.648087941487583
499,62 61,O O,2.604284780811442
500,62 63,O Si,1.6414124678334578
501,62 65,O Si,1.6337116506271399
502,62 66,O O,2.682865736685416
503,62 67,O O,2.7127374810250333
504,62 71,O O,2.679197055091374
505,62 72,O O,2.766596549384076
506,63 20,Si Si,3.182802290354535
507,63 59,Si O,1.6200704010928093
508,63 61,Si O,1.6150439403787569
509,63 62,Si O,1.6414124678334578
510,63 64,Si Si,2.993323820136464
511,63 65,Si Si,3.15616181468035
512,63 72,Si O,1.6410199785041377
513,63 87,Si Si,3.2588182851810443
514,64 56,Si O,1.5959838812613063
515,64 60,Si O,1.6086032529531948
516,64 61,Si O,1.6182036187745499
517,64 63,Si Si,2.993323820136464
518,64 68,Si Si,2.9220072368584313
519,64 78,Si O,1.591603262249675
520,64 81,Si Si,3.120867269851941
521,64 163,Si Si,3.1214777739678006
522,65 62,Si O,1.6337116506271399
523,65 63,Si Si,3.15616181468035
524,65 66,Si O,1.6196470777952612
525,65 67,Si O,1.6219279403026112
526,65 70,Si Si,3.1869900417130483
527,65 71,Si O,1.6255821825703343
528,65 83,Si Si,3.049890044523737
529,65 185,Si Si,3.027391635506602
530,66 62,O O,2.682865736685416
531,66 65,O Si,1.6196470777952612
532,66 67,O O,2.5888794146550937
533,66 71,O O,2.602906788383796
534,66 132,O O,2.6986453233874528
535,66 161,O O,2.585768862810715
536,66 179,O O,2.6598884592418055
537,66 185,O Si,1.6127337483017365
538,67 55,O O,2.679686255515
539,67 62,O O,2.7127374810250333
540,67 65,O Si,1.6219279403026112
541,67 66,O O,2.5888794146550937
542,67 69,O O,2.6008331231717863
543,67 70,O Si,1.6238207003396983
544,67 71,O O,2.6497096754424905
545,67 74,O O,2.7329471960024097
546,68 60,Si O,1.6022835883728845
547,68 64,Si Si,2.9220072368584313
548,68 69,Si O,1.6069761541539018
549,68 70,Si Si,2.9547829673754573
550,68 76,Si O,1.597579641776407
551,68 77,Si Si,2.975066767120902
552,68 82,Si O,1.5773659723444795
553,68 215,Si Si,3.156180386435746
554,69 55,O O,2.6771708865704347
555,69 60,O O,2.5638497338424657
556,69 67,O O,2.6008331231717863
557,69 68,O Si,1.6069761541539018
558,69 70,O Si,1.6109008238691955
559,69 74,O O,2.5211227825798224
560,69 76,O O,2.694685515620569
561,69 82,O O,2.600641057208424
562,70 10,Si Si,3.135288770617619
563,70 55,Si O,1.6225675641574226
564,70 65,Si Si,3.1869900417130483
565,70 67,Si O,1.6238207003396983
566,70 68,Si Si,2.9547829673754573
567,70 69,Si O,1.6109008238691955
568,70 74,Si O,1.610541110121917
569,70 80,Si Si,3.0997022948494317
570,71 57,O O,2.5387705146557695
571,71 62,O O,2.679197055091374
572,71 65,O Si,1.6255821825703343
573,71 66,O O,2.602906788383796
574,71 67,O O,2.6497096754424905
575,71 83,O Si,1.6218547343407006
576,71 173,O O,2.747671398689678
577,71 179,O O,2.958119574397042
578,71 186,O O,2.6837605088281857
579,72 59,O O,2.702817719823288
580,72 61,O O,2.5934254444317855
581,72 62,O O,2.766596549384076
582,72 63,O Si,1.6410199785041377
583,72 79,O O,2.6865348930321136
584,72 87,O Si,1.6425804914619917
585,72 94,O O,2.81663980040234
586,72 102,O O,2.594663472826793
587,73 5,O O,2.9013923170467137
588,73 26,O O,2.614240406120551
589,73 54,O O,2.5840253658376064
590,73 57,O O,2.6158036556099056
591,73 75,O Si,1.6029382747922778
592,73 76,O O,2.555560705324473
593,73 77,O Si,1.6133013787458534
594,73 99,O O,2.6038934813151795
595,73 101,O O,2.6273326090464657
596,74 55,O O,2.6187241985692773
597,74 67,O O,2.7329471960024097
598,74 69,O O,2.5211227825798224
599,74 70,O Si,1.610541110121917
600,74 80,O Si,1.6078829509846462
601,74 105,O O,2.7793420951261987
602,74 186,O O,2.5606074611615375
603,74 199,O O,2.557116696050402
604,75 18,Si Si,2.8749708069435655
605,75 54,Si O,1.5980277133562864
606,75 57,Si O,1.5854671109615652
607,75 73,Si O,1.6029382747922778
608,75 77,Si Si,2.844396622702938
609,75 83,Si Si,3.180440025385219
610,75 86,Si Si,2.896098683888384
611,75 99,Si O,1.6022452472098065
612,76 26,O O,2.688905481861015
613,76 60,O O,2.5848155757282485
614,76 68,O Si,1.597579641776407
615,76 69,O O,2.694685515620569
616,76 73,O O,2.555560705324473
617,76 77,O Si,1.5972881326045496
618,76 78,O O,2.7915191808456963
619,76 82,O O,2.5570621528375925
620,76 89,O O,2.7962015444941772
621,76 101,O O,2.623009537837989
622,77 9,Si Si,3.134660248211111
623,77 26,Si O,1.5884342784084373
624,77 68,Si Si,2.975066767120902
625,77 73,Si O,1.6133013787458534
626,77 75,Si Si,2.844396622702938
627,77 76,Si O,1.5972881326045496
628,77 96,Si Si,2.9379437749816497
629,77 101,Si O,1.6053650403692683
630,78 23,O O,2.6218530026368816
631,78 56,O O,2.6433828644108974
632,78 60,O O,2.650535211678052
633,78 61,O O,2.565903683999352
634,78 64,O Si,1.591603262249675
635,78 76,O O,2.7915191808456963
636,78 131,O O,2.634089222168879
637,78 163,O Si,1.6143989744304506
638,78 175,O O,2.5791061465379386
639,79 56,O O,2.5255155868490777
640,79 58,O O,2.629705258502908
641,79 72,O O,2.6865348930321136
642,79 81,O Si,1.6111632027255
643,79 87,O Si,1.6199695398616896
644,79 94,O O,2.6432940863222383
645,79 102,O O,2.5640755744961434
646,79 177,O O,2.7134078149406373
647,80 70,Si Si,3.0997022948494317
648,80 74,Si O,1.6078829509846462
649,80 83,Si Si,2.9278298468877137
650,80 86,Si Si,3.088573675474123
651,80 105,Si O,1.6307035342481844
652,80 186,Si O,1.6135138021406057
653,80 199,Si O,1.6054828478489107
654,80 213,Si Si,2.9020724610657296
655,81 53,Si Si,3.0205795187578848
656,81 56,Si O,1.5912264097629487
657,81 58,Si O,1.608750000707658
658,81 64,Si Si,3.120867269851941
659,81 79,Si O,1.6111632027255
660,81 87,Si Si,2.997100090544835
661,81 176,Si Si,3.0559469173842104
662,81 177,Si O,1.6038636754827862
663,82 60,O O,2.633479798923051
664,82 68,O Si,1.5773659723444795
665,82 69,O O,2.600641057208424
666,82 76,O O,2.5570621528375925
667,82 98,O O,2.5920413024478917
668,82 183,O O,2.5819859804055607
669,82 192,O O,2.537090911699971
670,82 215,O Si,1.5855747747869082
671,83 57,Si O,1.5989787857456932
672,83 65,Si Si,3.049890044523737
673,83 71,Si O,1.6218547343407006
674,83 75,Si Si,3.180440025385219
675,83 80,Si Si,2.9278298468877137
676,83 170,Si Si,3.0746012813109043
677,83 173,Si O,1.5949542887397965
678,83 186,Si O,1.6226854093264402
679,84 21,O O,2.6600018686455753
680,84 48,O O,2.6002336429714097
681,84 49,O O,2.650717436012774
682,84 52,O Si,1.6215377743354997
683,84 53,O Si,1.621747103848639
684,84 58,O O,2.5730440273818975
685,84 97,O O,2.7182567237965127
686,84 130,O O,2.769092469977635
687,85 41,Si Si,3.249153638032074
688,85 51,Si O,1.626364306482665
689,85 90,Si Si,3.023493433974839
690,85 92,Si O,1.6164229692593004
691,85 106,Si O,1.6140321351709566
692,85 201,Si O,1.6304220406487597
693,85 206,Si Si,2.9793382753604867
694,85 213,Si Si,3.0538912491521106
695,86 75,Si Si,2.896098683888384
696,86 80,Si Si,3.088573675474123
697,86 90,Si Si,2.911435562983989
698,86 99,Si O,1.5923040618247564
699,86 104,Si O,1.6051571745531577
700,86 105,Si O,1.6107353912081765
701,86 108,Si O,1.629266718517483
702,86 190,Si Si,3.018010982932067
703,87 63,Si Si,3.2588182851810443
704,87 72,Si O,1.6425804914619917
705,87 79,Si O,1.6199695398616896
706,87 81,Si Si,2.997100090544835
707,87 88,Si Si,3.1375243202146668
708,87 94,Si O,1.6668726068791107
709,87 102,Si O,1.6061690311640946
710,87 196,Si Si,3.0136361474652524
711,88 87,Si Si,3.1375243202146668
712,88 90,Si Si,2.8841612449932024
713,88 95,Si O,1.63626247762701
714,88 96,Si Si,3.0006213137157163
715,88 100,Si Si,2.99921282432364
716,88 102,Si O,1.6028746442569706
717,88 103,Si O,1.6235058801975821
718,88 107,Si O,1.5925456446899584
719,88 212,Si Si,3.396960563108958
720,89 47,O O,2.810785161515969
721,89 76,O O,2.7962015444941772
722,89 91,O O,2.4177775599326154
723,89 96,O Si,1.6403311224672308
724,89 101,O O,2.551596292947666
725,89 103,O O,2.625998186655898
726,89 188,O O,2.7349712524892635
727,89 208,O O,2.710390433213332
728,89 212,O Si,1.618705854117524
729,90 85,Si Si,3.023493433974839
730,90 86,Si Si,2.911435562983989
731,90 88,Si Si,2.8841612449932024
732,90 93,Si O,1.6179700202059797
733,90 104,Si O,1.614743042422612
734,90 106,Si O,1.5966998948457407
735,90 107,Si O,1.5870533458954321
736,90 190,Si Si,2.9565142999001144
737,91 31,O O,2.6919402957373517
738,91 47,O O,2.966997965347455
739,91 89,O O,2.4177775599326154
740,91 94,O O,2.475939644562725
741,91 102,O O,2.508278060184673
742,91 103,O O,2.8587073866303867
743,91 188,O O,2.683148590505997
744,91 196,O Si,1.6028691290099746
745,91 197,O O,2.502736530609547
746,91 208,O O,2.5733167790224347
747,91 212,O Si,1.6132264494305995
748,92 51,O O,2.5992072243155118
749,92 85,O Si,1.6164229692593004
750,92 106,O O,2.7080885802086105
751,92 149,O O,2.6234530427464673
752,92 199,O O,2.682936124369785
753,92 201,O O,2.605498044211725
754,92 204,O O,2.6409188021510923
755,92 213,O Si,1.621776855799016
756,93 90,O Si,1.6179700202059797
757,93 104,O O,2.6309549533455603
758,93 106,O O,2.7266091004349082
759,93 107,O O,2.622252821277376
760,93 108,O O,2.561412846002005
761,93 189,O O,2.751840602036944
762,93 190,O Si,1.630565566447974
763,93 195,O O,2.583675801919542
764,94 31,O O,2.6997963405225507
765,94 72,O O,2.81663980040234
766,94 79,O O,2.6432940863222383
767,94 87,O Si,1.6668726068791107
768,94 91,O O,2.475939644562725
769,94 102,O O,2.68864638331915
770,94 196,O Si,1.646313038575786
771,94 197,O O,2.9701035805615117
772,95 88,O Si,1.63626247762701
773,95 97,O O,2.5764220823425767
774,95 98,O O,2.8197339074866528
775,95 100,O Si,1.6360909604223606
776,95 102,O O,2.6905068098650404
777,95 103,O O,2.649601237552596
778,95 107,O O,2.6739261653357858
779,95 188,O O,2.5412716722828184
780,96 40,Si Si,3.1370231406780897
781,96 47,Si O,1.6186316086376362
782,96 77,Si Si,2.9379437749816497
783,96 88,Si Si,3.0006213137157163
784,96 89,Si O,1.6403311224672308
785,96 101,Si O,1.5946995298337647
786,96 103,Si O,1.6161520299654664
787,96 212,Si Si,2.873660241932898
788,97 48,O O,2.5915793590652894
789,97 49,O O,2.6969687995789093
790,97 52,O Si,1.6322815847886047
791,97 84,O O,2.7182567237965127
792,97 95,O O,2.5764220823425767
793,97 98,O O,2.680616218052393
794,97 100,O Si,1.6269157095687314
795,97 188,O O,2.7864829822205213
796,98 82,O O,2.5920413024478917
797,98 95,O O,2.8197339074866528
798,98 97,O O,2.680616218052393
799,98 100,O Si,1.6364735918302602
800,98 183,O O,2.7617439427793964
801,98 188,O O,2.5910256477318714
802,98 192,O O,2.6641330811251813
803,98 215,O Si,1.645380262019113
804,99 54,O O,2.5465156122388235
805,99 57,O O,2.646293348903679
806,99 73,O O,2.6038934813151795
807,99 75,O Si,1.6022452472098065
808,99 86,O Si,1.5923040618247564
809,99 101,O O,2.6960609028993177
810,99 104,O O,2.5744535419692296
811,99 105,O O,2.5302996999081353
812,99 108,O O,2.6736755431202037
813,100 52,Si Si,3.2029113911206104
814,100 88,Si Si,2.99921282432364
815,100 95,Si O,1.6360909604223606
816,100 97,Si O,1.6269157095687314
817,100 98,Si O,1.6364735918302602
818,100 188,Si O,1.6391739730860089
819,100 212,Si Si,3.010868837460709
820,100 215,Si Si,3.097466016012628
821,101 26,O O,2.571710648468427
822,101 47,O O,2.5454834292881707
823,101 73,O O,2.6273326090464657
824,101 76,O O,2.623009537837989
825,101 77,O Si,1.6053650403692683
826,101 89,O O,2.551596292947666
827,101 96,O Si,1.5946995298337647
828,101 99,O O,2.6960609028993177
829,101 103,O O,2.674270387543078
830,102 72,O O,2.594663472826793
831,102 79,O O,2.5640755744961434
832,102 87,O Si,1.6061690311640946
833,102 88,O Si,1.6028746442569706
834,102 91,O O,2.508278060184673
835,102 94,O O,2.68864638331915
836,102 95,O O,2.6905068098650404
837,102 103,O O,2.715153953173926
838,102 107,O O,2.4927439969163405
839,103 47,O O,2.625887577723121
840,103 88,O Si,1.6235058801975821
841,103 89,O O,2.625998186655898
842,103 91,O O,2.8587073866303867
843,103 95,O O,2.649601237552596
844,103 96,O Si,1.6161520299654664
845,103 101,O O,2.674270387543078
846,103 102,O O,2.715153953173926
847,103 107,O O,2.57845410571693
848,104 86,O Si,1.6051571745531577
849,104 90,O Si,1.614743042422612
850,104 93,O O,2.6309549533455603
851,104 99,O O,2.5744535419692296
852,104 105,O O,2.6564445046304033
853,104 106,O O,2.5805271703642982
854,104 107,O O,2.600221977095447
855,104 108,O O,2.6018025969243235
856,105 74,O O,2.7793420951261987
857,105 80,O Si,1.6307035342481844
858,105 86,O Si,1.6107353912081765
859,105 99,O O,2.5302996999081353
860,105 104,O O,2.6564445046304033
861,105 108,O O,2.723453594604872
862,105 186,O O,2.6197572930142012
863,105 199,O O,2.554541118683579
864,105 204,O O,2.976391589205289
865,106 51,O O,2.6598680295629302
866,106 85,O Si,1.6140321351709566
867,106 90,O Si,1.5966998948457407
868,106 92,O O,2.7080885802086105
869,106 93,O O,2.7266091004349082
870,106 104,O O,2.5805271703642982
871,106 107,O O,2.547305231888167
872,106 201,O O,2.4520013347274547
873,107 88,O Si,1.5925456446899584
874,107 90,O Si,1.5870533458954321
875,107 93,O O,2.622252821277376
876,107 95,O O,2.6739261653357858
877,107 102,O O,2.4927439969163405
878,107 103,O O,2.57845410571693
879,107 104,O O,2.600221977095447
880,107 106,O O,2.547305231888167
881,108 86,O Si,1.629266718517483
882,108 93,O O,2.561412846002005
883,108 99,O O,2.6736755431202037
884,108 104,O O,2.6018025969243235
885,108 105,O O,2.723453594604872
886,108 189,O O,2.732167536826546
887,108 190,O Si,1.633493257250732
888,108 195,O O,2.6561265422576295
889,109 110,O Si,1.5729654717571397
890,109 111,O O,2.656844101807776
891,109 112,O Si,1.8235989671672497
892,109 113,O O,2.6411076772700817
893,109 116,O O,2.521748036652135
894,109 118,O O,2.7340856066729406
895,109 120,O O,2.4725018770093916
896,110 27,Si Si,3.1786729386868364
897,110 109,Si O,1.5729654717571397
898,110 111,Si O,1.6485663611522168
899,110 112,Si Si,3.304265335284666
900,110 113,Si O,1.6604748343231899
901,110 117,Si Si,3.1771101024809574
902,110 118,Si O,1.6443111916911088
903,110 121,Si Si,2.9639736479130314
904,111 109,O O,2.656844101807776
905,111 110,O Si,1.6485663611522168
906,111 113,O O,2.737895189495496
907,111 114,O O,2.6412655864248995
908,111 117,O Si,1.6118385124800387
909,111 118,O O,2.6398414316865506
910,111 119,O O,2.7030875778743533
911,111 129,O O,2.6465159391497726
912,112 109,Si O,1.8235989671672497
913,112 110,Si Si,3.304265335284666
914,112 115,Si Si,3.2011269106517615
915,112 116,Si O,1.6783927731167623
916,112 120,Si O,1.6469833329144858
917,112 125,Si Si,3.192637544501073
918,112 158,Si O,1.88438849047927
919,112 174,Si Si,3.159394755885009
920,113 22,O O,2.702667377128006
921,113 109,O O,2.6411076772700817
922,113 110,O Si,1.6604748343231899
923,113 111,O O,2.737895189495496
924,113 118,O O,2.5549214749221987
925,113 121,O Si,1.6138551393017166
926,113 136,O O,2.7018825311453702
927,113 159,O O,2.571929054294245
928,114 111,O O,2.6412655864248995
929,114 115,O Si,1.6286265629443768
930,114 116,O O,2.6241647789619846
931,114 117,O Si,1.616073134336774
932,114 119,O O,2.731751487834335
933,114 129,O O,2.5422036066032594
934,114 131,O O,2.6136553412547157
935,114 160,O O,2.7320649826867203
936,115 112,Si Si,3.2011269106517615
937,115 114,Si O,1.6286265629443768
938,115 116,Si O,1.5894971776026385
939,115 117,Si Si,3.074416011545077
940,115 131,Si O,1.6126816664612427
941,115 160,Si O,1.641548500316426
942,115 163,Si Si,2.967207246377198
943,115 169,Si Si,2.9653277517879397
944,116 109,O O,2.521748036652135
945,116 112,O Si,1.6783927731167623
946,116 114,O O,2.6241647789619846
947,116 115,O Si,1.5894971776026385
948,116 120,O O,2.7605372046293715
949,116 131,O O,2.6095040173429513
950,116 158,O O,2.5528761896425576
951,116 160,O O,2.7054587523379086
952,117 110,Si Si,3.1771101024809574
953,117 111,Si O,1.6118385124800387
954,117 114,Si O,1.616073134336774
955,117 115,Si Si,3.074416011545077
956,117 119,Si O,1.6580538592777003
957,117 127,Si Si,3.243849438960194
958,117 129,Si O,1.6251279476199696
959,117 138,Si Si,3.119813865806164
960,118 15,O O,2.721432625096626
961,118 17,O O,2.654605521490587
962,118 27,O Si,1.5961855720603266
963,118 109,O O,2.7340856066729406
964,118 110,O Si,1.6443111916911088
965,118 111,O O,2.6398414316865506
966,118 113,O O,2.5549214749221987
967,118 132,O O,2.635040869863117
968,119 7,O O,2.6824894334460443
969,119 111,O O,2.7030875778743533
970,119 114,O O,2.731751487834335
971,119 117,O Si,1.6580538592777003
972,119 126,O O,2.7209716998254705
973,119 127,O Si,1.6277105654167185
974,119 129,O O,2.6742810568246824
975,119 130,O O,2.7423538349207277
976,120 109,O O,2.4725018770093916
977,120 112,O Si,1.6469833329144858
978,120 116,O O,2.7605372046293715
979,120 124,O O,2.5661428249842695
980,120 125,O Si,1.5591542645192331
981,120 134,O O,2.7368501349110037
982,120 148,O O,2.5841815717033447
983,120 158,O O,2.5413090010776926
984,121 20,Si Si,3.1521050967636635
985,121 22,Si O,1.624037815328786
986,121 110,Si Si,2.9639736479130314
987,121 113,Si O,1.6138551393017166
988,121 136,Si O,1.6180594665819237
989,121 154,Si Si,3.030738879460222
990,121 159,Si O,1.5751784643662838
991,121 169,Si Si,3.0908289599540315
992,122 123,O Si,1.6295087324269142
993,122 124,O O,2.5712948713851955
994,122 126,O O,2.7410765854733308
995,122 128,O O,2.579485948753523
996,122 133,O Si,1.6222038526260434
997,122 137,O O,2.760477712965419
998,122 162,O O,2.6261944620808815
999,122 183,O O,2.542818203854504
1000,123 122,Si O,1.6295087324269142
1001,123 126,Si O,1.638098523224906
1002,123 127,Si Si,3.2331945623696567
1003,123 133,Si Si,2.9592843866344287
1004,123 162,Si O,1.616673103291936
1005,123 167,Si Si,2.9388947694418635
1006,123 183,Si O,1.6398734169090907
1007,123 215,Si Si,3.134082839090247
1008,124 120,O O,2.5661428249842695
1009,124 122,O O,2.5712948713851955
1010,124 125,O Si,1.6310191360306452
1011,124 128,O O,2.7751994306075036
1012,124 133,O Si,1.5974775903028062
1013,124 134,O O,2.5419820426905018
1014,124 137,O O,2.5666329980096143
1015,124 148,O O,2.769935879682613
1016,125 29,Si Si,2.9666138440545935
1017,125 112,Si Si,3.192637544501073
1018,125 120,Si O,1.5591542645192331
1019,125 124,Si O,1.6310191360306452
1020,125 133,Si Si,3.0041934447039256
1021,125 134,Si O,1.6424806983141234
1022,125 147,Si Si,3.120415079592176
1023,125 148,Si O,1.6228140113473355
1024,126 7,O O,2.6774633553460414
1025,126 119,O O,2.7209716998254705
1026,126 122,O O,2.7410765854733308
1027,126 123,O Si,1.638098523224906
1028,126 127,O Si,1.6541505563532344
1029,126 130,O O,2.7004708654361793
1030,126 162,O O,2.5637455535987734
1031,126 183,O O,2.8526691107151465
1032,127 0,Si Si,2.935773475774809
1033,127 7,Si O,1.6385892430974696
1034,127 53,Si Si,3.048736018946055
1035,127 117,Si Si,3.243849438960194
1036,127 119,Si O,1.6277105654167185
1037,127 123,Si Si,3.2331945623696567
1038,127 126,Si O,1.6541505563532344
1039,127 130,Si O,1.6466811558661798
1040,128 122,O O,2.579485948753523
1041,128 124,O O,2.7751994306075036
1042,128 133,O Si,1.6399082261021134
1043,128 137,O O,2.621000162557999
1044,128 162,O O,2.590713526069786
1045,128 164,O O,2.663629900168727
1046,128 167,O Si,1.6335964707236696
1047,128 178,O O,2.7727556180525124
1048,129 111,O O,2.6465159391497726
1049,129 114,O O,2.5422036066032594
1050,129 117,O Si,1.6251279476199696
1051,129 119,O O,2.6742810568246824
1052,129 135,O O,2.5846606103286165
1053,129 138,O Si,1.5966223841229183
1054,129 141,O O,2.665783792113502
1055,129 145,O O,2.6612921774927107
1056,130 7,O O,2.5437738709177373
1057,130 21,O O,2.5827873690795142
1058,130 53,O Si,1.6374928854970665
1059,130 58,O O,2.6688589489760717
1060,130 84,O O,2.769092469977635
1061,130 119,O O,2.7423538349207277
1062,130 126,O O,2.7004708654361793
1063,130 127,O Si,1.6466811558661798
1064,130 182,O O,2.853390565152206
1065,131 23,O O,2.57554419497447
1066,131 78,O O,2.634089222168879
1067,131 114,O O,2.6136553412547157
1068,131 115,O Si,1.6126816664612427
1069,131 116,O O,2.6095040173429513
1070,131 160,O O,2.556281400425438
1071,131 163,O Si,1.5989431055614893
1072,131 175,O O,2.654261850016329
1073,132 15,O O,2.5660410549329935
1074,132 17,O O,2.571584976591895
1075,132 27,O Si,1.6005432192561875
1076,132 66,O O,2.6986453233874528
1077,132 118,O O,2.635040869863117
1078,132 161,O O,2.627282707330138
1079,132 179,O O,2.549859807319715
1080,132 185,O Si,1.5985694399385348
1081,133 122,Si O,1.6222038526260434
1082,133 123,Si Si,2.9592843866344287
1083,133 124,Si O,1.5974775903028062
1084,133 125,Si Si,3.0041934447039256
1085,133 128,Si O,1.6399082261021134
1086,133 137,Si O,1.6246297163253085
1087,133 140,Si Si,3.0813871198695257
1088,133 167,Si Si,3.001957233404577
1089,134 19,O O,2.647471945491949
1090,134 25,O O,2.5159497226405176
1091,134 29,O Si,1.59085659594996
1092,134 44,O O,2.761047011274162
1093,134 120,O O,2.7368501349110037
1094,134 124,O O,2.5419820426905018
1095,134 125,O Si,1.6424806983141234
1096,134 148,O O,2.5982901952425377
1097,135 129,O O,2.5846606103286165
1098,135 138,O Si,1.5951653872644147
1099,135 141,O O,2.5693905487176543
1100,135 145,O O,2.5821776413117266
1101,135 157,O Si,1.5804218658815339
1102,135 182,O O,2.6357118505372297
1103,135 203,O O,2.5323437244873763
1104,135 207,O O,2.6744533290000407
1105,136 22,O O,2.648211710239583
1106,136 45,O O,2.5296713725676385
1107,136 113,O O,2.7018825311453702
1108,136 121,O Si,1.6180594665819237
1109,136 139,O O,2.645620241307032
1110,136 154,O Si,1.5987002413954199
1111,136 159,O O,2.4623626419395914
1112,136 189,O O,2.646024151356092
1113,137 122,O O,2.760477712965419
1114,137 124,O O,2.5666329980096143
1115,137 128,O O,2.621000162557999
1116,137 133,O Si,1.6246297163253085
1117,137 140,O Si,1.6255956859490672
1118,137 143,O O,2.7158546147872746
1119,137 149,O O,2.664168217698194
1120,137 152,O O,2.5822450709782045
1121,138 117,Si Si,3.119813865806164
1122,138 129,Si O,1.5966223841229183
1123,138 135,Si O,1.5951653872644147
1124,138 141,Si O,1.6161152122709295
1125,138 142,Si Si,3.045873117314856
1126,138 145,Si O,1.6202120732285057
1127,138 151,Si Si,3.1497304288944394
1128,138 157,Si Si,3.103271399851181
1129,139 45,O O,2.655854865082857
1130,139 136,O O,2.645620241307032
1131,139 141,O O,2.685402909467011
1132,139 142,O Si,1.6256921144391536
1133,139 143,O O,2.6238254415788984
1134,139 146,O O,2.7342886342054813
1135,139 154,O Si,1.6237444000820744
1136,139 189,O O,2.706805041609854
1137,140 133,Si Si,3.0813871198695257
1138,140 137,Si O,1.6255956859490672
1139,140 142,Si Si,3.0803690433162587
1140,140 143,Si O,1.5994053067232825
1141,140 149,Si O,1.600042539968093
1142,140 152,Si O,1.6114491270548807
1143,140 205,Si Si,2.958375786933411
1144,140 213,Si Si,2.9750230897616543
1145,141 129,O O,2.665783792113502
1146,141 135,O O,2.5693905487176543
1147,141 138,O Si,1.6161152122709295
1148,141 139,O O,2.685402909467011
1149,141 142,O Si,1.6186836766061168
1150,141 143,O O,2.7039094849024834
1151,141 145,O O,2.6739790278862934
1152,141 146,O O,2.531802486813417
1153,142 138,Si Si,3.045873117314856
1154,142 139,Si O,1.6256921144391536
1155,142 140,Si Si,3.0803690433162587
1156,142 141,Si O,1.6186836766061168
1157,142 143,Si O,1.6195655129374482
1158,142 146,Si O,1.6111042854094142
1159,142 147,Si Si,3.0539762786952105
1160,142 154,Si Si,3.190283685470097
1161,143 137,O O,2.7158546147872746
1162,143 139,O O,2.6238254415788984
1163,143 140,O Si,1.5994053067232825
1164,143 141,O O,2.7039094849024834
1165,143 142,O Si,1.6195655129374482
1166,143 146,O O,2.569811659358883
1167,143 149,O O,2.599489454781746
1168,143 152,O O,2.5954958208160126
1169,144 46,O O,2.7305582919507945
1170,144 50,O O,2.5057447122625987
1171,144 146,O O,2.7511261938816647
1172,144 147,O Si,1.6255992696974058
1173,144 148,O O,2.4932696184149674
1174,144 150,O O,2.698838847021677
1175,144 155,O O,2.61701727119717
1176,144 156,O Si,1.6138981051172017
1177,145 48,O O,2.65876985971328
1178,145 129,O O,2.6612921774927107
1179,145 135,O O,2.5821776413117266
1180,145 138,O Si,1.6202120732285057
1181,145 141,O O,2.6739790278862934
1182,145 151,O Si,1.6138199961793933
1183,145 153,O O,2.681802977647242
1184,145 155,O O,2.594747002551208
1185,146 139,O O,2.7342886342054813
1186,146 141,O O,2.531802486813417
1187,146 142,O Si,1.6111042854094142
1188,146 143,O O,2.569811659358883
1189,146 144,O O,2.7511261938816647
1190,146 147,O Si,1.620742709419741
1191,146 148,O O,2.628808153826302
1192,146 150,O O,2.4684591405015053
1193,147 125,Si Si,3.120415079592176
1194,147 142,Si Si,3.0539762786952105
1195,147 144,Si O,1.6255992696974058
1196,147 146,Si O,1.620742709419741
1197,147 148,Si O,1.5936369474794874
1198,147 150,Si O,1.620498178634236
1199,147 156,Si Si,3.0027413722100436
1200,147 209,Si Si,3.1060768883914447
1201,148 120,O O,2.5841815717033447
1202,148 124,O O,2.769935879682613
1203,148 125,O Si,1.6228140113473355
1204,148 134,O O,2.5982901952425377
1205,148 144,O O,2.4932696184149674
1206,148 146,O O,2.628808153826302
1207,148 147,O Si,1.5936369474794874
1208,148 150,O O,2.7664678811453336
1209,149 92,O O,2.6234530427464673
1210,149 137,O O,2.664168217698194
1211,149 140,O Si,1.600042539968093
1212,149 143,O O,2.599489454781746
1213,149 152,O O,2.5998463533653586
1214,149 199,O O,2.555729326893775
1215,149 204,O O,2.6545045579947053
1216,149 213,O Si,1.601248414739196
1217,150 144,O O,2.698838847021677
1218,150 146,O O,2.4684591405015053
1219,150 147,O Si,1.620498178634236
1220,150 148,O O,2.7664678811453336
1221,150 194,O O,2.6562350466879514
1222,150 197,O O,2.770542639109787
1223,150 208,O O,2.586263950092593
1224,150 209,O Si,1.6126537796876437
1225,151 48,Si O,1.6043521712098254
1226,151 52,Si Si,3.049476671003367
1227,151 138,Si Si,3.1497304288944394
1228,151 145,Si O,1.6138199961793933
1229,151 153,Si O,1.622780423463105
1230,151 155,Si O,1.587879016148726
1231,151 156,Si Si,3.154287729452241
1232,151 205,Si Si,3.035429629818683
1233,152 137,O O,2.5822450709782045
1234,152 140,O Si,1.6114491270548807
1235,152 143,O O,2.5954958208160126
1236,152 149,O O,2.5998463533653586
1237,152 153,O O,2.6429168337283993
1238,152 191,O O,2.635029789423402
1239,152 205,O Si,1.6115049189418928
1240,152 207,O O,2.5489346991485564
1241,153 48,O O,2.5977908198867166
1242,153 145,O O,2.681802977647242
1243,153 151,O Si,1.622780423463105
1244,153 152,O O,2.6429168337283993
1245,153 155,O O,2.634446658048035
1246,153 191,O O,2.6806801040585544
1247,153 205,O Si,1.6073513770830181
1248,153 207,O O,2.6152596460323747
1249,154 35,Si Si,3.1140155608178888
1250,154 45,Si O,1.621503650673602
1251,154 121,Si Si,3.030738879460222
1252,154 136,Si O,1.5987002413954199
1253,154 139,Si O,1.6237444000820744
1254,154 142,Si Si,3.190283685470097
1255,154 189,Si O,1.6438860810237432
1256,154 190,Si Si,3.1084529166008585
1257,155 46,O O,2.5670305413030454
1258,155 48,O O,2.5773776608822985
1259,155 50,O O,2.670058111146635
1260,155 144,O O,2.61701727119717
1261,155 145,O O,2.594747002551208
1262,155 151,O Si,1.587879016148726
1263,155 153,O O,2.634446658048035
1264,155 156,O Si,1.601047360276213
1265,156 28,Si Si,3.1854342392177557
1266,156 40,Si Si,3.0058305646736385
1267,156 46,Si O,1.6148931692863258
1268,156 50,Si O,1.6207418109876963
1269,156 144,Si O,1.6138981051172017
1270,156 147,Si Si,3.0027413722100436
1271,156 151,Si Si,3.154287729452241
1272,156 155,Si O,1.601047360276213
1273,157 135,Si O,1.5804218658815339
1274,157 138,Si Si,3.103271399851181
1275,157 176,Si Si,2.7577533886430716
1276,157 182,Si O,1.6055050217553213
1277,157 203,Si O,1.6028550660480954
1278,157 205,Si Si,2.8972756223311693
1279,157 206,Si Si,3.072135282134251
1280,157 207,Si O,1.6108194328876244
1281,158 112,O Si,1.88438849047927
1282,158 116,O O,2.5528761896425576
1283,158 120,O O,2.5413090010776926
1284,158 168,O O,2.6004414912567966
1285,158 174,O Si,1.58058670775135
1286,158 175,O O,2.6523813256634305
1287,158 180,O O,2.854043232083192
1288,159 22,O O,2.6467685753136303
1289,159 113,O O,2.571929054294245
1290,159 121,O Si,1.5751784643662838
1291,159 136,O O,2.4623626419395914
1292,159 160,O O,2.4844086043993676
1293,159 169,O Si,1.5746779288243526
1294,159 172,O O,2.528343225690959
1295,159 181,O O,2.648692278319008
1296,160 114,O O,2.7320649826867203
1297,160 115,O Si,1.641548500316426
1298,160 116,O O,2.7054587523379086
1299,160 131,O O,2.556281400425438
1300,160 159,O O,2.4844086043993676
1301,160 169,O Si,1.6185917506324659
1302,160 172,O O,2.6818724257451287
1303,160 181,O O,2.7801636828467284
1304,161 66,O O,2.585768862810715
1305,161 132,O O,2.627282707330138
1306,161 179,O O,2.615358250584918
1307,161 185,O Si,1.6048686697184245
1308,161 201,O O,2.5568160002297855
1309,161 203,O O,2.6234114570700187
1310,161 206,O Si,1.6024413322051867
1311,161 210,O O,2.642022655143545
1312,162 122,O O,2.6261944620808815
1313,162 123,O Si,1.616673103291936
1314,162 126,O O,2.5637455535987734
1315,162 128,O O,2.590713526069786
1316,162 164,O O,2.664161692735326
1317,162 167,O Si,1.6213134502159778
1318,162 178,O O,2.6122372216559735
1319,162 183,O O,2.6208860826792377
1320,163 9,Si Si,2.985612502903455
1321,163 23,Si O,1.626178660091305
1322,163 64,Si Si,3.1214777739678006
1323,163 78,Si O,1.6143989744304506
1324,163 115,Si Si,2.967207246377198
1325,163 131,Si O,1.5989431055614893
1326,163 174,Si Si,3.0899884460771108
1327,163 175,Si O,1.5958810740981937
1328,164 128,O O,2.663629900168727
1329,164 162,O O,2.664161692735326
1330,164 165,O O,2.568593313535848
1331,164 166,O Si,1.6048954774666142
1332,164 167,O Si,1.60874757635863
1333,164 171,O O,2.708952246422225
1334,164 178,O O,2.5523637671948105
1335,164 179,O O,2.640544723724933
1336,165 164,O O,2.568593313535848
1337,165 166,O Si,1.6006103949756063
1338,165 171,O O,2.488646186756631
1339,165 176,O Si,1.6065955703618728
1340,165 177,O O,2.6957326582061834
1341,165 179,O O,2.7179762181214184
1342,165 182,O O,2.507670073470204
1343,165 184,O O,2.6736058054007477
1344,166 164,Si O,1.6048954774666142
1345,166 165,Si O,1.6006103949756063
1346,166 167,Si Si,2.8854629378253986
1347,166 170,Si Si,3.030854866520791
1348,166 171,Si O,1.592169947282828
1349,166 176,Si Si,2.9080563845861964
1350,166 179,Si O,1.5983481081777553
1351,166 185,Si Si,3.0592590292782105
1352,167 123,Si Si,2.9388947694418635
1353,167 128,Si O,1.6335964707236696
1354,167 133,Si Si,3.001957233404577
1355,167 162,Si O,1.6213134502159778
1356,167 164,Si O,1.60874757635863
1357,167 166,Si Si,2.8854629378253986
1358,167 178,Si O,1.6133467342130428
1359,167 187,Si Si,3.0611984898508724
1360,168 158,O O,2.6004414912567966
1361,168 170,O Si,1.5862308567332781
1362,168 171,O O,2.521825722557812
1363,168 172,O O,2.555485978390151
1364,168 173,O O,2.766455787619064
1365,168 174,O Si,1.6301100395426698
1366,168 175,O O,2.663226818955697
1367,168 180,O O,2.4950925429322535
1368,169 115,Si Si,2.9653277517879397
1369,169 121,Si Si,3.0908289599540315
1370,169 159,Si O,1.5746779288243526
1371,169 160,Si O,1.6185917506324659
1372,169 170,Si Si,2.9609431278429033
1373,169 172,Si O,1.5950005250085408
1374,169 181,Si O,1.6086134758827202
1375,169 200,Si Si,3.159841776390308
1376,170 83,Si Si,3.0746012813109043
1377,170 166,Si Si,3.030854866520791
1378,170 168,Si O,1.5862308567332781
1379,170 169,Si Si,2.9609431278429033
1380,170 171,Si O,1.600688115659
1381,170 172,Si O,1.5858844311023874
1382,170 173,Si O,1.6097549996995908
1383,170 174,Si Si,2.9809579913996576
1384,171 164,O O,2.708952246422225
1385,171 165,O O,2.488646186756631
1386,171 166,O Si,1.592169947282828
1387,171 168,O O,2.521825722557812
1388,171 170,O Si,1.600688115659
1389,171 172,O O,2.6376402992300947
1390,171 173,O O,2.6076240848521346
1391,171 179,O O,2.5266635288440216
1392,172 159,O O,2.528343225690959
1393,172 160,O O,2.6818724257451287
1394,172 168,O O,2.555485978390151
1395,172 169,O Si,1.5950005250085408
1396,172 170,O Si,1.5858844311023874
1397,172 171,O O,2.6376402992300947
1398,172 173,O O,2.5304467570251425
1399,172 181,O O,2.5192954432724637
1400,173 57,O O,2.6263817415463464
1401,173 71,O O,2.747671398689678
1402,173 83,O Si,1.5949542887397965
1403,173 168,O O,2.766455787619064
1404,173 170,O Si,1.6097549996995908
1405,173 171,O O,2.6076240848521346
1406,173 172,O O,2.5304467570251425
1407,173 186,O O,2.541498732675419
1408,174 112,Si Si,3.159394755885009
1409,174 158,Si O,1.58058670775135
1410,174 163,Si Si,3.0899884460771108
1411,174 168,Si O,1.6301100395426698
1412,174 170,Si Si,2.9809579913996576
1413,174 175,Si O,1.6311530286805296
1414,174 180,Si O,1.6634091825282915
1415,174 187,Si Si,3.115948078007315
1416,175 23,O O,2.692992529615116
1417,175 78,O O,2.5791061465379386
1418,175 131,O O,2.654261850016329
1419,175 158,O O,2.6523813256634305
1420,175 163,O Si,1.5958810740981937
1421,175 168,O O,2.663226818955697
1422,175 174,O Si,1.6311530286805296
1423,175 180,O O,2.6139993441704097
1424,176 81,Si Si,3.0559469173842104
1425,176 157,Si Si,2.7577533886430716
1426,176 165,Si O,1.6065955703618728
1427,176 166,Si Si,2.9080563845861964
1428,176 177,Si O,1.5953099776150732
1429,176 182,Si O,1.6099386453068096
1430,176 184,Si O,1.6006376665764175
1431,176 200,Si Si,3.1769140169852124
1432,177 56,O O,2.6111516873979235
1433,177 58,O O,2.5598695068080506
1434,177 79,O O,2.7134078149406373
1435,177 81,O Si,1.6038636754827862
1436,177 165,O O,2.6957326582061834
1437,177 176,O Si,1.5953099776150732
1438,177 182,O O,2.6867926644093822
1439,177 184,O O,2.5416744758444043
1440,178 128,O O,2.7727556180525124
1441,178 162,O O,2.6122372216559735
1442,178 164,O O,2.5523637671948105
1443,178 167,O Si,1.6133467342130428
1444,178 180,O O,2.7705947269397964
1445,178 187,O Si,1.6278038092299973
1446,178 192,O O,2.6012295109686985
1447,178 214,O O,2.507697661491973
1448,179 66,O O,2.6598884592418055
1449,179 71,O O,2.958119574397042
1450,179 132,O O,2.549859807319715
1451,179 161,O O,2.615358250584918
1452,179 164,O O,2.640544723724933
1453,179 165,O O,2.7179762181214184
1454,179 166,O Si,1.5983481081777553
1455,179 171,O O,2.5266635288440216
1456,179 185,O Si,1.610803300124217
1457,180 158,O O,2.854043232083192
1458,180 168,O O,2.4950925429322535
1459,180 174,O Si,1.6634091825282915
1460,180 175,O O,2.6139993441704097
1461,180 178,O O,2.7705947269397964
1462,180 187,O Si,1.6074791007497047
1463,180 192,O O,2.721498567616939
1464,180 214,O O,2.570533539860434
1465,181 159,O O,2.648692278319008
1466,181 160,O O,2.7801636828467284
1467,181 169,O Si,1.6086134758827202
1468,181 172,O O,2.5192954432724637
1469,181 184,O O,2.586779714539811
1470,181 200,O Si,1.6010393756015455
1471,181 210,O O,2.767663379970551
1472,181 211,O O,2.5225474839810023
1473,182 130,O O,2.853390565152206
1474,182 135,O O,2.6357118505372297
1475,182 157,O Si,1.6055050217553213
1476,182 165,O O,2.507670073470204
1477,182 176,O Si,1.6099386453068096
1478,182 177,O O,2.6867926644093822
1479,182 184,O O,2.588928057513495
1480,182 203,O O,2.6651280482197044
1481,182 207,O O,2.5077046222980957
1482,183 82,O O,2.5819859804055607
1483,183 98,O O,2.7617439427793964
1484,183 122,O O,2.542818203854504
1485,183 123,O Si,1.6398734169090907
1486,183 126,O O,2.8526691107151465
1487,183 162,O O,2.6208860826792377
1488,183 192,O O,2.732347190819235
1489,183 215,O Si,1.6381140129189824
1490,184 165,O O,2.6736058054007477
1491,184 176,O Si,1.6006376665764175
1492,184 177,O O,2.5416744758444043
1493,184 181,O O,2.586779714539811
1494,184 182,O O,2.588928057513495
1495,184 200,O Si,1.593689685316099
1496,184 203,O O,2.8682407243859798
1497,184 210,O O,2.614774650975235
1498,184 211,O O,2.649942028418445
1499,185 27,Si Si,3.069888305204377
1500,185 65,Si Si,3.027391635506602
1501,185 66,Si O,1.6127337483017365
1502,185 132,Si O,1.5985694399385348
1503,185 161,Si O,1.6048686697184245
1504,185 166,Si Si,3.0592590292782105
1505,185 179,Si O,1.610803300124217
1506,185 206,Si Si,2.995888164401304
1507,186 57,O O,2.6192388594874196
1508,186 71,O O,2.6837605088281857
1509,186 74,O O,2.5606074611615375
1510,186 80,O Si,1.6135138021406057
1511,186 83,O Si,1.6226854093264402
1512,186 105,O O,2.6197572930142012
1513,186 173,O O,2.541498732675419
1514,186 199,O O,2.7367155222153032
1515,187 167,Si Si,3.0611984898508724
1516,187 174,Si Si,3.115948078007315
1517,187 178,Si O,1.6278038092299973
1518,187 180,Si O,1.6074791007497047
1519,187 192,Si O,1.6246586903932845
1520,187 202,Si Si,3.0334439400390654
1521,187 214,Si O,1.5998144698391097
1522,187 215,Si Si,3.199396686600301
1523,188 89,O O,2.7349712524892635
1524,188 91,O O,2.683148590505997
1525,188 95,O O,2.5412716722828184
1526,188 97,O O,2.7864829822205213
1527,188 98,O O,2.5910256477318714
1528,188 100,O Si,1.6391739730860089
1529,188 208,O O,2.637483185121151
1530,188 212,O Si,1.6192888119822137
1531,189 45,O O,2.6998628852808193
1532,189 93,O O,2.751840602036944
1533,189 108,O O,2.732167536826546
1534,189 136,O O,2.646024151356092
1535,189 139,O O,2.706805041609854
1536,189 154,O Si,1.6438860810237432
1537,189 190,O Si,1.6301117317383966
1538,189 195,O O,2.6129439417648603
1539,190 86,Si Si,3.018010982932067
1540,190 90,Si Si,2.9565142999001144
1541,190 93,Si O,1.630565566447974
1542,190 108,Si O,1.633493257250732
1543,190 154,Si Si,3.1084529166008585
1544,190 189,Si O,1.6301117317383966
1545,190 195,Si O,1.6019554656741606
1546,190 198,Si Si,3.0542523051602033
1547,191 152,O O,2.635029789423402
1548,191 153,O O,2.6806801040585544
1549,191 193,O O,2.7034920995673413
1550,191 202,O Si,1.629552363251521
1551,191 204,O O,2.6172539159870434
1552,191 205,O Si,1.6029412931511642
1553,191 207,O O,2.5986324161488277
1554,191 214,O O,2.625205145558187
1555,192 82,O O,2.537090911699971
1556,192 98,O O,2.6641330811251813
1557,192 178,O O,2.6012295109686985
1558,192 180,O O,2.721498567616939
1559,192 183,O O,2.732347190819235
1560,192 187,O Si,1.6246586903932845
1561,192 214,O O,2.6182621151472363
1562,192 215,O Si,1.6169878420103256
1563,193 191,O O,2.7034920995673413
1564,193 194,O O,2.7580911837084603
1565,193 195,O O,2.585138894490577
1566,193 198,O Si,1.5990215567914214
1567,193 202,O Si,1.5928511255715236
1568,193 204,O O,2.5833187136809426
1569,193 211,O O,2.543373004816001
1570,193 214,O O,2.511313833078915
1571,194 150,O O,2.6562350466879514
1572,194 193,O O,2.7580911837084603
1573,194 195,O O,2.5608364450234533
1574,194 197,O O,2.664015044628359
1575,194 198,O Si,1.612841448701268
1576,194 208,O O,2.5650356254766233
1577,194 209,O Si,1.609877350068207
1578,194 211,O O,2.6482524316477045
1579,195 93,O O,2.583675801919542
1580,195 108,O O,2.6561265422576295
1581,195 189,O O,2.6129439417648603
1582,195 190,O Si,1.6019554656741606
1583,195 193,O O,2.585138894490577
1584,195 194,O O,2.5608364450234533
1585,195 198,O Si,1.6027410772618147
1586,195 211,O O,2.6241121129717397
1587,196 31,Si O,1.6242056334078296
1588,196 40,Si Si,2.9722315468058333
1589,196 87,Si Si,3.0136361474652524
1590,196 91,Si O,1.6028691290099746
1591,196 94,Si O,1.646313038575786
1592,196 197,Si O,1.6464199646346562
1593,196 209,Si Si,3.011272488990454
1594,196 212,Si Si,3.0215996394234894
1595,197 31,O O,2.5611808377744145
1596,197 91,O O,2.502736530609547
1597,197 94,O O,2.9701035805615117
1598,197 150,O O,2.770542639109787
1599,197 194,O O,2.664015044628359
1600,197 196,O Si,1.6464199646346562
1601,197 208,O O,2.6712286736784736
1602,197 209,O Si,1.6550289507025595
1603,198 190,Si Si,3.0542523051602033
1604,198 193,Si O,1.5990215567914214
1605,198 194,Si O,1.612841448701268
1606,198 195,Si O,1.6027410772618147
1607,198 200,Si Si,2.8692425728389286
1608,198 202,Si Si,3.1616761190386757
1609,198 209,Si Si,3.038057344599373
1610,198 211,Si O,1.6088284923121958
1611,199 74,O O,2.557116696050402
1612,199 80,O Si,1.6054828478489107
1613,199 92,O O,2.682936124369785
1614,199 105,O O,2.554541118683579
1615,199 149,O O,2.555729326893775
1616,199 186,O O,2.7367155222153032
1617,199 204,O O,2.606161507466319
1618,199 213,O Si,1.6092172383486165
1619,200 169,Si Si,3.159841776390308
1620,200 176,Si Si,3.1769140169852124
1621,200 181,Si O,1.6010393756015455
1622,200 184,Si O,1.593689685316099
1623,200 198,Si Si,2.8692425728389286
1624,200 206,Si Si,3.0663539496348866
1625,200 210,Si O,1.6458041819516442
1626,200 211,Si O,1.6164526333643578
1627,201 51,O O,2.8380679549760557
1628,201 85,O Si,1.6304220406487597
1629,201 92,O O,2.605498044211725
1630,201 106,O O,2.4520013347274547
1631,201 161,O O,2.5568160002297855
1632,201 203,O O,2.58970727073408
1633,201 206,O Si,1.631802263244932
1634,201 210,O O,2.847320411665144
1635,202 187,Si Si,3.0334439400390654
1636,202 191,Si O,1.629552363251521
1637,202 193,Si O,1.5928511255715236
1638,202 198,Si Si,3.1616761190386757
1639,202 204,Si O,1.604934029043208
1640,202 205,Si Si,2.9858099635621342
1641,202 213,Si Si,3.187097275936225
1642,202 214,Si O,1.584312530248264
1643,203 135,O O,2.5323437244873763
1644,203 157,O Si,1.6028550660480954
1645,203 161,O O,2.6234114570700187
1646,203 182,O O,2.6651280482197044
1647,203 184,O O,2.8682407243859798
1648,203 201,O O,2.58970727073408
1649,203 206,O Si,1.60373362757698
1650,203 207,O O,2.6539314691196063
1651,203 210,O O,2.5905652561354904
1652,204 92,O O,2.6409188021510923
1653,204 105,O O,2.976391589205289
1654,204 149,O O,2.6545045579947053
1655,204 191,O O,2.6172539159870434
1656,204 193,O O,2.5833187136809426
1657,204 199,O O,2.606161507466319
1658,204 202,O Si,1.604934029043208
1659,204 213,O Si,1.6045623794039172
1660,204 214,O O,2.660850145061212
1661,205 140,Si Si,2.958375786933411
1662,205 151,Si Si,3.035429629818683
1663,205 152,Si O,1.6115049189418928
1664,205 153,Si O,1.6073513770830181
1665,205 157,Si Si,2.8972756223311693
1666,205 191,Si O,1.6029412931511642
1667,205 202,Si Si,2.9858099635621342
1668,205 207,Si O,1.600087634106681
1669,206 85,Si Si,2.9793382753604867
1670,206 157,Si Si,3.072135282134251
1671,206 161,Si O,1.6024413322051867
1672,206 185,Si Si,2.995888164401304
1673,206 200,Si Si,3.0663539496348866
1674,206 201,Si O,1.631802263244932
1675,206 203,Si O,1.60373362757698
1676,206 210,Si O,1.6409288934131754
1677,207 135,O O,2.6744533290000407
1678,207 152,O O,2.5489346991485564
1679,207 153,O O,2.6152596460323747
1680,207 157,O Si,1.6108194328876244
1681,207 182,O O,2.5077046222980957
1682,207 191,O O,2.5986324161488277
1683,207 203,O O,2.6539314691196063
1684,207 205,O Si,1.600087634106681
1685,208 89,O O,2.710390433213332
1686,208 91,O O,2.5733167790224347
1687,208 150,O O,2.586263950092593
1688,208 188,O O,2.637483185121151
1689,208 194,O O,2.5650356254766233
1690,208 197,O O,2.6712286736784736
1691,208 209,O Si,1.6260380307348088
1692,208 212,O Si,1.5976644965105442
1693,209 147,Si Si,3.1060768883914447
1694,209 150,Si O,1.6126537796876437
1695,209 194,Si O,1.609877350068207
1696,209 196,Si Si,3.011272488990454
1697,209 197,Si O,1.6550289507025595
1698,209 198,Si Si,3.038057344599373
1699,209 208,Si O,1.6260380307348088
1700,209 212,Si Si,2.9123819852353585
1701,210 161,O O,2.642022655143545
1702,210 181,O O,2.767663379970551
1703,210 184,O O,2.614774650975235
1704,210 200,O Si,1.6458041819516442
1705,210 201,O O,2.847320411665144
1706,210 203,O O,2.5905652561354904
1707,210 206,O Si,1.6409288934131754
1708,210 211,O O,2.665617421643907
1709,211 181,O O,2.5225474839810023
1710,211 184,O O,2.649942028418445
1711,211 193,O O,2.543373004816001
1712,211 194,O O,2.6482524316477045
1713,211 195,O O,2.6241121129717397
1714,211 198,O Si,1.6088284923121958
1715,211 200,O Si,1.6164526333643578
1716,211 210,O O,2.665617421643907
1717,212 88,Si Si,3.396960563108958
1718,212 89,Si O,1.618705854117524
1719,212 91,Si O,1.6132264494305995
1720,212 96,Si Si,2.873660241932898
1721,212 100,Si Si,3.010868837460709
1722,212 188,Si O,1.6192888119822137
1723,212 196,Si Si,3.0215996394234894
1724,212 208,Si O,1.5976644965105442
1725,212 209,Si Si,2.9123819852353585
1726,213 80,Si Si,2.9020724610657296
1727,213 85,Si Si,3.0538912491521106
1728,213 92,Si O,1.621776855799016
1729,213 140,Si Si,2.9750230897616543
1730,213 149,Si O,1.601248414739196
1731,213 199,Si O,1.6092172383486165
1732,213 202,Si Si,3.187097275936225
1733,213 204,Si O,1.6045623794039172
1734,214 178,O O,2.507697661491973
1735,214 180,O O,2.570533539860434
1736,214 187,O Si,1.5998144698391097
1737,214 191,O O,2.625205145558187
1738,214 192,O O,2.6182621151472363
1739,214 193,O O,2.511313833078915
1740,214 202,O Si,1.584312530248264
1741,214 204,O O,2.660850145061212
1742,215 68,Si Si,3.156180386435746
1743,215 82,Si O,1.5855747747869082
1744,215 98,Si O,1.645380262019113
1745,215 100,Si Si,3.097466016012628
1746,215 123,Si Si,3.134082839090247
1747,215 183,Si O,1.6381140129189824
1748,215 187,Si Si,3.199396686600301
1749,215 192,Si O,1.6169878420103256
