,dr,index,name
0,1.619761942546702,0 3,Si O
1,1.6301185938865639,0 7,Si O
2,3.190139701167338,0 10,Si Si
3,1.6045247361191397,0 11,Si O
4,3.097164815776668,0 16,Si Si
5,1.6192453809412082,0 21,Si O
6,2.942951827074104,0 53,Si Si
7,2.935773475774809,0 127,Si Si
8,1.6185801498762606,1 2,Si O
9,1.6182631397549736,1 5,Si O
10,1.610730570644173,1 8,Si O
11,3.0300136204383517,1 9,Si Si
12,1.6238222820274901,1 12,Si O
13,3.1707911156783446,1 13,Si Si
14,3.1021140378598737,1 18,Si Si
15,3.2117639257080803,1 20,Si Si
16,1.6185801498762606,2 1,O Si
17,2.627296084152902,2 5,O O
18,2.5939996714130165,2 8,O O
19,1.614900456304629,2 9,O Si
20,2.6812484339031624,2 12,O O
21,2.5561455749165716,2 14,O O
22,2.6810355897606195,2 23,O O
23,2.658419687514723,2 26,O O
24,1.619761942546702,3 0,O Si
25,2.760150536063427,3 7,O O
26,2.6852110996119603,3 11,O O
27,2.6764341792609603,3 15,O O
28,1.6303846897690504,3 16,O Si
29,2.56235131380582,3 21,O O
30,2.6482795685848655,3 30,O O
31,2.679973492666924,3 33,O O
32,2.5889819292777605,4 6,O O
33,1.6301102416524935,4 10,O Si
34,2.7030483973516697,4 11,O O
35,2.6532226456051076,4 14,O O
36,1.6362821730183703,4 28,O Si
37,2.6043550277475807,4 34,O O
38,2.726887226051112,4 46,O O
39,2.6972758157758157,4 55,O O
40,1.6182631397549736,5 1,O Si
41,2.627296084152902,5 2,O O
42,2.692911211734062,5 8,O O
43,2.5827012686551636,5 12,O O
44,1.61146045834392,5 18,O Si
45,2.6494002842052953,5 25,O O
46,2.674973910228292,5 32,O O
47,2.6140556474995247,5 54,O O
48,2.9013923170467137,5 73,O O
49,2.5889819292777605,6 4,O O
50,1.6129678329727293,6 10,O Si
51,2.5634909338545575,6 11,O O
52,2.6414181916071193,6 12,O O
53,1.6107598161333747,6 13,O Si
54,2.609585106635175,6 17,O O
55,2.5943258156510343,6 19,O O
56,2.688374993420182,6 55,O O
57,1.6301185938865639,7 0,O Si
58,2.760150536063427,7 3,O O
59,2.5622007702266782,7 11,O O
60,2.630244967892041,7 21,O O
61,2.6824894334460443,7 119,O O
62,2.6774633553460414,7 126,O O
63,1.6385892430974696,7 127,O Si
64,2.5437738709177373,7 130,O O
65,1.610730570644173,8 1,O Si
66,2.5939996714130165,8 2,O O
67,2.692911211734062,8 5,O O
68,2.6700971430512555,8 12,O O
69,1.6215054064141194,8 20,O Si
70,2.5894901895920257,8 22,O O
71,2.7523869865016013,8 24,O O
72,2.6438671260357522,8 59,O O
73,3.0300136204383517,9 1,Si Si
74,1.614900456304629,9 2,Si O
75,1.5990301853566025,9 14,Si O
76,1.6028584408454287,9 23,Si O
77,1.6093133453545276,9 26,Si O
78,3.174887782305711,9 28,Si Si
79,3.134660248211111,9 77,Si Si
80,2.985612502903455,9 163,Si Si
81,3.190139701167338,10 0,Si Si
82,1.6301102416524935,10 4,Si O
83,1.6129678329727293,10 6,Si O
84,1.607525740317708,10 11,Si O
85,2.9846300387299647,10 13,Si Si
86,3.0173846446512465,10 28,Si Si
87,1.6217826344602406,10 55,Si O
88,3.135288770617619,10 70,Si Si
89,1.6045247361191397,11 0,O Si
90,2.6852110996119603,11 3,O O
91,2.7030483973516697,11 4,O O
92,2.5634909338545575,11 6,O O
93,2.5622007702266782,11 7,O O
94,1.607525740317708,11 10,O Si
95,2.6458794977937417,11 21,O O
96,2.6056322246017563,11 55,O O
97,1.6238222820274901,12 1,O Si
98,2.6812484339031624,12 2,O O
99,2.5827012686551636,12 5,O O
100,2.6414181916071193,12 6,O O
101,2.6700971430512555,12 8,O O
102,1.6226335418633921,12 13,O Si
103,2.6211659174142015,12 17,O O
104,2.703520113484036,12 19,O O
105,3.1707911156783446,13 1,Si Si
106,1.6107598161333747,13 6,Si O
107,2.9846300387299647,13 10,Si Si
108,1.6226335418633921,13 12,Si O
109,1.592771817559818,13 17,Si O
110,1.603655361018171,13 19,Si O
111,2.9793806632152213,13 27,Si Si
112,3.02300198570982,13 29,Si Si
113,2.5561455749165716,14 2,O O
114,2.6532226456051076,14 4,O O
115,1.5990301853566025,14 9,O Si
116,2.646878019152618,14 23,O O
117,2.6274045689479277,14 26,O O
118,1.6006945178804421,14 28,O Si
119,2.617985768893484,14 34,O O
120,2.578054945688908,14 46,O O
121,2.6764341792609603,15 3,O O
122,1.5926976151170367,15 16,O Si
123,2.538700610482775,15 17,O O
124,1.6064125928938624,15 27,O Si
125,2.504181317019031,15 30,O O
126,2.6196935319447863,15 33,O O
127,2.721432625096626,15 118,O O
128,2.5660410549329935,15 132,O O
129,3.097164815776668,16 0,Si Si
130,1.6303846897690504,16 3,Si O
131,1.5926976151170367,16 15,Si O
132,3.1067342292914346,16 27,Si Si
133,1.594908519273265,16 30,Si O
134,1.6131267912638088,16 33,Si O
135,3.150639623133487,16 35,Si Si
136,3.1489721229423417,16 41,Si Si
137,2.609585106635175,17 6,O O
138,2.6211659174142015,17 12,O O
139,1.592771817559818,17 13,O Si
140,2.538700610482775,17 15,O O
141,2.5760765569420787,17 19,O O
142,1.610149291118983,17 27,O Si
143,2.654605521490587,17 118,O O
144,2.571584976591895,17 132,O O
145,3.1021140378598737,18 1,Si Si
146,1.61146045834392,18 5,Si O
147,1.5869945590956127,18 25,Si O
148,2.8529414016194647,18 29,Si Si
149,1.6304063831449789,18 32,Si O
150,3.0050951590771033,18 38,Si Si
151,1.5909867741879495,18 54,Si O
152,2.8749708069435655,18 75,Si Si
153,2.5943258156510343,19 6,O O
154,2.703520113484036,19 12,O O
155,1.603655361018171,19 13,O Si
156,2.5760765569420787,19 17,O O
157,2.5944523993665296,19 25,O O
158,1.6104706883079898,19 29,O Si
159,2.6334282101644777,19 44,O O
160,2.647471945491949,19 134,O O
161,3.2117639257080803,20 1,Si Si
162,1.6215054064141194,20 8,Si O
163,1.610168951922773,20 22,Si O
164,1.6389704436939523,20 24,Si O
165,3.009873016274283,20 35,Si Si
166,1.6231459304732327,20 59,Si O
167,3.182802290354535,20 63,Si Si
168,3.1521050967636635,20 121,Si Si
169,1.6192453809412082,21 0,O Si
170,2.56235131380582,21 3,O O
171,2.630244967892041,21 7,O O
172,2.6458794977937417,21 11,O O
173,1.6175447983479396,21 53,O Si
174,2.627085347424894,21 58,O O
175,2.6600018686455753,21 84,O O
176,2.5827873690795142,21 130,O O
177,2.5894901895920257,22 8,O O
178,1.610168951922773,22 20,O Si
179,2.5768036940872783,22 24,O O
180,2.7065915372816742,22 59,O O
181,2.702667377128006,22 113,O O
182,1.624037815328786,22 121,O Si
183,2.648211710239583,22 136,O O
184,2.6467685753136303,22 159,O O
185,2.6810355897606195,23 2,O O
186,1.6028584408454287,23 9,O Si
187,2.646878019152618,23 14,O O
188,2.567582835252166,23 26,O O
189,2.6218530026368816,23 78,O O
190,2.57554419497447,23 131,O O
191,1.626178660091305,23 163,O Si
192,2.692992529615116,23 175,O O
193,2.7523869865016013,24 8,O O
194,1.6389704436939523,24 20,O Si
195,2.5768036940872783,24 22,O O
196,2.5182821029672957,24 30,O O
197,1.6198082812881927,24 35,O Si
198,2.6826253608758748,24 36,O O
199,2.7567038920265414,24 45,O O
200,2.6313611315209053,24 59,O O
201,2.6494002842052953,25 5,O O
202,1.5869945590956127,25 18,O Si
203,2.5944523993665296,25 19,O O
204,1.6090200188060872,25 29,O Si
205,2.571540256471833,25 32,O O
206,2.622464231404252,25 44,O O
207,2.530358776286625,25 54,O O
208,2.5159497226405176,25 134,O O
209,2.658419687514723,26 2,O O
210,1.6093133453545276,26 9,O Si
211,2.6274045689479277,26 14,O O
212,2.567582835252166,26 23,O O
213,2.614240406120551,26 73,O O
214,2.688905481861015,26 76,O O
215,1.5884342784084373,26 77,O Si
216,2.571710648468427,26 101,O O
217,2.9793806632152213,27 13,Si Si
218,1.6064125928938624,27 15,Si O
219,3.1067342292914346,27 16,Si Si
220,1.610149291118983,27 17,Si O
221,3.1786729386868364,27 110,Si Si
222,1.5961855720603266,27 118,Si O
223,1.6005432192561875,27 132,Si O
224,3.069888305204377,27 185,Si Si
225,1.6362821730183703,28 4,Si O
226,3.174887782305711,28 9,Si Si
227,3.0173846446512465,28 10,Si Si
228,1.6006945178804421,28 14,Si O
229,1.6141571041658982,28 34,Si O
230,3.140674470536128,28 38,Si Si
231,1.6174242407995576,28 46,Si O
232,3.1854342392177557,28 156,Si Si
233,3.02300198570982,29 13,Si Si
234,2.8529414016194647,29 18,Si Si
235,1.6104706883079898,29 19,Si O
236,1.6090200188060872,29 25,Si O
237,2.9591950764744173,29 38,Si Si
238,1.637794439811736,29 44,Si O
239,2.9666138440545935,29 125,Si Si
240,1.59085659594996,29 134,Si O
241,2.6482795685848655,30 3,O O
242,2.504181317019031,30 15,O O
243,1.594908519273265,30 16,O Si
244,2.5182821029672957,30 24,O O
245,2.6164545739400835,30 33,O O
246,1.5918879602047165,30 35,O Si
247,2.5835644236491886,30 36,O O
248,2.6759156003593,30 45,O O
249,1.6250151735132343,31 40,O Si
250,2.731769193480517,31 43,O O
251,2.5569697028320464,31 47,O O
252,2.686603656371341,31 50,O O
253,2.6919402957373517,31 91,O O
254,2.6997963405225507,31 94,O O
255,1.6242056334078296,31 196,O Si
256,2.5611808377744145,31 197,O O
257,2.674973910228292,32 5,O O
258,1.6304063831449789,32 18,O Si
259,2.571540256471833,32 25,O O
260,2.60356277637669,32 34,O O
261,1.6285639169045323,32 38,O Si
262,2.737221947796174,32 39,O O
263,2.5836117904332454,32 44,O O
264,2.679552620530693,32 54,O O
265,2.679973492666924,33 3,O O
266,2.6196935319447863,33 15,O O
267,1.6131267912638088,33 16,O Si
268,2.6164545739400835,33 30,O O
269,1.6096755151461342,33 41,O Si
270,2.6311994103857512,33 42,O O
271,2.6420221035356053,33 49,O O
272,2.6069964838405926,33 51,O O
273,2.6043550277475807,34 4,O O
274,2.617985768893484,34 14,O O
275,1.6141571041658982,34 28,O Si
276,2.60356277637669,34 32,O O
277,1.611714617672247,34 38,O Si
278,2.563359871785553,34 39,O O
279,2.742375171003305,34 44,O O
280,2.6603460702206996,34 46,O O
281,3.150639623133487,35 16,Si Si
282,3.009873016274283,35 20,Si Si
283,1.6198082812881927,35 24,Si O
284,1.5918879602047165,35 30,Si O
285,1.5974202107404134,35 36,Si O
286,3.0228482525750957,35 37,Si Si
287,1.6208326948145493,35 45,Si O
288,3.1140155608178888,35 154,Si Si
289,2.6826253608758748,36 24,O O
290,2.5835644236491886,36 30,O O
291,1.5974202107404134,36 35,O Si
292,1.610982970047586,36 37,O Si
293,2.6810524318896705,36 39,O O
294,2.6990566126722295,36 42,O O
295,2.44296191885664,36 43,O O
296,2.5191686143162846,36 45,O O
297,3.0228482525750957,37 35,Si Si
298,1.610982970047586,37 36,Si O
299,3.114610834226539,37 38,Si Si
300,1.6214615758172315,37 39,Si O
301,3.0055619285197355,37 40,Si Si
302,3.221292531742038,37 41,Si Si
303,1.628898016567049,37 42,Si O
304,1.622865662747705,37 43,Si O
305,3.0050951590771033,38 18,Si Si
306,3.140674470536128,38 28,Si Si
307,2.9591950764744173,38 29,Si Si
308,1.6285639169045323,38 32,Si O
309,1.611714617672247,38 34,Si O
310,3.114610834226539,38 37,Si Si
311,1.6149094537090452,38 39,Si O
312,1.6318384194019435,38 44,Si O
313,2.737221947796174,39 32,O O
314,2.563359871785553,39 34,O O
315,2.6810524318896705,39 36,O O
316,1.6214615758172315,39 37,O Si
317,1.6149094537090452,39 38,O Si
318,2.6354843275849555,39 42,O O
319,2.654587131319234,39 43,O O
320,2.6534885515415945,39 44,O O
321,1.6250151735132343,40 31,Si O
322,3.0055619285197355,40 37,Si Si
323,1.6174195647022236,40 43,Si O
324,1.6116091720264232,40 47,Si O
325,1.6117697532497024,40 50,Si O
326,3.1370231406780897,40 96,Si Si
327,3.0058305646736385,40 156,Si Si
328,2.9722315468058333,40 196,Si Si
329,3.1489721229423417,41 16,Si Si
330,1.6096755151461342,41 33,Si O
331,3.221292531742038,41 37,Si Si
332,1.638939015346512,41 42,Si O
333,1.6244242324044804,41 49,Si O
334,1.6306991172438028,41 51,Si O
335,3.1674446519973007,41 52,Si Si
336,3.249153638032074,41 85,Si Si
337,2.6311994103857512,42 33,O O
338,2.6990566126722295,42 36,O O
339,1.628898016567049,42 37,O Si
340,2.6354843275849555,42 39,O O
341,1.638939015346512,42 41,O Si
342,2.7489772446527145,42 43,O O
343,2.649627060820487,42 49,O O
344,2.7302424132127774,42 51,O O
345,2.731769193480517,43 31,O O
346,2.44296191885664,43 36,O O
347,1.622865662747705,43 37,O Si
348,2.654587131319234,43 39,O O
349,1.6174195647022236,43 40,O Si
350,2.7489772446527145,43 42,O O
351,2.7194584308399112,43 47,O O
352,2.501663851318059,43 50,O O
353,2.6334282101644777,44 19,O O
354,2.622464231404252,44 25,O O
355,1.637794439811736,44 29,O Si
356,2.5836117904332454,44 32,O O
357,2.742375171003305,44 34,O O
358,1.6318384194019435,44 38,O Si
359,2.6534885515415945,44 39,O O
360,2.761047011274162,44 134,O O
361,2.7567038920265414,45 24,O O
362,2.6759156003593,45 30,O O
363,1.6208326948145493,45 35,O Si
364,2.5191686143162846,45 36,O O
365,2.5296713725676385,45 136,O O
366,2.655854865082857,45 139,O O
367,1.621503650673602,45 154,O Si
368,2.6998628852808193,45 189,O O
369,2.726887226051112,46 4,O O
370,2.578054945688908,46 14,O O
371,1.6174242407995576,46 28,O Si
372,2.6603460702206996,46 34,O O
373,2.6990108306132576,46 50,O O
374,2.7305582919507945,46 144,O O
375,2.5670305413030454,46 155,O O
376,1.6148931692863258,46 156,O Si
377,2.5569697028320464,47 31,O O
378,1.6116091720264232,47 40,O Si
379,2.7194584308399112,47 43,O O
380,2.6292043604857223,47 50,O O
381,2.810785161515969,47 89,O O
382,2.966997965347455,47 91,O O
383,1.6186316086376362,47 96,O Si
384,2.5454834292881707,47 101,O O
385,2.625887577723121,47 103,O O
386,2.62004641338044,48 49,O O
387,1.6079719060170938,48 52,O Si
388,2.6002336429714097,48 84,O O
389,2.5915793590652894,48 97,O O
390,2.65876985971328,48 145,O O
391,1.6043521712098254,48 151,O Si
392,2.5977908198867166,48 153,O O
393,2.5773776608822985,48 155,O O
394,2.6420221035356053,49 33,O O
395,1.6244242324044804,49 41,O Si
396,2.649627060820487,49 42,O O
397,2.62004641338044,49 48,O O
398,2.6681694670824387,49 51,O O
399,1.6232560086833008,49 52,O Si
400,2.650717436012774,49 84,O O
401,2.6969687995789093,49 97,O O
402,2.686603656371341,50 31,O O
403,1.6117697532497024,50 40,O Si
404,2.501663851318059,50 43,O O
405,2.6990108306132576,50 46,O O
406,2.6292043604857223,50 47,O O
407,2.5057447122625987,50 144,O O
408,2.670058111146635,50 155,O O
409,1.6207418109876963,50 156,O Si
410,2.6069964838405926,51 33,O O
411,1.6306991172438028,51 41,O Si
412,2.7302424132127774,51 42,O O
413,2.6681694670824387,51 49,O O
414,1.626364306482665,51 85,O Si
415,2.5992072243155118,51 92,O O
416,2.6598680295629302,51 106,O O
417,2.8380679549760557,51 201,O O
418,3.1674446519973007,52 41,Si Si
419,1.6079719060170938,52 48,Si O
420,1.6232560086833008,52 49,Si O
421,3.1909044047613646,52 53,Si Si
422,1.6215377743354997,52 84,Si O
423,1.6322815847886047,52 97,Si O
424,3.2029113911206104,52 100,Si Si
425,3.049476671003367,52 151,Si Si
426,2.942951827074104,53 0,Si Si
427,1.6175447983479396,53 21,Si O
428,3.1909044047613646,53 52,Si Si
429,1.610340919271337,53 58,Si O
430,3.0205795187578848,53 81,Si Si
431,1.621747103848639,53 84,Si O
432,3.048736018946055,53 127,Si Si
433,1.6374928854970665,53 130,Si O
434,2.6140556474995247,54 5,O O
435,1.5909867741879495,54 18,O Si
436,2.530358776286625,54 25,O O
437,2.679552620530693,54 32,O O
438,2.644756524542683,54 57,O O
439,2.5840253658376064,54 73,O O
440,1.5980277133562864,54 75,O Si
441,2.5465156122388235,54 99,O O
442,2.6972758157758157,55 4,O O
443,2.688374993420182,55 6,O O
444,1.6217826344602406,55 10,O Si
445,2.6056322246017563,55 11,O O
446,2.679686255515,55 67,O O
447,2.6771708865704347,55 69,O O
448,1.6225675641574226,55 70,O Si
449,2.6187241985692773,55 74,O O
450,2.668947823951626,56 58,O O
451,2.5100963252203603,56 60,O O
452,2.68860571351408,56 61,O O
453,1.5959838812613063,56 64,O Si
454,2.6433828644108974,56 78,O O
455,2.5255155868490777,56 79,O O
456,1.5912264097629487,56 81,O Si
457,2.6111516873979235,56 177,O O
458,2.644756524542683,57 54,O O
459,2.5387705146557695,57 71,O O
460,2.6158036556099056,57 73,O O
461,1.5854671109615652,57 75,O Si
462,1.5989787857456932,57 83,O Si
463,2.646293348903679,57 99,O O
464,2.6263817415463464,57 173,O O
465,2.6192388594874196,57 186,O O
466,2.627085347424894,58 21,O O
467,1.610340919271337,58 53,O Si
468,2.668947823951626,58 56,O O
469,2.629705258502908,58 79,O O
470,1.608750000707658,58 81,O Si
471,2.5730440273818975,58 84,O O
472,2.6688589489760717,58 130,O O
473,2.5598695068080506,58 177,O O
474,2.6438671260357522,59 8,O O
475,1.6231459304732327,59 20,O Si
476,2.7065915372816742,59 22,O O
477,2.6313611315209053,59 24,O O
478,2.6394585144815568,59 61,O O
479,2.648087941487583,59 62,O O
480,1.6200704010928093,59 63,O Si
481,2.702817719823288,59 72,O O
482,2.5100963252203603,60 56,O O
483,2.6478555563339112,60 61,O O
484,1.6086032529531948,60 64,O Si
485,1.6022835883728845,60 68,O Si
486,2.5638497338424657,60 69,O O
487,2.5848155757282485,60 76,O O
488,2.650535211678052,60 78,O O
489,2.633479798923051,60 82,O O
490,2.68860571351408,61 56,O O
491,2.6394585144815568,61 59,O O
492,2.6478555563339112,61 60,O O
493,2.604284780811442,61 62,O O
494,1.6150439403787569,61 63,O Si
495,1.6182036187745499,61 64,O Si
496,2.5934254444317855,61 72,O O
497,2.565903683999352,61 78,O O
498,2.648087941487583,62 59,O O
499,2.604284780811442,62 61,O O
500,1.6414124678334578,62 63,O Si
501,1.6337116506271399,62 65,O Si
502,2.682865736685416,62 66,O O
503,2.7127374810250333,62 67,O O
504,2.679197055091374,62 71,O O
505,2.766596549384076,62 72,O O
506,3.182802290354535,63 20,Si Si
507,1.6200704010928093,63 59,Si O
508,1.6150439403787569,63 61,Si O
509,1.6414124678334578,63 62,Si O
510,2.993323820136464,63 64,Si Si
511,3.15616181468035,63 65,Si Si
512,1.6410199785041377,63 72,Si O
513,3.2588182851810443,63 87,Si Si
514,1.5959838812613063,64 56,Si O
515,1.6086032529531948,64 60,Si O
516,1.6182036187745499,64 61,Si O
517,2.993323820136464,64 63,Si Si
518,2.9220072368584313,64 68,Si Si
519,1.591603262249675,64 78,Si O
520,3.120867269851941,64 81,Si Si
521,3.1214777739678006,64 163,Si Si
522,1.6337116506271399,65 62,Si O
523,3.15616181468035,65 63,Si Si
524,1.6196470777952612,65 66,Si O
525,1.6219279403026112,65 67,Si O
526,3.1869900417130483,65 70,Si Si
527,1.6255821825703343,65 71,Si O
528,3.049890044523737,65 83,Si Si
529,3.027391635506602,65 185,Si Si
530,2.682865736685416,66 62,O O
531,1.6196470777952612,66 65,O Si
532,2.5888794146550937,66 67,O O
533,2.602906788383796,66 71,O O
534,2.6986453233874528,66 132,O O
535,2.585768862810715,66 161,O O
536,2.6598884592418055,66 179,O O
537,1.6127337483017365,66 185,O Si
538,2.679686255515,67 55,O O
539,2.7127374810250333,67 62,O O
540,1.6219279403026112,67 65,O Si
541,2.5888794146550937,67 66,O O
542,2.6008331231717863,67 69,O O
543,1.6238207003396983,67 70,O Si
544,2.6497096754424905,67 71,O O
545,2.7329471960024097,67 74,O O
546,1.6022835883728845,68 60,Si O
547,2.9220072368584313,68 64,Si Si
548,1.6069761541539018,68 69,Si O
549,2.9547829673754573,68 70,Si Si
550,1.597579641776407,68 76,Si O
551,2.975066767120902,68 77,Si Si
552,1.5773659723444795,68 82,Si O
553,3.156180386435746,68 215,Si Si
554,2.6771708865704347,69 55,O O
555,2.5638497338424657,69 60,O O
556,2.6008331231717863,69 67,O O
557,1.6069761541539018,69 68,O Si
558,1.6109008238691955,69 70,O Si
559,2.5211227825798224,69 74,O O
560,2.694685515620569,69 76,O O
561,2.600641057208424,69 82,O O
562,3.135288770617619,70 10,Si Si
563,1.6225675641574226,70 55,Si O
564,3.1869900417130483,70 65,Si Si
565,1.6238207003396983,70 67,Si O
566,2.9547829673754573,70 68,Si Si
567,1.6109008238691955,70 69,Si O
568,1.610541110121917,70 74,Si O
569,3.0997022948494317,70 80,Si Si
570,2.5387705146557695,71 57,O O
571,2.679197055091374,71 62,O O
572,1.6255821825703343,71 65,O Si
573,2.602906788383796,71 66,O O
574,2.6497096754424905,71 67,O O
575,1.6218547343407006,71 83,O Si
576,2.747671398689678,71 173,O O
577,2.958119574397042,71 179,O O
578,2.6837605088281857,71 186,O O
579,2.702817719823288,72 59,O O
580,2.5934254444317855,72 61,O O
581,2.766596549384076,72 62,O O
582,1.6410199785041377,72 63,O Si
583,2.6865348930321136,72 79,O O
584,1.6425804914619917,72 87,O Si
585,2.81663980040234,72 94,O O
586,2.594663472826793,72 102,O O
587,2.9013923170467137,73 5,O O
588,2.614240406120551,73 26,O O
589,2.5840253658376064,73 54,O O
590,2.6158036556099056,73 57,O O
591,1.6029382747922778,73 75,O Si
592,2.555560705324473,73 76,O O
593,1.6133013787458534,73 77,O Si
594,2.6038934813151795,73 99,O O
595,2.6273326090464657,73 101,O O
596,2.6187241985692773,74 55,O O
597,2.7329471960024097,74 67,O O
598,2.5211227825798224,74 69,O O
599,1.610541110121917,74 70,O Si
600,1.6078829509846462,74 80,O Si
601,2.7793420951261987,74 105,O O
602,2.5606074611615375,74 186,O O
603,2.557116696050402,74 199,O O
604,2.8749708069435655,75 18,Si Si
605,1.5980277133562864,75 54,Si O
606,1.5854671109615652,75 57,Si O
607,1.6029382747922778,75 73,Si O
608,2.844396622702938,75 77,Si Si
609,3.180440025385219,75 83,Si Si
610,2.896098683888384,75 86,Si Si
611,1.6022452472098065,75 99,Si O
612,2.688905481861015,76 26,O O
613,2.5848155757282485,76 60,O O
614,1.597579641776407,76 68,O Si
615,2.694685515620569,76 69,O O
616,2.555560705324473,76 73,O O
617,1.5972881326045496,76 77,O Si
618,2.7915191808456963,76 78,O O
619,2.5570621528375925,76 82,O O
620,2.7962015444941772,76 89,O O
621,2.623009537837989,76 101,O O
622,3.134660248211111,77 9,Si Si
623,1.5884342784084373,77 26,Si O
624,2.975066767120902,77 68,Si Si
625,1.6133013787458534,77 73,Si O
626,2.844396622702938,77 75,Si Si
627,1.5972881326045496,77 76,Si O
628,2.9379437749816497,77 96,Si Si
629,1.6053650403692683,77 101,Si O
630,2.6218530026368816,78 23,O O
631,2.6433828644108974,78 56,O O
632,2.650535211678052,78 60,O O
633,2.565903683999352,78 61,O O
634,1.591603262249675,78 64,O Si
635,2.7915191808456963,78 76,O O
636,2.634089222168879,78 131,O O
637,1.6143989744304506,78 163,O Si
638,2.5791061465379386,78 175,O O
639,2.5255155868490777,79 56,O O
640,2.629705258502908,79 58,O O
641,2.6865348930321136,79 72,O O
642,1.6111632027255,79 81,O Si
643,1.6199695398616896,79 87,O Si
644,2.6432940863222383,79 94,O O
645,2.5640755744961434,79 102,O O
646,2.7134078149406373,79 177,O O
647,3.0997022948494317,80 70,Si Si
648,1.6078829509846462,80 74,Si O
649,2.9278298468877137,80 83,Si Si
650,3.088573675474123,80 86,Si Si
651,1.6307035342481844,80 105,Si O
652,1.6135138021406057,80 186,Si O
653,1.6054828478489107,80 199,Si O
654,2.9020724610657296,80 213,Si Si
655,3.0205795187578848,81 53,Si Si
656,1.5912264097629487,81 56,Si O
657,1.608750000707658,81 58,Si O
658,3.120867269851941,81 64,Si Si
659,1.6111632027255,81 79,Si O
660,2.997100090544835,81 87,Si Si
661,3.0559469173842104,81 176,Si Si
662,1.6038636754827862,81 177,Si O
663,2.633479798923051,82 60,O O
664,1.5773659723444795,82 68,O Si
665,2.600641057208424,82 69,O O
666,2.5570621528375925,82 76,O O
667,2.5920413024478917,82 98,O O
668,2.5819859804055607,82 183,O O
669,2.537090911699971,82 192,O O
670,1.5855747747869082,82 215,O Si
671,1.5989787857456932,83 57,Si O
672,3.049890044523737,83 65,Si Si
673,1.6218547343407006,83 71,Si O
674,3.180440025385219,83 75,Si Si
675,2.9278298468877137,83 80,Si Si
676,3.0746012813109043,83 170,Si Si
677,1.5949542887397965,83 173,Si O
678,1.6226854093264402,83 186,Si O
679,2.6600018686455753,84 21,O O
680,2.6002336429714097,84 48,O O
681,2.650717436012774,84 49,O O
682,1.6215377743354997,84 52,O Si
683,1.621747103848639,84 53,O Si
684,2.5730440273818975,84 58,O O
685,2.7182567237965127,84 97,O O
686,2.769092469977635,84 130,O O
687,3.249153638032074,85 41,Si Si
688,1.626364306482665,85 51,Si O
689,3.023493433974839,85 90,Si Si
690,1.6164229692593004,85 92,Si O
691,1.6140321351709566,85 106,Si O
692,1.6304220406487597,85 201,Si O
693,2.9793382753604867,85 206,Si Si
694,3.0538912491521106,85 213,Si Si
695,2.896098683888384,86 75,Si Si
696,3.088573675474123,86 80,Si Si
697,2.911435562983989,86 90,Si Si
698,1.5923040618247564,86 99,Si O
699,1.6051571745531577,86 104,Si O
700,1.6107353912081765,86 105,Si O
701,1.629266718517483,86 108,Si O
702,3.018010982932067,86 190,Si Si
703,3.2588182851810443,87 63,Si Si
704,1.6425804914619917,87 72,Si O
705,1.6199695398616896,87 79,Si O
706,2.997100090544835,87 81,Si Si
707,3.1375243202146668,87 88,Si Si
708,1.6668726068791107,87 94,Si O
709,1.6061690311640946,87 102,Si O
710,3.0136361474652524,87 196,Si Si
711,3.1375243202146668,88 87,Si Si
712,2.8841612449932024,88 90,Si Si
713,1.63626247762701,88 95,Si O
714,3.0006213137157163,88 96,Si Si
715,2.99921282432364,88 100,Si Si
716,1.6028746442569706,88 102,Si O
717,1.6235058801975821,88 103,Si O
718,1.5925456446899584,88 107,Si O
719,3.396960563108958,88 212,Si Si
720,2.810785161515969,89 47,O O
721,2.7962015444941772,89 76,O O
722,2.4177775599326154,89 91,O O
723,1.6403311224672308,89 96,O Si
724,2.551596292947666,89 101,O O
725,2.625998186655898,89 103,O O
726,2.7349712524892635,89 188,O O
727,2.710390433213332,89 208,O O
728,1.618705854117524,89 212,O Si
729,3.023493433974839,90 85,Si Si
730,2.911435562983989,90 86,Si Si
731,2.8841612449932024,90 88,Si Si
732,1.6179700202059797,90 93,Si O
733,1.614743042422612,90 104,Si O
734,1.5966998948457407,90 106,Si O
735,1.5870533458954321,90 107,Si O
736,2.9565142999001144,90 190,Si Si
737,2.6919402957373517,91 31,O O
738,2.966997965347455,91 47,O O
739,2.4177775599326154,91 89,O O
740,2.475939644562725,91 94,O O
741,2.508278060184673,91 102,O O
742,2.8587073866303867,91 103,O O
743,2.683148590505997,91 188,O O
744,1.6028691290099746,91 196,O Si
745,2.502736530609547,91 197,O O
746,2.5733167790224347,91 208,O O
747,1.6132264494305995,91 212,O Si
748,2.5992072243155118,92 51,O O
749,1.6164229692593004,92 85,O Si
750,2.7080885802086105,92 106,O O
751,2.6234530427464673,92 149,O O
752,2.682936124369785,92 199,O O
753,2.605498044211725,92 201,O O
754,2.6409188021510923,92 204,O O
755,1.621776855799016,92 213,O Si
756,1.6179700202059797,93 90,O Si
757,2.6309549533455603,93 104,O O
758,2.7266091004349082,93 106,O O
759,2.622252821277376,93 107,O O
760,2.561412846002005,93 108,O O
761,2.751840602036944,93 189,O O
762,1.630565566447974,93 190,O Si
763,2.583675801919542,93 195,O O
764,2.6997963405225507,94 31,O O
765,2.81663980040234,94 72,O O
766,2.6432940863222383,94 79,O O
767,1.6668726068791107,94 87,O Si
768,2.475939644562725,94 91,O O
769,2.68864638331915,94 102,O O
770,1.646313038575786,94 196,O Si
771,2.9701035805615117,94 197,O O
772,1.63626247762701,95 88,O Si
773,2.5764220823425767,95 97,O O
774,2.8197339074866528,95 98,O O
775,1.6360909604223606,95 100,O Si
776,2.6905068098650404,95 102,O O
777,2.649601237552596,95 103,O O
778,2.6739261653357858,95 107,O O
779,2.5412716722828184,95 188,O O
780,3.1370231406780897,96 40,Si Si
781,1.6186316086376362,96 47,Si O
782,2.9379437749816497,96 77,Si Si
783,3.0006213137157163,96 88,Si Si
784,1.6403311224672308,96 89,Si O
785,1.5946995298337647,96 101,Si O
786,1.6161520299654664,96 103,Si O
787,2.873660241932898,96 212,Si Si
788,2.5915793590652894,97 48,O O
789,2.6969687995789093,97 49,O O
790,1.6322815847886047,97 52,O Si
791,2.7182567237965127,97 84,O O
792,2.5764220823425767,97 95,O O
793,2.680616218052393,97 98,O O
794,1.6269157095687314,97 100,O Si
795,2.7864829822205213,97 188,O O
796,2.5920413024478917,98 82,O O
797,2.8197339074866528,98 95,O O
798,2.680616218052393,98 97,O O
799,1.6364735918302602,98 100,O Si
800,2.7617439427793964,98 183,O O
801,2.5910256477318714,98 188,O O
802,2.6641330811251813,98 192,O O
803,1.645380262019113,98 215,O Si
804,2.5465156122388235,99 54,O O
805,2.646293348903679,99 57,O O
806,2.6038934813151795,99 73,O O
807,1.6022452472098065,99 75,O Si
808,1.5923040618247564,99 86,O Si
809,2.6960609028993177,99 101,O O
810,2.5744535419692296,99 104,O O
811,2.5302996999081353,99 105,O O
812,2.6736755431202037,99 108,O O
813,3.2029113911206104,100 52,Si Si
814,2.99921282432364,100 88,Si Si
815,1.6360909604223606,100 95,Si O
816,1.6269157095687314,100 97,Si O
817,1.6364735918302602,100 98,Si O
818,1.6391739730860089,100 188,Si O
819,3.010868837460709,100 212,Si Si
820,3.097466016012628,100 215,Si Si
821,2.571710648468427,101 26,O O
822,2.5454834292881707,101 47,O O
823,2.6273326090464657,101 73,O O
824,2.623009537837989,101 76,O O
825,1.6053650403692683,101 77,O Si
826,2.551596292947666,101 89,O O
827,1.5946995298337647,101 96,O Si
828,2.6960609028993177,101 99,O O
829,2.674270387543078,101 103,O O
830,2.594663472826793,102 72,O O
831,2.5640755744961434,102 79,O O
832,1.6061690311640946,102 87,O Si
833,1.6028746442569706,102 88,O Si
834,2.508278060184673,102 91,O O
835,2.68864638331915,102 94,O O
836,2.6905068098650404,102 95,O O
837,2.715153953173926,102 103,O O
838,2.4927439969163405,102 107,O O
839,2.625887577723121,103 47,O O
840,1.6235058801975821,103 88,O Si
841,2.625998186655898,103 89,O O
842,2.8587073866303867,103 91,O O
843,2.649601237552596,103 95,O O
844,1.6161520299654664,103 96,O Si
845,2.674270387543078,103 101,O O
846,2.715153953173926,103 102,O O
847,2.57845410571693,103 107,O O
848,1.6051571745531577,104 86,O Si
849,1.614743042422612,104 90,O Si
850,2.6309549533455603,104 93,O O
851,2.5744535419692296,104 99,O O
852,2.6564445046304033,104 105,O O
853,2.5805271703642982,104 106,O O
854,2.600221977095447,104 107,O O
855,2.6018025969243235,104 108,O O
856,2.7793420951261987,105 74,O O
857,1.6307035342481844,105 80,O Si
858,1.6107353912081765,105 86,O Si
859,2.5302996999081353,105 99,O O
860,2.6564445046304033,105 104,O O
861,2.723453594604872,105 108,O O
862,2.6197572930142012,105 186,O O
863,2.554541118683579,105 199,O O
864,2.976391589205289,105 204,O O
865,2.6598680295629302,106 51,O O
866,1.6140321351709566,106 85,O Si
867,1.5966998948457407,106 90,O Si
868,2.7080885802086105,106 92,O O
869,2.7266091004349082,106 93,O O
870,2.5805271703642982,106 104,O O
871,2.547305231888167,106 107,O O
872,2.4520013347274547,106 201,O O
873,1.5925456446899584,107 88,O Si
874,1.5870533458954321,107 90,O Si
875,2.622252821277376,107 93,O O
876,2.6739261653357858,107 95,O O
877,2.4927439969163405,107 102,O O
878,2.57845410571693,107 103,O O
879,2.600221977095447,107 104,O O
880,2.547305231888167,107 106,O O
881,1.629266718517483,108 86,O Si
882,2.561412846002005,108 93,O O
883,2.6736755431202037,108 99,O O
884,2.6018025969243235,108 104,O O
885,2.723453594604872,108 105,O O
886,2.732167536826546,108 189,O O
887,1.633493257250732,108 190,O Si
888,2.6561265422576295,108 195,O O
889,1.5729654717571397,109 110,O Si
890,2.656844101807776,109 111,O O
891,1.8235989671672497,109 112,O Si
892,2.6411076772700817,109 113,O O
893,2.521748036652135,109 116,O O
894,2.7340856066729406,109 118,O O
895,2.4725018770093916,109 120,O O
896,3.1786729386868364,110 27,Si Si
897,1.5729654717571397,110 109,Si O
898,1.6485663611522168,110 111,Si O
899,3.304265335284666,110 112,Si Si
900,1.6604748343231899,110 113,Si O
901,3.1771101024809574,110 117,Si Si
902,1.6443111916911088,110 118,Si O
903,2.9639736479130314,110 121,Si Si
904,2.656844101807776,111 109,O O
905,1.6485663611522168,111 110,O Si
906,2.737895189495496,111 113,O O
907,2.6412655864248995,111 114,O O
908,1.6118385124800387,111 117,O Si
909,2.6398414316865506,111 118,O O
910,2.7030875778743533,111 119,O O
911,2.6465159391497726,111 129,O O
912,1.8235989671672497,112 109,Si O
913,3.304265335284666,112 110,Si Si
914,3.2011269106517615,112 115,Si Si
915,1.6783927731167623,112 116,Si O
916,1.6469833329144858,112 120,Si O
917,3.192637544501073,112 125,Si Si
918,1.88438849047927,112 158,Si O
919,3.159394755885009,112 174,Si Si
920,2.702667377128006,113 22,O O
921,2.6411076772700817,113 109,O O
922,1.6604748343231899,113 110,O Si
923,2.737895189495496,113 111,O O
924,2.5549214749221987,113 118,O O
925,1.6138551393017166,113 121,O Si
926,2.7018825311453702,113 136,O O
927,2.571929054294245,113 159,O O
928,2.6412655864248995,114 111,O O
929,1.6286265629443768,114 115,O Si
930,2.6241647789619846,114 116,O O
931,1.616073134336774,114 117,O Si
932,2.731751487834335,114 119,O O
933,2.5422036066032594,114 129,O O
934,2.6136553412547157,114 131,O O
935,2.7320649826867203,114 160,O O
936,3.2011269106517615,115 112,Si Si
937,1.6286265629443768,115 114,Si O
938,1.5894971776026385,115 116,Si O
939,3.074416011545077,115 117,Si Si
940,1.6126816664612427,115 131,Si O
941,1.641548500316426,115 160,Si O
942,2.967207246377198,115 163,Si Si
943,2.9653277517879397,115 169,Si Si
944,2.521748036652135,116 109,O O
945,1.6783927731167623,116 112,O Si
946,2.6241647789619846,116 114,O O
947,1.5894971776026385,116 115,O Si
948,2.7605372046293715,116 120,O O
949,2.6095040173429513,116 131,O O
950,2.5528761896425576,116 158,O O
951,2.7054587523379086,116 160,O O
952,3.1771101024809574,117 110,Si Si
953,1.6118385124800387,117 111,Si O
954,1.616073134336774,117 114,Si O
955,3.074416011545077,117 115,Si Si
956,1.6580538592777003,117 119,Si O
957,3.243849438960194,117 127,Si Si
958,1.6251279476199696,117 129,Si O
959,3.119813865806164,117 138,Si Si
960,2.721432625096626,118 15,O O
961,2.654605521490587,118 17,O O
962,1.5961855720603266,118 27,O Si
963,2.7340856066729406,118 109,O O
964,1.6443111916911088,118 110,O Si
965,2.6398414316865506,118 111,O O
966,2.5549214749221987,118 113,O O
967,2.635040869863117,118 132,O O
968,2.6824894334460443,119 7,O O
969,2.7030875778743533,119 111,O O
970,2.731751487834335,119 114,O O
971,1.6580538592777003,119 117,O Si
972,2.7209716998254705,119 126,O O
973,1.6277105654167185,119 127,O Si
974,2.6742810568246824,119 129,O O
975,2.7423538349207277,119 130,O O
976,2.4725018770093916,120 109,O O
977,1.6469833329144858,120 112,O Si
978,2.7605372046293715,120 116,O O
979,2.5661428249842695,120 124,O O
980,1.5591542645192331,120 125,O Si
981,2.7368501349110037,120 134,O O
982,2.5841815717033447,120 148,O O
983,2.5413090010776926,120 158,O O
984,3.1521050967636635,121 20,Si Si
985,1.624037815328786,121 22,Si O
986,2.9639736479130314,121 110,Si Si
987,1.6138551393017166,121 113,Si O
988,1.6180594665819237,121 136,Si O
989,3.030738879460222,121 154,Si Si
990,1.5751784643662838,121 159,Si O
991,3.0908289599540315,121 169,Si Si
992,1.6295087324269142,122 123,O Si
993,2.5712948713851955,122 124,O O
994,2.7410765854733308,122 126,O O
995,2.579485948753523,122 128,O O
996,1.6222038526260434,122 133,O Si
997,2.760477712965419,122 137,O O
998,2.6261944620808815,122 162,O O
999,2.542818203854504,122 183,O O
1000,1.6295087324269142,123 122,Si O
1001,1.638098523224906,123 126,Si O
1002,3.2331945623696567,123 127,Si Si
1003,2.9592843866344287,123 133,Si Si
1004,1.616673103291936,123 162,Si O
1005,2.9388947694418635,123 167,Si Si
1006,1.6398734169090907,123 183,Si O
1007,3.134082839090247,123 215,Si Si
1008,2.5661428249842695,124 120,O O
1009,2.5712948713851955,124 122,O O
1010,1.6310191360306452,124 125,O Si
1011,2.7751994306075036,124 128,O O
1012,1.5974775903028062,124 133,O Si
1013,2.5419820426905018,124 134,O O
1014,2.5666329980096143,124 137,O O
1015,2.769935879682613,124 148,O O
1016,2.9666138440545935,125 29,Si Si
1017,3.192637544501073,125 112,Si Si
1018,1.5591542645192331,125 120,Si O
1019,1.6310191360306452,125 124,Si O
1020,3.0041934447039256,125 133,Si Si
1021,1.6424806983141234,125 134,Si O
1022,3.120415079592176,125 147,Si Si
1023,1.6228140113473355,125 148,Si O
1024,2.6774633553460414,126 7,O O
1025,2.7209716998254705,126 119,O O
1026,2.7410765854733308,126 122,O O
1027,1.638098523224906,126 123,O Si
1028,1.6541505563532344,126 127,O Si
1029,2.7004708654361793,126 130,O O
1030,2.5637455535987734,126 162,O O
1031,2.8526691107151465,126 183,O O
1032,2.935773475774809,127 0,Si Si
1033,1.6385892430974696,127 7,Si O
1034,3.048736018946055,127 53,Si Si
1035,3.243849438960194,127 117,Si Si
1036,1.6277105654167185,127 119,Si O
1037,3.2331945623696567,127 123,Si Si
1038,1.6541505563532344,127 126,Si O
1039,1.6466811558661798,127 130,Si O
1040,2.579485948753523,128 122,O O
1041,2.7751994306075036,128 124,O O
1042,1.6399082261021134,128 133,O Si
1043,2.621000162557999,128 137,O O
1044,2.590713526069786,128 162,O O
1045,2.663629900168727,128 164,O O
1046,1.6335964707236696,128 167,O Si
1047,2.7727556180525124,128 178,O O
1048,2.6465159391497726,129 111,O O
1049,2.5422036066032594,129 114,O O
1050,1.6251279476199696,129 117,O Si
1051,2.6742810568246824,129 119,O O
1052,2.5846606103286165,129 135,O O
1053,1.5966223841229183,129 138,O Si
1054,2.665783792113502,129 141,O O
1055,2.6612921774927107,129 145,O O
1056,2.5437738709177373,130 7,O O
1057,2.5827873690795142,130 21,O O
1058,1.6374928854970665,130 53,O Si
1059,2.6688589489760717,130 58,O O
1060,2.769092469977635,130 84,O O
1061,2.7423538349207277,130 119,O O
1062,2.7004708654361793,130 126,O O
1063,1.6466811558661798,130 127,O Si
1064,2.853390565152206,130 182,O O
1065,2.57554419497447,131 23,O O
1066,2.634089222168879,131 78,O O
1067,2.6136553412547157,131 114,O O
1068,1.6126816664612427,131 115,O Si
1069,2.6095040173429513,131 116,O O
1070,2.556281400425438,131 160,O O
1071,1.5989431055614893,131 163,O Si
1072,2.654261850016329,131 175,O O
1073,2.5660410549329935,132 15,O O
1074,2.571584976591895,132 17,O O
1075,1.6005432192561875,132 27,O Si
1076,2.6986453233874528,132 66,O O
1077,2.635040869863117,132 118,O O
1078,2.627282707330138,132 161,O O
1079,2.549859807319715,132 179,O O
1080,1.5985694399385348,132 185,O Si
1081,1.6222038526260434,133 122,Si O
1082,2.9592843866344287,133 123,Si Si
1083,1.5974775903028062,133 124,Si O
1084,3.0041934447039256,133 125,Si Si
1085,1.6399082261021134,133 128,Si O
1086,1.6246297163253085,133 137,Si O
1087,3.0813871198695257,133 140,Si Si
1088,3.001957233404577,133 167,Si Si
1089,2.647471945491949,134 19,O O
1090,2.5159497226405176,134 25,O O
1091,1.59085659594996,134 29,O Si
1092,2.761047011274162,134 44,O O
1093,2.7368501349110037,134 120,O O
1094,2.5419820426905018,134 124,O O
1095,1.6424806983141234,134 125,O Si
1096,2.5982901952425377,134 148,O O
1097,2.5846606103286165,135 129,O O
1098,1.5951653872644147,135 138,O Si
1099,2.5693905487176543,135 141,O O
1100,2.5821776413117266,135 145,O O
1101,1.5804218658815339,135 157,O Si
1102,2.6357118505372297,135 182,O O
1103,2.5323437244873763,135 203,O O
1104,2.6744533290000407,135 207,O O
1105,2.648211710239583,136 22,O O
1106,2.5296713725676385,136 45,O O
1107,2.7018825311453702,136 113,O O
1108,1.6180594665819237,136 121,O Si
1109,2.645620241307032,136 139,O O
1110,1.5987002413954199,136 154,O Si
1111,2.4623626419395914,136 159,O O
1112,2.646024151356092,136 189,O O
1113,2.760477712965419,137 122,O O
1114,2.5666329980096143,137 124,O O
1115,2.621000162557999,137 128,O O
1116,1.6246297163253085,137 133,O Si
1117,1.6255956859490672,137 140,O Si
1118,2.7158546147872746,137 143,O O
1119,2.664168217698194,137 149,O O
1120,2.5822450709782045,137 152,O O
1121,3.119813865806164,138 117,Si Si
1122,1.5966223841229183,138 129,Si O
1123,1.5951653872644147,138 135,Si O
1124,1.6161152122709295,138 141,Si O
1125,3.045873117314856,138 142,Si Si
1126,1.6202120732285057,138 145,Si O
1127,3.1497304288944394,138 151,Si Si
1128,3.103271399851181,138 157,Si Si
1129,2.655854865082857,139 45,O O
1130,2.645620241307032,139 136,O O
1131,2.685402909467011,139 141,O O
1132,1.6256921144391536,139 142,O Si
1133,2.6238254415788984,139 143,O O
1134,2.7342886342054813,139 146,O O
1135,1.6237444000820744,139 154,O Si
1136,2.706805041609854,139 189,O O
1137,3.0813871198695257,140 133,Si Si
1138,1.6255956859490672,140 137,Si O
1139,3.0803690433162587,140 142,Si Si
1140,1.5994053067232825,140 143,Si O
1141,1.600042539968093,140 149,Si O
1142,1.6114491270548807,140 152,Si O
1143,2.958375786933411,140 205,Si Si
1144,2.9750230897616543,140 213,Si Si
1145,2.665783792113502,141 129,O O
1146,2.5693905487176543,141 135,O O
1147,1.6161152122709295,141 138,O Si
1148,2.685402909467011,141 139,O O
1149,1.6186836766061168,141 142,O Si
1150,2.7039094849024834,141 143,O O
1151,2.6739790278862934,141 145,O O
1152,2.531802486813417,141 146,O O
1153,3.045873117314856,142 138,Si Si
1154,1.6256921144391536,142 139,Si O
1155,3.0803690433162587,142 140,Si Si
1156,1.6186836766061168,142 141,Si O
1157,1.6195655129374482,142 143,Si O
1158,1.6111042854094142,142 146,Si O
1159,3.0539762786952105,142 147,Si Si
1160,3.190283685470097,142 154,Si Si
1161,2.7158546147872746,143 137,O O
1162,2.6238254415788984,143 139,O O
1163,1.5994053067232825,143 140,O Si
1164,2.7039094849024834,143 141,O O
1165,1.6195655129374482,143 142,O Si
1166,2.569811659358883,143 146,O O
1167,2.599489454781746,143 149,O O
1168,2.5954958208160126,143 152,O O
1169,2.7305582919507945,144 46,O O
1170,2.5057447122625987,144 50,O O
1171,2.7511261938816647,144 146,O O
1172,1.6255992696974058,144 147,O Si
1173,2.4932696184149674,144 148,O O
1174,2.698838847021677,144 150,O O
1175,2.61701727119717,144 155,O O
1176,1.6138981051172017,144 156,O Si
1177,2.65876985971328,145 48,O O
1178,2.6612921774927107,145 129,O O
1179,2.5821776413117266,145 135,O O
1180,1.6202120732285057,145 138,O Si
1181,2.6739790278862934,145 141,O O
1182,1.6138199961793933,145 151,O Si
1183,2.681802977647242,145 153,O O
1184,2.594747002551208,145 155,O O
1185,2.7342886342054813,146 139,O O
1186,2.531802486813417,146 141,O O
1187,1.6111042854094142,146 142,O Si
1188,2.569811659358883,146 143,O O
1189,2.7511261938816647,146 144,O O
1190,1.620742709419741,146 147,O Si
1191,2.628808153826302,146 148,O O
1192,2.4684591405015053,146 150,O O
1193,3.120415079592176,147 125,Si Si
1194,3.0539762786952105,147 142,Si Si
1195,1.6255992696974058,147 144,Si O
1196,1.620742709419741,147 146,Si O
1197,1.5936369474794874,147 148,Si O
1198,1.620498178634236,147 150,Si O
1199,3.0027413722100436,147 156,Si Si
1200,3.1060768883914447,147 209,Si Si
1201,2.5841815717033447,148 120,O O
1202,2.769935879682613,148 124,O O
1203,1.6228140113473355,148 125,O Si
1204,2.5982901952425377,148 134,O O
1205,2.4932696184149674,148 144,O O
1206,2.628808153826302,148 146,O O
1207,1.5936369474794874,148 147,O Si
1208,2.7664678811453336,148 150,O O
1209,2.6234530427464673,149 92,O O
1210,2.664168217698194,149 137,O O
1211,1.600042539968093,149 140,O Si
1212,2.599489454781746,149 143,O O
1213,2.5998463533653586,149 152,O O
1214,2.555729326893775,149 199,O O
1215,2.6545045579947053,149 204,O O
1216,1.601248414739196,149 213,O Si
1217,2.698838847021677,150 144,O O
1218,2.4684591405015053,150 146,O O
1219,1.620498178634236,150 147,O Si
1220,2.7664678811453336,150 148,O O
1221,2.6562350466879514,150 194,O O
1222,2.770542639109787,150 197,O O
1223,2.586263950092593,150 208,O O
1224,1.6126537796876437,150 209,O Si
1225,1.6043521712098254,151 48,Si O
1226,3.049476671003367,151 52,Si Si
1227,3.1497304288944394,151 138,Si Si
1228,1.6138199961793933,151 145,Si O
1229,1.622780423463105,151 153,Si O
1230,1.587879016148726,151 155,Si O
1231,3.154287729452241,151 156,Si Si
1232,3.035429629818683,151 205,Si Si
1233,2.5822450709782045,152 137,O O
1234,1.6114491270548807,152 140,O Si
1235,2.5954958208160126,152 143,O O
1236,2.5998463533653586,152 149,O O
1237,2.6429168337283993,152 153,O O
1238,2.635029789423402,152 191,O O
1239,1.6115049189418928,152 205,O Si
1240,2.5489346991485564,152 207,O O
1241,2.5977908198867166,153 48,O O
1242,2.681802977647242,153 145,O O
1243,1.622780423463105,153 151,O Si
1244,2.6429168337283993,153 152,O O
1245,2.634446658048035,153 155,O O
1246,2.6806801040585544,153 191,O O
1247,1.6073513770830181,153 205,O Si
1248,2.6152596460323747,153 207,O O
1249,3.1140155608178888,154 35,Si Si
1250,1.621503650673602,154 45,Si O
1251,3.030738879460222,154 121,Si Si
1252,1.5987002413954199,154 136,Si O
1253,1.6237444000820744,154 139,Si O
1254,3.190283685470097,154 142,Si Si
1255,1.6438860810237432,154 189,Si O
1256,3.1084529166008585,154 190,Si Si
1257,2.5670305413030454,155 46,O O
1258,2.5773776608822985,155 48,O O
1259,2.670058111146635,155 50,O O
1260,2.61701727119717,155 144,O O
1261,2.594747002551208,155 145,O O
1262,1.587879016148726,155 151,O Si
1263,2.634446658048035,155 153,O O
1264,1.601047360276213,155 156,O Si
1265,3.1854342392177557,156 28,Si Si
1266,3.0058305646736385,156 40,Si Si
1267,1.6148931692863258,156 46,Si O
1268,1.6207418109876963,156 50,Si O
1269,1.6138981051172017,156 144,Si O
1270,3.0027413722100436,156 147,Si Si
1271,3.154287729452241,156 151,Si Si
1272,1.601047360276213,156 155,Si O
1273,1.5804218658815339,157 135,Si O
1274,3.103271399851181,157 138,Si Si
1275,2.7577533886430716,157 176,Si Si
1276,1.6055050217553213,157 182,Si O
1277,1.6028550660480954,157 203,Si O
1278,2.8972756223311693,157 205,Si Si
1279,3.072135282134251,157 206,Si Si
1280,1.6108194328876244,157 207,Si O
1281,1.88438849047927,158 112,O Si
1282,2.5528761896425576,158 116,O O
1283,2.5413090010776926,158 120,O O
1284,2.6004414912567966,158 168,O O
1285,1.58058670775135,158 174,O Si
1286,2.6523813256634305,158 175,O O
1287,2.854043232083192,158 180,O O
1288,2.6467685753136303,159 22,O O
1289,2.571929054294245,159 113,O O
1290,1.5751784643662838,159 121,O Si
1291,2.4623626419395914,159 136,O O
1292,2.4844086043993676,159 160,O O
1293,1.5746779288243526,159 169,O Si
1294,2.528343225690959,159 172,O O
1295,2.648692278319008,159 181,O O
1296,2.7320649826867203,160 114,O O
1297,1.641548500316426,160 115,O Si
1298,2.7054587523379086,160 116,O O
1299,2.556281400425438,160 131,O O
1300,2.4844086043993676,160 159,O O
1301,1.6185917506324659,160 169,O Si
1302,2.6818724257451287,160 172,O O
1303,2.7801636828467284,160 181,O O
1304,2.585768862810715,161 66,O O
1305,2.627282707330138,161 132,O O
1306,2.615358250584918,161 179,O O
1307,1.6048686697184245,161 185,O Si
1308,2.5568160002297855,161 201,O O
1309,2.6234114570700187,161 203,O O
1310,1.6024413322051867,161 206,O Si
1311,2.642022655143545,161 210,O O
1312,2.6261944620808815,162 122,O O
1313,1.616673103291936,162 123,O Si
1314,2.5637455535987734,162 126,O O
1315,2.590713526069786,162 128,O O
1316,2.664161692735326,162 164,O O
1317,1.6213134502159778,162 167,O Si
1318,2.6122372216559735,162 178,O O
1319,2.6208860826792377,162 183,O O
1320,2.985612502903455,163 9,Si Si
1321,1.626178660091305,163 23,Si O
1322,3.1214777739678006,163 64,Si Si
1323,1.6143989744304506,163 78,Si O
1324,2.967207246377198,163 115,Si Si
1325,1.5989431055614893,163 131,Si O
1326,3.0899884460771108,163 174,Si Si
1327,1.5958810740981937,163 175,Si O
1328,2.663629900168727,164 128,O O
1329,2.664161692735326,164 162,O O
1330,2.568593313535848,164 165,O O
1331,1.6048954774666142,164 166,O Si
1332,1.60874757635863,164 167,O Si
1333,2.708952246422225,164 171,O O
1334,2.5523637671948105,164 178,O O
1335,2.640544723724933,164 179,O O
1336,2.568593313535848,165 164,O O
1337,1.6006103949756063,165 166,O Si
1338,2.488646186756631,165 171,O O
1339,1.6065955703618728,165 176,O Si
1340,2.6957326582061834,165 177,O O
1341,2.7179762181214184,165 179,O O
1342,2.507670073470204,165 182,O O
1343,2.6736058054007477,165 184,O O
1344,1.6048954774666142,166 164,Si O
1345,1.6006103949756063,166 165,Si O
1346,2.8854629378253986,166 167,Si Si
1347,3.030854866520791,166 170,Si Si
1348,1.592169947282828,166 171,Si O
1349,2.9080563845861964,166 176,Si Si
1350,1.5983481081777553,166 179,Si O
1351,3.0592590292782105,166 185,Si Si
1352,2.9388947694418635,167 123,Si Si
1353,1.6335964707236696,167 128,Si O
1354,3.001957233404577,167 133,Si Si
1355,1.6213134502159778,167 162,Si O
1356,1.60874757635863,167 164,Si O
1357,2.8854629378253986,167 166,Si Si
1358,1.6133467342130428,167 178,Si O
1359,3.0611984898508724,167 187,Si Si
1360,2.6004414912567966,168 158,O O
1361,1.5862308567332781,168 170,O Si
1362,2.521825722557812,168 171,O O
1363,2.555485978390151,168 172,O O
1364,2.766455787619064,168 173,O O
1365,1.6301100395426698,168 174,O Si
1366,2.663226818955697,168 175,O O
1367,2.4950925429322535,168 180,O O
1368,2.9653277517879397,169 115,Si Si
1369,3.0908289599540315,169 121,Si Si
1370,1.5746779288243526,169 159,Si O
1371,1.6185917506324659,169 160,Si O
1372,2.9609431278429033,169 170,Si Si
1373,1.5950005250085408,169 172,Si O
1374,1.6086134758827202,169 181,Si O
1375,3.159841776390308,169 200,Si Si
1376,3.0746012813109043,170 83,Si Si
1377,3.030854866520791,170 166,Si Si
1378,1.5862308567332781,170 168,Si O
1379,2.9609431278429033,170 169,Si Si
1380,1.600688115659,170 171,Si O
1381,1.5858844311023874,170 172,Si O
1382,1.6097549996995908,170 173,Si O
1383,2.9809579913996576,170 174,Si Si
1384,2.708952246422225,171 164,O O
1385,2.488646186756631,171 165,O O
1386,1.592169947282828,171 166,O Si
1387,2.521825722557812,171 168,O O
1388,1.600688115659,171 170,O Si
1389,2.6376402992300947,171 172,O O
1390,2.6076240848521346,171 173,O O
1391,2.5266635288440216,171 179,O O
1392,2.528343225690959,172 159,O O
1393,2.6818724257451287,172 160,O O
1394,2.555485978390151,172 168,O O
1395,1.5950005250085408,172 169,O Si
1396,1.5858844311023874,172 170,O Si
1397,2.6376402992300947,172 171,O O
1398,2.5304467570251425,172 173,O O
1399,2.5192954432724637,172 181,O O
1400,2.6263817415463464,173 57,O O
1401,2.747671398689678,173 71,O O
1402,1.5949542887397965,173 83,O Si
1403,2.766455787619064,173 168,O O
1404,1.6097549996995908,173 170,O Si
1405,2.6076240848521346,173 171,O O
1406,2.5304467570251425,173 172,O O
1407,2.541498732675419,173 186,O O
1408,3.159394755885009,174 112,Si Si
1409,1.58058670775135,174 158,Si O
1410,3.0899884460771108,174 163,Si Si
1411,1.6301100395426698,174 168,Si O
1412,2.9809579913996576,174 170,Si Si
1413,1.6311530286805296,174 175,Si O
1414,1.6634091825282915,174 180,Si O
1415,3.115948078007315,174 187,Si Si
1416,2.692992529615116,175 23,O O
1417,2.5791061465379386,175 78,O O
1418,2.654261850016329,175 131,O O
1419,2.6523813256634305,175 158,O O
1420,1.5958810740981937,175 163,O Si
1421,2.663226818955697,175 168,O O
1422,1.6311530286805296,175 174,O Si
1423,2.6139993441704097,175 180,O O
1424,3.0559469173842104,176 81,Si Si
1425,2.7577533886430716,176 157,Si Si
1426,1.6065955703618728,176 165,Si O
1427,2.9080563845861964,176 166,Si Si
1428,1.5953099776150732,176 177,Si O
1429,1.6099386453068096,176 182,Si O
1430,1.6006376665764175,176 184,Si O
1431,3.1769140169852124,176 200,Si Si
1432,2.6111516873979235,177 56,O O
1433,2.5598695068080506,177 58,O O
1434,2.7134078149406373,177 79,O O
1435,1.6038636754827862,177 81,O Si
1436,2.6957326582061834,177 165,O O
1437,1.5953099776150732,177 176,O Si
1438,2.6867926644093822,177 182,O O
1439,2.5416744758444043,177 184,O O
1440,2.7727556180525124,178 128,O O
1441,2.6122372216559735,178 162,O O
1442,2.5523637671948105,178 164,O O
1443,1.6133467342130428,178 167,O Si
1444,2.7705947269397964,178 180,O O
1445,1.6278038092299973,178 187,O Si
1446,2.6012295109686985,178 192,O O
1447,2.507697661491973,178 214,O O
1448,2.6598884592418055,179 66,O O
1449,2.958119574397042,179 71,O O
1450,2.549859807319715,179 132,O O
1451,2.615358250584918,179 161,O O
1452,2.640544723724933,179 164,O O
1453,2.7179762181214184,179 165,O O
1454,1.5983481081777553,179 166,O Si
1455,2.5266635288440216,179 171,O O
1456,1.610803300124217,179 185,O Si
1457,2.854043232083192,180 158,O O
1458,2.4950925429322535,180 168,O O
1459,1.6634091825282915,180 174,O Si
1460,2.6139993441704097,180 175,O O
1461,2.7705947269397964,180 178,O O
1462,1.6074791007497047,180 187,O Si
1463,2.721498567616939,180 192,O O
1464,2.570533539860434,180 214,O O
1465,2.648692278319008,181 159,O O
1466,2.7801636828467284,181 160,O O
1467,1.6086134758827202,181 169,O Si
1468,2.5192954432724637,181 172,O O
1469,2.586779714539811,181 184,O O
1470,1.6010393756015455,181 200,O Si
1471,2.767663379970551,181 210,O O
1472,2.5225474839810023,181 211,O O
1473,2.853390565152206,182 130,O O
1474,2.6357118505372297,182 135,O O
1475,1.6055050217553213,182 157,O Si
1476,2.507670073470204,182 165,O O
1477,1.6099386453068096,182 176,O Si
1478,2.6867926644093822,182 177,O O
1479,2.588928057513495,182 184,O O
1480,2.6651280482197044,182 203,O O
1481,2.5077046222980957,182 207,O O
1482,2.5819859804055607,183 82,O O
1483,2.7617439427793964,183 98,O O
1484,2.542818203854504,183 122,O O
1485,1.6398734169090907,183 123,O Si
1486,2.8526691107151465,183 126,O O
1487,2.6208860826792377,183 162,O O
1488,2.732347190819235,183 192,O O
1489,1.6381140129189824,183 215,O Si
1490,2.6736058054007477,184 165,O O
1491,1.6006376665764175,184 176,O Si
1492,2.5416744758444043,184 177,O O
1493,2.586779714539811,184 181,O O
1494,2.588928057513495,184 182,O O
1495,1.593689685316099,184 200,O Si
1496,2.8682407243859798,184 203,O O
1497,2.614774650975235,184 210,O O
1498,2.649942028418445,184 211,O O
1499,3.069888305204377,185 27,Si Si
1500,3.027391635506602,185 65,Si Si
1501,1.6127337483017365,185 66,Si O
1502,1.5985694399385348,185 132,Si O
1503,1.6048686697184245,185 161,Si O
1504,3.0592590292782105,185 166,Si Si
1505,1.610803300124217,185 179,Si O
1506,2.995888164401304,185 206,Si Si
1507,2.6192388594874196,186 57,O O
1508,2.6837605088281857,186 71,O O
1509,2.5606074611615375,186 74,O O
1510,1.6135138021406057,186 80,O Si
1511,1.6226854093264402,186 83,O Si
1512,2.6197572930142012,186 105,O O
1513,2.541498732675419,186 173,O O
1514,2.7367155222153032,186 199,O O
1515,3.0611984898508724,187 167,Si Si
1516,3.115948078007315,187 174,Si Si
1517,1.6278038092299973,187 178,Si O
1518,1.6074791007497047,187 180,Si O
1519,1.6246586903932845,187 192,Si O
1520,3.0334439400390654,187 202,Si Si
1521,1.5998144698391097,187 214,Si O
1522,3.199396686600301,187 215,Si Si
1523,2.7349712524892635,188 89,O O
1524,2.683148590505997,188 91,O O
1525,2.5412716722828184,188 95,O O
1526,2.7864829822205213,188 97,O O
1527,2.5910256477318714,188 98,O O
1528,1.6391739730860089,188 100,O Si
1529,2.637483185121151,188 208,O O
1530,1.6192888119822137,188 212,O Si
1531,2.6998628852808193,189 45,O O
1532,2.751840602036944,189 93,O O
1533,2.732167536826546,189 108,O O
1534,2.646024151356092,189 136,O O
1535,2.706805041609854,189 139,O O
1536,1.6438860810237432,189 154,O Si
1537,1.6301117317383966,189 190,O Si
1538,2.6129439417648603,189 195,O O
1539,3.018010982932067,190 86,Si Si
1540,2.9565142999001144,190 90,Si Si
1541,1.630565566447974,190 93,Si O
1542,1.633493257250732,190 108,Si O
1543,3.1084529166008585,190 154,Si Si
1544,1.6301117317383966,190 189,Si O
1545,1.6019554656741606,190 195,Si O
1546,3.0542523051602033,190 198,Si Si
1547,2.635029789423402,191 152,O O
1548,2.6806801040585544,191 153,O O
1549,2.7034920995673413,191 193,O O
1550,1.629552363251521,191 202,O Si
1551,2.6172539159870434,191 204,O O
1552,1.6029412931511642,191 205,O Si
1553,2.5986324161488277,191 207,O O
1554,2.625205145558187,191 214,O O
1555,2.537090911699971,192 82,O O
1556,2.6641330811251813,192 98,O O
1557,2.6012295109686985,192 178,O O
1558,2.721498567616939,192 180,O O
1559,2.732347190819235,192 183,O O
1560,1.6246586903932845,192 187,O Si
1561,2.6182621151472363,192 214,O O
1562,1.6169878420103256,192 215,O Si
1563,2.7034920995673413,193 191,O O
1564,2.7580911837084603,193 194,O O
1565,2.585138894490577,193 195,O O
1566,1.5990215567914214,193 198,O Si
1567,1.5928511255715236,193 202,O Si
1568,2.5833187136809426,193 204,O O
1569,2.543373004816001,193 211,O O
1570,2.511313833078915,193 214,O O
1571,2.6562350466879514,194 150,O O
1572,2.7580911837084603,194 193,O O
1573,2.5608364450234533,194 195,O O
1574,2.664015044628359,194 197,O O
1575,1.612841448701268,194 198,O Si
1576,2.5650356254766233,194 208,O O
1577,1.609877350068207,194 209,O Si
1578,2.6482524316477045,194 211,O O
1579,2.583675801919542,195 93,O O
1580,2.6561265422576295,195 108,O O
1581,2.6129439417648603,195 189,O O
1582,1.6019554656741606,195 190,O Si
1583,2.585138894490577,195 193,O O
1584,2.5608364450234533,195 194,O O
1585,1.6027410772618147,195 198,O Si
1586,2.6241121129717397,195 211,O O
1587,1.6242056334078296,196 31,Si O
1588,2.9722315468058333,196 40,Si Si
1589,3.0136361474652524,196 87,Si Si
1590,1.6028691290099746,196 91,Si O
1591,1.646313038575786,196 94,Si O
1592,1.6464199646346562,196 197,Si O
1593,3.011272488990454,196 209,Si Si
1594,3.0215996394234894,196 212,Si Si
1595,2.5611808377744145,197 31,O O
1596,2.502736530609547,197 91,O O
1597,2.9701035805615117,197 94,O O
1598,2.770542639109787,197 150,O O
1599,2.664015044628359,197 194,O O
1600,1.6464199646346562,197 196,O Si
1601,2.6712286736784736,197 208,O O
1602,1.6550289507025595,197 209,O Si
1603,3.0542523051602033,198 190,Si Si
1604,1.5990215567914214,198 193,Si O
1605,1.612841448701268,198 194,Si O
1606,1.6027410772618147,198 195,Si O
1607,2.8692425728389286,198 200,Si Si
1608,3.1616761190386757,198 202,Si Si
1609,3.038057344599373,198 209,Si Si
1610,1.6088284923121958,198 211,Si O
1611,2.557116696050402,199 74,O O
1612,1.6054828478489107,199 80,O Si
1613,2.682936124369785,199 92,O O
1614,2.554541118683579,199 105,O O
1615,2.555729326893775,199 149,O O
1616,2.7367155222153032,199 186,O O
1617,2.606161507466319,199 204,O O
1618,1.6092172383486165,199 213,O Si
1619,3.159841776390308,200 169,Si Si
1620,3.1769140169852124,200 176,Si Si
1621,1.6010393756015455,200 181,Si O
1622,1.593689685316099,200 184,Si O
1623,2.8692425728389286,200 198,Si Si
1624,3.0663539496348866,200 206,Si Si
1625,1.6458041819516442,200 210,Si O
1626,1.6164526333643578,200 211,Si O
1627,2.8380679549760557,201 51,O O
1628,1.6304220406487597,201 85,O Si
1629,2.605498044211725,201 92,O O
1630,2.4520013347274547,201 106,O O
1631,2.5568160002297855,201 161,O O
1632,2.58970727073408,201 203,O O
1633,1.631802263244932,201 206,O Si
1634,2.847320411665144,201 210,O O
1635,3.0334439400390654,202 187,Si Si
1636,1.629552363251521,202 191,Si O
1637,1.5928511255715236,202 193,Si O
1638,3.1616761190386757,202 198,Si Si
1639,1.604934029043208,202 204,Si O
1640,2.9858099635621342,202 205,Si Si
1641,3.187097275936225,202 213,Si Si
1642,1.584312530248264,202 214,Si O
1643,2.5323437244873763,203 135,O O
1644,1.6028550660480954,203 157,O Si
1645,2.6234114570700187,203 161,O O
1646,2.6651280482197044,203 182,O O
1647,2.8682407243859798,203 184,O O
1648,2.58970727073408,203 201,O O
1649,1.60373362757698,203 206,O Si
1650,2.6539314691196063,203 207,O O
1651,2.5905652561354904,203 210,O O
1652,2.6409188021510923,204 92,O O
1653,2.976391589205289,204 105,O O
1654,2.6545045579947053,204 149,O O
1655,2.6172539159870434,204 191,O O
1656,2.5833187136809426,204 193,O O
1657,2.606161507466319,204 199,O O
1658,1.604934029043208,204 202,O Si
1659,1.6045623794039172,204 213,O Si
1660,2.660850145061212,204 214,O O
1661,2.958375786933411,205 140,Si Si
1662,3.035429629818683,205 151,Si Si
1663,1.6115049189418928,205 152,Si O
1664,1.6073513770830181,205 153,Si O
1665,2.8972756223311693,205 157,Si Si
1666,1.6029412931511642,205 191,Si O
1667,2.9858099635621342,205 202,Si Si
1668,1.600087634106681,205 207,Si O
1669,2.9793382753604867,206 85,Si Si
1670,3.072135282134251,206 157,Si Si
1671,1.6024413322051867,206 161,Si O
1672,2.995888164401304,206 185,Si Si
1673,3.0663539496348866,206 200,Si Si
1674,1.631802263244932,206 201,Si O
1675,1.60373362757698,206 203,Si O
1676,1.6409288934131754,206 210,Si O
1677,2.6744533290000407,207 135,O O
1678,2.5489346991485564,207 152,O O
1679,2.6152596460323747,207 153,O O
1680,1.6108194328876244,207 157,O Si
1681,2.5077046222980957,207 182,O O
1682,2.5986324161488277,207 191,O O
1683,2.6539314691196063,207 203,O O
1684,1.600087634106681,207 205,O Si
1685,2.710390433213332,208 89,O O
1686,2.5733167790224347,208 91,O O
1687,2.586263950092593,208 150,O O
1688,2.637483185121151,208 188,O O
1689,2.5650356254766233,208 194,O O
1690,2.6712286736784736,208 197,O O
1691,1.6260380307348088,208 209,O Si
1692,1.5976644965105442,208 212,O Si
1693,3.1060768883914447,209 147,Si Si
1694,1.6126537796876437,209 150,Si O
1695,1.609877350068207,209 194,Si O
1696,3.011272488990454,209 196,Si Si
1697,1.6550289507025595,209 197,Si O
1698,3.038057344599373,209 198,Si Si
1699,1.6260380307348088,209 208,Si O
1700,2.9123819852353585,209 212,Si Si
1701,2.642022655143545,210 161,O O
1702,2.767663379970551,210 181,O O
1703,2.614774650975235,210 184,O O
1704,1.6458041819516442,210 200,O Si
1705,2.847320411665144,210 201,O O
1706,2.5905652561354904,210 203,O O
1707,1.6409288934131754,210 206,O Si
1708,2.665617421643907,210 211,O O
1709,2.5225474839810023,211 181,O O
1710,2.649942028418445,211 184,O O
1711,2.543373004816001,211 193,O O
1712,2.6482524316477045,211 194,O O
1713,2.6241121129717397,211 195,O O
1714,1.6088284923121958,211 198,O Si
1715,1.6164526333643578,211 200,O Si
1716,2.665617421643907,211 210,O O
1717,3.396960563108958,212 88,Si Si
1718,1.618705854117524,212 89,Si O
1719,1.6132264494305995,212 91,Si O
1720,2.873660241932898,212 96,Si Si
1721,3.010868837460709,212 100,Si Si
1722,1.6192888119822137,212 188,Si O
1723,3.0215996394234894,212 196,Si Si
1724,1.5976644965105442,212 208,Si O
1725,2.9123819852353585,212 209,Si Si
1726,2.9020724610657296,213 80,Si Si
1727,3.0538912491521106,213 85,Si Si
1728,1.621776855799016,213 92,Si O
1729,2.9750230897616543,213 140,Si Si
1730,1.601248414739196,213 149,Si O
1731,1.6092172383486165,213 199,Si O
1732,3.187097275936225,213 202,Si Si
1733,1.6045623794039172,213 204,Si O
1734,2.507697661491973,214 178,O O
1735,2.570533539860434,214 180,O O
1736,1.5998144698391097,214 187,O Si
1737,2.625205145558187,214 191,O O
1738,2.6182621151472363,214 192,O O
1739,2.511313833078915,214 193,O O
1740,1.584312530248264,214 202,O Si
1741,2.660850145061212,214 204,O O
1742,3.156180386435746,215 68,Si Si
1743,1.5855747747869082,215 82,Si O
1744,1.645380262019113,215 98,Si O
1745,3.097466016012628,215 100,Si Si
1746,3.134082839090247,215 123,Si Si
1747,1.6381140129189824,215 183,Si O
1748,3.199396686600301,215 187,Si Si
1749,1.6169878420103256,215 192,Si O
